{
  "type": "FeatureCollection",
  "features": [
    {
      "type": "Feature",
      "properties": {
        "featurecla": "Admin-1 states provinces",
        "scalerank": 6,
        "adm1_code": "KOR-2496",
        "diss_me": 2496,
        "iso_3166_2": "KR-42",
        "wikipedia": "http://en.wikipedia.org/wiki/Gangwon_Province_(South_Korea)",
        "iso_a2": "KR",
        "adm0_sr": 1,
        "name": "Gangwon",
        "name_alt": "Kang-Won-Do|Gang'weondo|Kangwon-do|Kogen-do|South Kangwon",
        "name_local": "강원도",
        "type": "Do",
        "type_en": "Province",
        "code_local": "32",
        "code_hasc": "KR.KW",
        "note": "32 (NSO Code)",
        "hasc_maybe": null,
        "region": null,
        "region_cod": null,
        "provnum_ne": 20014,
        "gadm_level": 1,
        "check_me": 20,
        "datarank": 3,
        "abbrev": null,
        "postal": "KW",
        "area_sqkm": 0,
        "sameascity": -99,
        "labelrank": 6,
        "name_len": 7,
        "mapcolor9": 1,
        "mapcolor13": 5,
        "fips": "KS06",
        "fips_alt": null,
        "woe_id": 2345966,
        "woe_label": "Kangwon-Do, KR, South Korea",
        "woe_name": "Gangwon-do",
        "latitude": 37.7951,
        "longitude": 128.22,
        "sov_a3": "KOR",
        "adm0_a3": "KOR",
        "adm0_label": 2,
        "admin": "South Korea",
        "geonunit": "South Korea",
        "gu_a3": "KOR",
        "gn_id": 1843125,
        "gn_name": "Gangwon-do",
        "gns_id": -709262,
        "gns_name": "Gangwon-do",
        "gn_level": 1,
        "gn_region": null,
        "gn_a1_code": "KR.06",
        "region_sub": null,
        "sub_code": null,
        "gns_level": 1,
        "gns_lang": "kor",
        "gns_adm1": "KS06",
        "gns_region": null,
        "min_label": 8,
        "max_label": 11,
        "min_zoom": 8,
        "wikidataid": "Q41071",
        "name_ar": "مقاطعة غانغوون",
        "name_bn": "গাংওয়ান",
        "name_de": "Gangwon-do",
        "name_en": "Gangwon",
        "name_es": "Gangwon",
        "name_fr": "Gangwon",
        "name_el": "Γκάνγουον-ντο",
        "name_hi": "गैंगवॉन प्रांत",
        "name_hu": "Kangvon",
        "name_id": "Gangwon",
        "name_it": "Gangwon",
        "name_ja": "江原道",
        "name_ko": "강원도",
        "name_nl": "Gangwon-do",
        "name_pl": "Gangwon",
        "name_pt": "Gangwon",
        "name_ru": "Канвондо",
        "name_sv": "Gangwon",
        "name_tr": "Kangvon",
        "name_vi": "Gangwon",
        "name_zh": "江原道",
        "ne_id": 1159312111,
        "name_he": "גאנג וואן",
        "name_uk": "Провінція Канвон",
        "name_ur": "گانگوان صوبہ",
        "name_fa": "گانکون-دو",
        "name_zht": "江原道",
        "FCLASS_ISO": null,
        "FCLASS_US": null,
        "FCLASS_FR": null,
        "FCLASS_RU": null,
        "FCLASS_ES": null,
        "FCLASS_CN": null,
        "FCLASS_TW": null,
        "FCLASS_IN": null,
        "FCLASS_NP": null,
        "FCLASS_PK": null,
        "FCLASS_DE": null,
        "FCLASS_GB": null,
        "FCLASS_BR": null,
        "FCLASS_IL": null,
        "FCLASS_PS": null,
        "FCLASS_SA": null,
        "FCLASS_EG": null,
        "FCLASS_MA": null,
        "FCLASS_PT": null,
        "FCLASS_AR": null,
        "FCLASS_JP": null,
        "FCLASS_KO": null,
        "FCLASS_VN": null,
        "FCLASS_TR": null,
        "FCLASS_ID": null,
        "FCLASS_PL": null,
        "FCLASS_GR": null,
        "FCLASS_IT": null,
        "FCLASS_NL": null,
        "FCLASS_SE": null,
        "FCLASS_BD": null,
        "FCLASS_UA": null,
        "FCLASS_TLC": null
      },
      "bbox": [
        126.966065,
        36.611745,
        129.473888,
        38.624335
      ],
      "geometry": {
        "type": "Polygon",
        "coordinates": [
          [
            [
              127.971754,
              38.300041
            ],
            [
              128.039864,
              38.304278
            ],
            [
              128.10849,
              38.323502
            ],
            [
              128.172362,
              38.355954
            ],
            [
              128.225589,
              38.399776
            ],
            [
              128.24874,
              38.425769
            ],
            [
              128.268067,
              38.45352
            ],
            [
              128.281089,
              38.48437
            ],
            [
              128.28543,
              38.519846
            ],
            [
              128.276955,
              38.554056
            ],
            [
              128.274785,
              38.571497
            ],
            [
              128.281089,
              38.584416
            ],
            [
              128.308374,
              38.60134
            ],
            [
              128.364919,
              38.624335
            ],
            [
              128.394784,
              38.578074
            ],
            [
              128.441417,
              38.505805
            ],
            [
              128.450694,
              38.474107
            ],
            [
              128.474457,
              38.426093
            ],
            [
              128.562755,
              38.288967
            ],
            [
              128.631602,
              38.144965
            ],
            [
              128.642833,
              38.129299
            ],
            [
              128.678722,
              38.094306
            ],
            [
              128.692475,
              38.064927
            ],
            [
              128.859141,
              37.876776
            ],
            [
              128.923839,
              37.802314
            ],
            [
              129.001313,
              37.734361
            ],
            [
              129.012299,
              37.72724
            ],
            [
              129.06422,
              37.67886
            ],
            [
              129.066905,
              37.658433
            ],
            [
              129.067149,
              37.633857
            ],
            [
              129.073334,
              37.613023
            ],
            [
              129.108735,
              37.597398
            ],
            [
              129.118988,
              37.580634
            ],
            [
              129.148204,
              37.505113
            ],
            [
              129.161225,
              37.487616
            ],
            [
              129.17685,
              37.48017
            ],
            [
              129.189952,
              37.469387
            ],
            [
              129.235444,
              37.398261
            ],
            [
              129.262787,
              37.370917
            ],
            [
              129.272227,
              37.355862
            ],
            [
              129.27589,
              37.339911
            ],
            [
              129.282807,
              37.324449
            ],
            [
              129.331065,
              37.282172
            ],
            [
              129.346446,
              37.247504
            ],
            [
              129.360118,
              37.17178
            ],
            [
              129.378917,
              37.130113
            ],
            [
              129.430186,
              37.073065
            ],
            [
              129.434093,
              37.061103
            ],
            [
              129.428233,
              37.049547
            ],
            [
              129.418956,
              37.03852
            ],
            [
              129.413097,
              37.027737
            ],
            [
              129.41269,
              37.018052
            ],
            [
              129.419932,
              36.986762
            ],
            [
              129.428722,
              36.897406
            ],
            [
              129.437999,
              36.856147
            ],
            [
              129.471202,
              36.771877
            ],
            [
              129.473888,
              36.730618
            ],
            [
              129.463471,
              36.69245
            ],
            [
              129.440929,
              36.657782
            ],
            [
              129.422618,
              36.616645
            ],
            [
              129.412597,
              36.61699
            ],
            [
              129.379214,
              36.62314
            ],
            [
              129.347175,
              36.611745
            ],
            [
              129.277929,
              36.632286
            ],
            [
              129.288987,
              36.656083
            ],
            [
              129.285887,
              36.678407
            ],
            [
              129.277102,
              36.703135
            ],
            [
              129.274415,
              36.731143
            ],
            [
              129.287747,
              36.757705
            ],
            [
              129.298496,
              36.782871
            ],
            [
              129.290641,
              36.790313
            ],
            [
              129.282063,
              36.79685
            ],
            [
              129.286093,
              36.819562
            ],
            [
              129.212816,
              36.823954
            ],
            [
              129.191319,
              36.833747
            ],
            [
              129.168374,
              36.841628
            ],
            [
              129.158969,
              36.860024
            ],
            [
              129.151631,
              36.881315
            ],
            [
              129.118662,
              36.893821
            ],
            [
              129.098095,
              36.918729
            ],
            [
              129.09365,
              36.95113
            ],
            [
              129.100885,
              36.975935
            ],
            [
              129.117938,
              36.98627
            ],
            [
              129.136645,
              36.991877
            ],
            [
              129.165791,
              36.982652
            ],
            [
              129.189458,
              36.996812
            ],
            [
              129.179743,
              37.01986
            ],
            [
              129.148531,
              37.034897
            ],
            [
              129.114321,
              37.041279
            ],
            [
              129.087139,
              37.029807
            ],
            [
              129.060991,
              37.02451
            ],
            [
              129.024094,
              37.03805
            ],
            [
              128.984923,
              37.043321
            ],
            [
              128.971694,
              37.039006
            ],
            [
              128.960739,
              37.040091
            ],
            [
              128.952264,
              37.04916
            ],
            [
              128.940068,
              37.053217
            ],
            [
              128.911646,
              37.035517
            ],
            [
              128.881674,
              37.026112
            ],
            [
              128.8794,
              37.043631
            ],
            [
              128.88188,
              37.06102
            ],
            [
              128.864517,
              37.067919
            ],
            [
              128.84519,
              37.071458
            ],
            [
              128.831134,
              37.091173
            ],
            [
              128.803849,
              37.092878
            ],
            [
              128.776667,
              37.082698
            ],
            [
              128.758477,
              37.064973
            ],
            [
              128.765092,
              37.040375
            ],
            [
              128.761888,
              37.017405
            ],
            [
              128.755997,
              36.996037
            ],
            [
              128.730468,
              36.997949
            ],
            [
              128.700599,
              37.003091
            ],
            [
              128.675898,
              37.011385
            ],
            [
              128.650267,
              37.022262
            ],
            [
              128.630216,
              37.032624
            ],
            [
              128.609959,
              37.039652
            ],
            [
              128.584534,
              37.042003
            ],
            [
              128.558489,
              37.046111
            ],
            [
              128.532134,
              37.059754
            ],
            [
              128.508363,
              37.074146
            ],
            [
              128.484489,
              37.074016
            ],
            [
              128.460407,
              37.067867
            ],
            [
              128.43891,
              37.064818
            ],
            [
              128.42072,
              37.063733
            ],
            [
              128.413485,
              37.076884
            ],
            [
              128.393641,
              37.093343
            ],
            [
              128.395398,
              37.107606
            ],
            [
              128.385477,
              37.116339
            ],
            [
              128.337831,
              37.111999
            ],
            [
              128.307445,
              37.103885
            ],
            [
              128.29835,
              37.100475
            ],
            [
              128.289462,
              37.10063
            ],
            [
              128.275302,
              37.106883
            ],
            [
              128.264347,
              37.116753
            ],
            [
              128.281504,
              37.137992
            ],
            [
              128.310339,
              37.154373
            ],
            [
              128.321915,
              37.175431
            ],
            [
              128.303931,
              37.179746
            ],
            [
              128.24688,
              37.186929
            ],
            [
              128.19107,
              37.202794
            ],
            [
              128.167919,
              37.188531
            ],
            [
              128.148178,
              37.180263
            ],
            [
              128.124304,
              37.184268
            ],
            [
              128.104253,
              37.171917
            ],
            [
              128.07118,
              37.157215
            ],
            [
              128.038004,
              37.150808
            ],
            [
              128.025602,
              37.164683
            ],
            [
              128.025602,
              37.186154
            ],
            [
              127.987568,
              37.218271
            ],
            [
              127.936615,
              37.204525
            ],
            [
              127.917701,
              37.186025
            ],
            [
              127.923179,
              37.137423
            ],
            [
              127.902922,
              37.126339
            ],
            [
              127.896204,
              37.119802
            ],
            [
              127.888453,
              37.114402
            ],
            [
              127.879874,
              37.117605
            ],
            [
              127.871399,
              37.121817
            ],
            [
              127.840807,
              37.123522
            ],
            [
              127.810421,
              37.117786
            ],
            [
              127.818999,
              37.166052
            ],
            [
              127.712649,
              37.154451
            ],
            [
              127.607023,
              37.131351
            ],
            [
              127.661283,
              37.211476
            ],
            [
              127.705725,
              37.298499
            ],
            [
              127.767323,
              37.403118
            ],
            [
              127.774971,
              37.425571
            ],
            [
              127.769183,
              37.44805
            ],
            [
              127.782309,
              37.466241
            ],
            [
              127.800809,
              37.484146
            ],
            [
              127.820653,
              37.490683
            ],
            [
              127.831092,
              37.508486
            ],
            [
              127.819723,
              37.52386
            ],
            [
              127.80484,
              37.533963
            ],
            [
              127.781069,
              37.536055
            ],
            [
              127.756678,
              37.543419
            ],
            [
              127.722985,
              37.547011
            ],
            [
              127.666761,
              37.571712
            ],
            [
              127.641439,
              37.579929
            ],
            [
              127.616324,
              37.593029
            ],
            [
              127.588729,
              37.596413
            ],
            [
              127.561961,
              37.589696
            ],
            [
              127.53974,
              37.604578
            ],
            [
              127.541497,
              37.620779
            ],
            [
              127.552039,
              37.63778
            ],
            [
              127.556173,
              37.657469
            ],
            [
              127.556483,
              37.677752
            ],
            [
              127.530025,
              37.670983
            ],
            [
              127.518139,
              37.683178
            ],
            [
              127.547285,
              37.710308
            ],
            [
              127.542427,
              37.728395
            ],
            [
              127.534366,
              37.746353
            ],
            [
              127.540153,
              37.759969
            ],
            [
              127.539843,
              37.776247
            ],
            [
              127.53788,
              37.791647
            ],
            [
              127.588626,
              37.821283
            ],
            [
              127.609193,
              37.82658
            ],
            [
              127.620665,
              37.840533
            ],
            [
              127.625833,
              37.881099
            ],
            [
              127.602165,
              37.909779
            ],
            [
              127.582735,
              37.912906
            ],
            [
              127.564235,
              37.91965
            ],
            [
              127.550282,
              37.949208
            ],
            [
              127.528165,
              37.950087
            ],
            [
              127.504497,
              37.948847
            ],
            [
              127.478658,
              37.963755
            ],
            [
              127.466359,
              37.990214
            ],
            [
              127.461295,
              38.037265
            ],
            [
              127.451683,
              38.060959
            ],
            [
              127.444965,
              38.065532
            ],
            [
              127.437111,
              38.064499
            ],
            [
              127.43184,
              38.060468
            ],
            [
              127.425225,
              38.059719
            ],
            [
              127.408172,
              38.069227
            ],
            [
              127.366417,
              38.057574
            ],
            [
              127.328073,
              38.064912
            ],
            [
              127.31257,
              38.072353
            ],
            [
              127.296757,
              38.083619
            ],
            [
              127.296241,
              38.102481
            ],
            [
              127.303992,
              38.120257
            ],
            [
              127.309677,
              38.127027
            ],
            [
              127.313707,
              38.133512
            ],
            [
              127.307093,
              38.137879
            ],
            [
              127.298618,
              38.139481
            ],
            [
              127.290556,
              38.138138
            ],
            [
              127.283528,
              38.133848
            ],
            [
              127.270299,
              38.120309
            ],
            [
              127.25552,
              38.108501
            ],
            [
              127.232782,
              38.105426
            ],
            [
              127.212732,
              38.116175
            ],
            [
              127.209011,
              38.125942
            ],
            [
              127.207461,
              38.135838
            ],
            [
              127.200226,
              38.139326
            ],
            [
              127.192578,
              38.13297
            ],
            [
              127.189994,
              38.12279
            ],
            [
              127.189787,
              38.089872
            ],
            [
              127.176765,
              38.0738
            ],
            [
              127.140074,
              38.087495
            ],
            [
              127.106485,
              38.111421
            ],
            [
              127.094703,
              38.121188
            ],
            [
              127.0823,
              38.119947
            ],
            [
              127.071241,
              38.132608
            ],
            [
              127.064317,
              38.149093
            ],
            [
              127.055222,
              38.157749
            ],
            [
              127.04437,
              38.164596
            ],
            [
              127.035998,
              38.180305
            ],
            [
              127.021104,
              38.18776
            ],
            [
              126.985872,
              38.205394
            ],
            [
              126.966065,
              38.213038
            ],
            [
              126.971919,
              38.218909
            ],
            [
              127.026747,
              38.254462
            ],
            [
              127.090464,
              38.285855
            ],
            [
              127.157489,
              38.307224
            ],
            [
              127.221981,
              38.312701
            ],
            [
              127.253814,
              38.31004
            ],
            [
              127.377113,
              38.318515
            ],
            [
              127.47194,
              38.295906
            ],
            [
              127.502067,
              38.298077
            ],
            [
              127.560823,
              38.312081
            ],
            [
              127.753731,
              38.325362
            ],
            [
              127.761948,
              38.32097
            ],
            [
              127.774712,
              38.306448
            ],
            [
              127.787011,
              38.296682
            ],
            [
              127.800757,
              38.293917
            ],
            [
              127.866851,
              38.304846
            ],
            [
              127.971754,
              38.300041
            ]
          ]
        ]
      }
    },
    {
      "type": "Feature",
      "properties": {
        "featurecla": "Admin-1 states provinces",
        "scalerank": 6,
        "adm1_code": "PRK-3308",
        "diss_me": 3308,
        "iso_3166_2": "KP-07",
        "wikipedia": null,
        "iso_a2": "KP",
        "adm0_sr": 1,
        "name": "Kangwŏn-do",
        "name_alt": "Kangwon|Kogen-do|North Kangwon",
        "name_local": "\t강원도",
        "type": "Do",
        "type_en": "Province",
        "code_local": null,
        "code_hasc": "KP.KW",
        "note": null,
        "hasc_maybe": null,
        "region": null,
        "region_cod": null,
        "provnum_ne": 20008,
        "gadm_level": 1,
        "check_me": 0,
        "datarank": 6,
        "abbrev": null,
        "postal": "KW",
        "area_sqkm": 0,
        "sameascity": -99,
        "labelrank": 6,
        "name_len": 10,
        "mapcolor9": 3,
        "mapcolor13": 9,
        "fips": "KN09",
        "fips_alt": null,
        "woe_id": 2345954,
        "woe_label": "Kangwon-do, KP, North Korea",
        "woe_name": "Kangwŏn-do",
        "latitude": 38.7273,
        "longitude": 127.521,
        "sov_a3": "PRK",
        "adm0_a3": "PRK",
        "adm0_label": 2,
        "admin": "North Korea",
        "geonunit": "North Korea",
        "gu_a3": "PRK",
        "gn_id": 1876101,
        "gn_name": "Kangwon-do",
        "gns_id": -177261,
        "gns_name": "Kangwon-do",
        "gn_level": 1,
        "gn_region": null,
        "gn_a1_code": "KP.09",
        "region_sub": null,
        "sub_code": null,
        "gns_level": 1,
        "gns_lang": "kor",
        "gns_adm1": "KN09",
        "gns_region": null,
        "min_label": 8,
        "max_label": 11,
        "min_zoom": 8,
        "wikidataid": "Q41416",
        "name_ar": "مقاطعة كانغوون",
        "name_bn": "কাংওন প্রদেশ",
        "name_de": "Kangwŏn-do",
        "name_en": "Kangwon",
        "name_es": "Kangwon-do",
        "name_fr": "Kangwŏn",
        "name_el": "Κάνγκγουον",
        "name_hi": "कांगवॉन प्रांत",
        "name_hu": "Kangvon",
        "name_id": "Kangwon-do",
        "name_it": "Kangwon",
        "name_ja": "江原道",
        "name_ko": "강원도",
        "name_nl": "Kangwŏn-do",
        "name_pl": "Kangwŏn",
        "name_pt": "Kangwon",
        "name_ru": "Канвондо",
        "name_sv": "Kangwon",
        "name_tr": "Kangvon",
        "name_vi": "Kangwon",
        "name_zh": "江原道",
        "ne_id": 1159315279,
        "name_he": "קאנגוואן-דו",
        "name_uk": "Провінція Канвон",
        "name_ur": "کانگوون صوبہ",
        "name_fa": "استان کانگوون",
        "name_zht": "江原道",
        "FCLASS_ISO": null,
        "FCLASS_US": null,
        "FCLASS_FR": null,
        "FCLASS_RU": null,
        "FCLASS_ES": null,
        "FCLASS_CN": null,
        "FCLASS_TW": null,
        "FCLASS_IN": null,
        "FCLASS_NP": null,
        "FCLASS_PK": null,
        "FCLASS_DE": null,
        "FCLASS_GB": null,
        "FCLASS_BR": null,
        "FCLASS_IL": null,
        "FCLASS_PS": null,
        "FCLASS_SA": null,
        "FCLASS_EG": null,
        "FCLASS_MA": null,
        "FCLASS_PT": null,
        "FCLASS_AR": null,
        "FCLASS_JP": null,
        "FCLASS_KO": null,
        "FCLASS_VN": null,
        "FCLASS_TR": null,
        "FCLASS_ID": null,
        "FCLASS_PL": null,
        "FCLASS_GR": null,
        "FCLASS_IT": null,
        "FCLASS_NL": null,
        "FCLASS_SE": null,
        "FCLASS_BD": null,
        "FCLASS_UA": null,
        "FCLASS_TLC": null
      },
      "bbox": [
        126.67788,
        38.174173,
        128.364919,
        39.413899
      ],
      "geometry": {
        "type": "Polygon",
        "coordinates": [
          [
            [
              128.364919,
              38.624335
            ],
            [
              128.308374,
              38.60134
            ],
            [
              128.281089,
              38.584416
            ],
            [
              128.274785,
              38.571497
            ],
            [
              128.276955,
              38.554056
            ],
            [
              128.28543,
              38.519846
            ],
            [
              128.281089,
              38.48437
            ],
            [
              128.268067,
              38.45352
            ],
            [
              128.24874,
              38.425769
            ],
            [
              128.225589,
              38.399776
            ],
            [
              128.172362,
              38.355954
            ],
            [
              128.10849,
              38.323502
            ],
            [
              128.039864,
              38.304278
            ],
            [
              127.971754,
              38.300041
            ],
            [
              127.866851,
              38.304846
            ],
            [
              127.800757,
              38.293917
            ],
            [
              127.787011,
              38.296682
            ],
            [
              127.774712,
              38.306448
            ],
            [
              127.761948,
              38.32097
            ],
            [
              127.753731,
              38.325362
            ],
            [
              127.560823,
              38.312081
            ],
            [
              127.502067,
              38.298077
            ],
            [
              127.47194,
              38.295906
            ],
            [
              127.377113,
              38.318515
            ],
            [
              127.253814,
              38.31004
            ],
            [
              127.221981,
              38.312701
            ],
            [
              127.157489,
              38.307224
            ],
            [
              127.090464,
              38.285855
            ],
            [
              127.026747,
              38.254462
            ],
            [
              126.971919,
              38.218909
            ],
            [
              126.966065,
              38.213038
            ],
            [
              126.953728,
              38.200667
            ],
            [
              126.940134,
              38.174173
            ],
            [
              126.93988,
              38.174518
            ],
            [
              126.930992,
              38.186584
            ],
            [
              126.928615,
              38.191235
            ],
            [
              126.925514,
              38.195498
            ],
            [
              126.921793,
              38.199297
            ],
            [
              126.905153,
              38.20126
            ],
            [
              126.896368,
              38.204568
            ],
            [
              126.896163,
              38.204669
            ],
            [
              126.890167,
              38.207642
            ],
            [
              126.873424,
              38.226323
            ],
            [
              126.870634,
              38.239863
            ],
            [
              126.875595,
              38.251283
            ],
            [
              126.881486,
              38.261825
            ],
            [
              126.882209,
              38.268491
            ],
            [
              126.880969,
              38.273788
            ],
            [
              126.873114,
              38.282625
            ],
            [
              126.870634,
              38.286526
            ],
            [
              126.867636,
              38.293813
            ],
            [
              126.868877,
              38.299161
            ],
            [
              126.872907,
              38.306112
            ],
            [
              126.878695,
              38.313166
            ],
            [
              126.885103,
              38.327868
            ],
            [
              126.884276,
              38.334844
            ],
            [
              126.880555,
              38.339185
            ],
            [
              126.874458,
              38.338978
            ],
            [
              126.868877,
              38.337531
            ],
            [
              126.863916,
              38.335309
            ],
            [
              126.853167,
              38.328229
            ],
            [
              126.847689,
              38.327454
            ],
            [
              126.839731,
              38.329108
            ],
            [
              126.827949,
              38.337867
            ],
            [
              126.818957,
              38.342414
            ],
            [
              126.810379,
              38.345282
            ],
            [
              126.802627,
              38.347143
            ],
            [
              126.796426,
              38.349572
            ],
            [
              126.789295,
              38.355179
            ],
            [
              126.785884,
              38.361044
            ],
            [
              126.784851,
              38.367865
            ],
            [
              126.781233,
              38.374531
            ],
            [
              126.714364,
              38.466205
            ],
            [
              126.706923,
              38.478763
            ],
            [
              126.701445,
              38.498348
            ],
            [
              126.700411,
              38.513283
            ],
            [
              126.700825,
              38.518295
            ],
            [
              126.703305,
              38.528501
            ],
            [
              126.706923,
              38.539121
            ],
            [
              126.709403,
              38.544185
            ],
            [
              126.711367,
              38.550386
            ],
            [
              126.712917,
              38.557776
            ],
            [
              126.711677,
              38.569662
            ],
            [
              126.708783,
              38.577155
            ],
            [
              126.704856,
              38.583459
            ],
            [
              126.683462,
              38.608677
            ],
            [
              126.67788,
              38.617643
            ],
            [
              126.678087,
              38.619168
            ],
            [
              126.680051,
              38.627332
            ],
            [
              126.683358,
              38.632293
            ],
            [
              126.688422,
              38.636944
            ],
            [
              126.694314,
              38.640252
            ],
            [
              126.700721,
              38.643016
            ],
            [
              126.759943,
              38.65746
            ],
            [
              126.772552,
              38.663144
            ],
            [
              126.785161,
              38.671051
            ],
            [
              126.791052,
              38.675753
            ],
            [
              126.800147,
              38.685675
            ],
            [
              126.81844,
              38.716759
            ],
            [
              126.852443,
              38.756627
            ],
            [
              126.866913,
              38.777323
            ],
            [
              126.869807,
              38.785462
            ],
            [
              126.872494,
              38.796108
            ],
            [
              126.875388,
              38.816081
            ],
            [
              126.875078,
              38.842539
            ],
            [
              126.872494,
              38.861349
            ],
            [
              126.872597,
              38.871271
            ],
            [
              126.874148,
              38.879203
            ],
            [
              126.877558,
              38.884371
            ],
            [
              126.881899,
              38.889177
            ],
            [
              126.887583,
              38.893931
            ],
            [
              126.893475,
              38.898117
            ],
            [
              126.899779,
              38.901631
            ],
            [
              126.905877,
              38.903905
            ],
            [
              126.911871,
              38.905248
            ],
            [
              126.959207,
              38.90778
            ],
            [
              126.965408,
              38.908943
            ],
            [
              126.971609,
              38.911088
            ],
            [
              126.977707,
              38.914188
            ],
            [
              126.983392,
              38.918374
            ],
            [
              127.000238,
              38.935221
            ],
            [
              127.00861,
              38.948011
            ],
            [
              127.015431,
              38.961937
            ],
            [
              127.018015,
              38.970438
            ],
            [
              127.019152,
              38.977389
            ],
            [
              127.018532,
              38.982375
            ],
            [
              127.016981,
              38.987207
            ],
            [
              127.014707,
              38.991884
            ],
            [
              127.010573,
              38.998679
            ],
            [
              127.00923,
              39.000307
            ],
            [
              127.003235,
              39.005268
            ],
            [
              126.993313,
              39.016404
            ],
            [
              126.986182,
              39.032321
            ],
            [
              126.981738,
              39.069114
            ],
            [
              126.993623,
              39.110714
            ],
            [
              127.013674,
              39.133632
            ],
            [
              127.021425,
              39.137792
            ],
            [
              127.055118,
              39.15128
            ],
            [
              127.060596,
              39.155517
            ],
            [
              127.063387,
              39.16053
            ],
            [
              127.060906,
              39.169005
            ],
            [
              127.057289,
              39.175258
            ],
            [
              127.025249,
              39.204403
            ],
            [
              127.037548,
              39.212258
            ],
            [
              127.039409,
              39.219079
            ],
            [
              127.039305,
              39.225151
            ],
            [
              127.032381,
              39.242127
            ],
            [
              127.029074,
              39.257992
            ],
            [
              127.031657,
              39.266363
            ],
            [
              127.037135,
              39.271789
            ],
            [
              127.066591,
              39.278456
            ],
            [
              127.075169,
              39.281763
            ],
            [
              127.085814,
              39.288842
            ],
            [
              127.090362,
              39.295457
            ],
            [
              127.092325,
              39.302278
            ],
            [
              127.093152,
              39.315249
            ],
            [
              127.094186,
              39.322174
            ],
            [
              127.101007,
              39.343361
            ],
            [
              127.106175,
              39.374961
            ],
            [
              127.109482,
              39.38341
            ],
            [
              127.114546,
              39.391033
            ],
            [
              127.121264,
              39.396846
            ],
            [
              127.130669,
              39.403616
            ],
            [
              127.138731,
              39.407957
            ],
            [
              127.146069,
              39.410799
            ],
            [
              127.152994,
              39.412168
            ],
            [
              127.160435,
              39.412478
            ],
            [
              127.196919,
              39.407698
            ],
            [
              127.247355,
              39.413899
            ],
            [
              127.280428,
              39.412504
            ],
            [
              127.330037,
              39.405347
            ],
            [
              127.378199,
              39.410489
            ],
            [
              127.403211,
              39.409404
            ],
            [
              127.410962,
              39.410592
            ],
            [
              127.41768,
              39.410592
            ],
            [
              127.424398,
              39.409843
            ],
            [
              127.438075,
              39.405172
            ],
            [
              127.431,
              39.397284
            ],
            [
              127.425548,
              39.392524
            ],
            [
              127.378429,
              39.378852
            ],
            [
              127.378429,
              39.371487
            ],
            [
              127.389903,
              39.367011
            ],
            [
              127.414073,
              39.361802
            ],
            [
              127.425548,
              39.357123
            ],
            [
              127.437836,
              39.364244
            ],
            [
              127.453868,
              39.367987
            ],
            [
              127.46754,
              39.363837
            ],
            [
              127.473399,
              39.347561
            ],
            [
              127.466807,
              39.340155
            ],
            [
              127.435395,
              39.334784
            ],
            [
              127.425548,
              39.330471
            ],
            [
              127.420258,
              39.336371
            ],
            [
              127.414561,
              39.340644
            ],
            [
              127.408295,
              39.343248
            ],
            [
              127.401378,
              39.344143
            ],
            [
              127.391938,
              39.341864
            ],
            [
              127.39267,
              39.336412
            ],
            [
              127.396983,
              39.329657
            ],
            [
              127.398285,
              39.323676
            ],
            [
              127.386729,
              39.297187
            ],
            [
              127.378429,
              39.268988
            ],
            [
              127.37203,
              39.240426
            ],
            [
              127.382904,
              39.221991
            ],
            [
              127.393403,
              39.201728
            ],
            [
              127.408539,
              39.193305
            ],
            [
              127.420177,
              39.189195
            ],
            [
              127.441254,
              39.170844
            ],
            [
              127.45224,
              39.165961
            ],
            [
              127.471934,
              39.16828
            ],
            [
              127.476085,
              39.177069
            ],
            [
              127.473643,
              39.187161
            ],
            [
              127.473399,
              39.193305
            ],
            [
              127.491303,
              39.194892
            ],
            [
              127.511729,
              39.15644
            ],
            [
              127.531749,
              39.146145
            ],
            [
              127.606944,
              39.152045
            ],
            [
              127.631684,
              39.146145
            ],
            [
              127.643077,
              39.138577
            ],
            [
              127.651703,
              39.129299
            ],
            [
              127.661388,
              39.121487
            ],
            [
              127.675629,
              39.11815
            ],
            [
              127.744151,
              39.118598
            ],
            [
              127.759288,
              39.117011
            ],
            [
              127.769623,
              39.109198
            ],
            [
              127.792572,
              39.077541
            ],
            [
              127.823741,
              39.043036
            ],
            [
              127.830333,
              39.032864
            ],
            [
              127.836518,
              39.0185
            ],
            [
              127.851573,
              39.00141
            ],
            [
              127.885509,
              38.974189
            ],
            [
              127.888682,
              38.961371
            ],
            [
              127.892914,
              38.957465
            ],
            [
              127.902192,
              38.963935
            ],
            [
              127.908702,
              38.96719
            ],
            [
              127.914317,
              38.964179
            ],
            [
              127.918224,
              38.95775
            ],
            [
              127.921479,
              38.942328
            ],
            [
              127.92628,
              38.934475
            ],
            [
              127.933849,
              38.928656
            ],
            [
              127.943614,
              38.926418
            ],
            [
              127.961762,
              38.917914
            ],
            [
              127.995453,
              38.875312
            ],
            [
              128.014659,
              38.85814
            ],
            [
              128.091156,
              38.843736
            ],
            [
              128.210216,
              38.727729
            ],
            [
              128.225108,
              38.732327
            ],
            [
              128.270356,
              38.751654
            ],
            [
              128.282807,
              38.755072
            ],
            [
              128.313243,
              38.717231
            ],
            [
              128.321056,
              38.711412
            ],
            [
              128.338145,
              38.703559
            ],
            [
              128.347667,
              38.696723
            ],
            [
              128.35963,
              38.678656
            ],
            [
              128.359955,
              38.675362
            ],
            [
              128.361339,
              38.660712
            ],
            [
              128.360362,
              38.642768
            ],
            [
              128.364594,
              38.624742
            ],
            [
              128.364919,
              38.624335
            ]
          ]
        ]
      }
    },
    {
      "type": "Feature",
      "properties": {
        "featurecla": "Admin-1 states provinces",
        "scalerank": 6,
        "adm1_code": "KOR-2498",
        "diss_me": 2498,
        "iso_3166_2": "KR-41",
        "wikipedia": "http://en.wikipedia.org/wiki/Gyeonggi_Province",
        "iso_a2": "KR",
        "adm0_sr": 4,
        "name": "Gyeonggi",
        "name_alt": "Kyonggi-do|Keiki-do|Kyunggi",
        "name_local": "경기도",
        "type": "Do",
        "type_en": "Province",
        "code_local": "31",
        "code_hasc": "KR.KG",
        "note": "31 (NSO Code)",
        "hasc_maybe": null,
        "region": null,
        "region_cod": null,
        "provnum_ne": 20004,
        "gadm_level": 1,
        "check_me": 20,
        "datarank": 3,
        "abbrev": null,
        "postal": "KG",
        "area_sqkm": 0,
        "sameascity": -99,
        "labelrank": 6,
        "name_len": 8,
        "mapcolor9": 1,
        "mapcolor13": 5,
        "fips": "KS13",
        "fips_alt": null,
        "woe_id": 2345969,
        "woe_label": "Kyeongki-Do, KR, South Korea",
        "woe_name": "Gyeonggi-do",
        "latitude": 37.2562,
        "longitude": 127.205,
        "sov_a3": "KOR",
        "adm0_a3": "KOR",
        "adm0_label": 4,
        "admin": "South Korea",
        "geonunit": "South Korea",
        "gu_a3": "KOR",
        "gn_id": 1841610,
        "gn_name": "Gyeonggi-do",
        "gns_id": -710790,
        "gns_name": "Gyeonggi-do",
        "gn_level": 1,
        "gn_region": null,
        "gn_a1_code": "KR.13",
        "region_sub": null,
        "sub_code": null,
        "gns_level": 1,
        "gns_lang": "kor",
        "gns_adm1": "KS13",
        "gns_region": null,
        "min_label": 8,
        "max_label": 11,
        "min_zoom": 8,
        "wikidataid": "Q20937",
        "name_ar": "مقاطعة غيونغي",
        "name_bn": "গিয়েওনগি",
        "name_de": "Gyeonggi-do",
        "name_en": "Gyeonggi",
        "name_es": "Gyeonggi",
        "name_fr": "Gyeonggi",
        "name_el": "Γκιόνγκι-ντο",
        "name_hi": "गियॉन्गी प्रांत",
        "name_hu": "Kjonggi",
        "name_id": "Gyeonggi",
        "name_it": "Gyeonggi",
        "name_ja": "京畿道",
        "name_ko": "경기도",
        "name_nl": "Gyeonggi-do",
        "name_pl": "Gyeonggi",
        "name_pt": "Gyeonggi",
        "name_ru": "Кёнгидо",
        "name_sv": "Gyeonggi",
        "name_tr": "Gyeonggi",
        "name_vi": "Gyeonggi",
        "name_zh": "京畿道",
        "ne_id": 1159312027,
        "name_he": "גיונגי",
        "name_uk": "Провінція Кьонгі",
        "name_ur": "گیئونگی صوبہ",
        "name_fa": "گیونگی-دو",
        "name_zht": "京畿道",
        "FCLASS_ISO": null,
        "FCLASS_US": null,
        "FCLASS_FR": null,
        "FCLASS_RU": null,
        "FCLASS_ES": null,
        "FCLASS_CN": null,
        "FCLASS_TW": null,
        "FCLASS_IN": null,
        "FCLASS_NP": null,
        "FCLASS_PK": null,
        "FCLASS_DE": null,
        "FCLASS_GB": null,
        "FCLASS_BR": null,
        "FCLASS_IL": null,
        "FCLASS_PS": null,
        "FCLASS_SA": null,
        "FCLASS_EG": null,
        "FCLASS_MA": null,
        "FCLASS_PT": null,
        "FCLASS_AR": null,
        "FCLASS_JP": null,
        "FCLASS_KO": null,
        "FCLASS_VN": null,
        "FCLASS_TR": null,
        "FCLASS_ID": null,
        "FCLASS_PL": null,
        "FCLASS_GR": null,
        "FCLASS_IT": null,
        "FCLASS_NL": null,
        "FCLASS_SE": null,
        "FCLASS_BD": null,
        "FCLASS_UA": null,
        "FCLASS_TLC": null
      },
      "bbox": [
        124.613617,
        36.878938,
        127.831092,
        38.213038
      ],
      "geometry": {
        "type": "MultiPolygon",
        "coordinates": [
          [
            [
              [
                126.667459,
                37.82781
              ],
              [
                126.660516,
                37.913811
              ],
              [
                126.665787,
                37.937634
              ],
              [
                126.677828,
                37.944584
              ],
              [
                126.696328,
                37.946186
              ],
              [
                126.722115,
                37.953938
              ],
              [
                126.761906,
                37.979001
              ],
              [
                126.847327,
                38.082018
              ],
              [
                126.864793,
                38.096022
              ],
              [
                126.903344,
                38.119586
              ],
              [
                126.919829,
                38.134598
              ],
              [
                126.940134,
                38.174173
              ],
              [
                126.953728,
                38.200667
              ],
              [
                126.966065,
                38.213038
              ],
              [
                126.985872,
                38.205394
              ],
              [
                127.021104,
                38.18776
              ],
              [
                127.035998,
                38.180305
              ],
              [
                127.04437,
                38.164596
              ],
              [
                127.055222,
                38.157749
              ],
              [
                127.064317,
                38.149093
              ],
              [
                127.071241,
                38.132608
              ],
              [
                127.0823,
                38.119947
              ],
              [
                127.094703,
                38.121188
              ],
              [
                127.106485,
                38.111421
              ],
              [
                127.140074,
                38.087495
              ],
              [
                127.176765,
                38.0738
              ],
              [
                127.189787,
                38.089872
              ],
              [
                127.189994,
                38.12279
              ],
              [
                127.192578,
                38.13297
              ],
              [
                127.200226,
                38.139326
              ],
              [
                127.207461,
                38.135838
              ],
              [
                127.209011,
                38.125942
              ],
              [
                127.212732,
                38.116175
              ],
              [
                127.232782,
                38.105426
              ],
              [
                127.25552,
                38.108501
              ],
              [
                127.270299,
                38.120309
              ],
              [
                127.283528,
                38.133848
              ],
              [
                127.290556,
                38.138138
              ],
              [
                127.298618,
                38.139481
              ],
              [
                127.307093,
                38.137879
              ],
              [
                127.313707,
                38.133512
              ],
              [
                127.309677,
                38.127027
              ],
              [
                127.303992,
                38.120257
              ],
              [
                127.296241,
                38.102481
              ],
              [
                127.296757,
                38.083619
              ],
              [
                127.31257,
                38.072353
              ],
              [
                127.328073,
                38.064912
              ],
              [
                127.366417,
                38.057574
              ],
              [
                127.408172,
                38.069227
              ],
              [
                127.425225,
                38.059719
              ],
              [
                127.43184,
                38.060468
              ],
              [
                127.437111,
                38.064499
              ],
              [
                127.444965,
                38.065532
              ],
              [
                127.451683,
                38.060959
              ],
              [
                127.461295,
                38.037265
              ],
              [
                127.466359,
                37.990214
              ],
              [
                127.478658,
                37.963755
              ],
              [
                127.504497,
                37.948847
              ],
              [
                127.528165,
                37.950087
              ],
              [
                127.550282,
                37.949208
              ],
              [
                127.564235,
                37.91965
              ],
              [
                127.582735,
                37.912906
              ],
              [
                127.602165,
                37.909779
              ],
              [
                127.625833,
                37.881099
              ],
              [
                127.620665,
                37.840533
              ],
              [
                127.609193,
                37.82658
              ],
              [
                127.588626,
                37.821283
              ],
              [
                127.53788,
                37.791647
              ],
              [
                127.539843,
                37.776247
              ],
              [
                127.540153,
                37.759969
              ],
              [
                127.534366,
                37.746353
              ],
              [
                127.542427,
                37.728395
              ],
              [
                127.547285,
                37.710308
              ],
              [
                127.518139,
                37.683178
              ],
              [
                127.530025,
                37.670983
              ],
              [
                127.556483,
                37.677752
              ],
              [
                127.556173,
                37.657469
              ],
              [
                127.552039,
                37.63778
              ],
              [
                127.541497,
                37.620779
              ],
              [
                127.53974,
                37.604578
              ],
              [
                127.561961,
                37.589696
              ],
              [
                127.588729,
                37.596413
              ],
              [
                127.616324,
                37.593029
              ],
              [
                127.641439,
                37.579929
              ],
              [
                127.666761,
                37.571712
              ],
              [
                127.722985,
                37.547011
              ],
              [
                127.756678,
                37.543419
              ],
              [
                127.781069,
                37.536055
              ],
              [
                127.80484,
                37.533963
              ],
              [
                127.819723,
                37.52386
              ],
              [
                127.831092,
                37.508486
              ],
              [
                127.820653,
                37.490683
              ],
              [
                127.800809,
                37.484146
              ],
              [
                127.782309,
                37.466241
              ],
              [
                127.769183,
                37.44805
              ],
              [
                127.774971,
                37.425571
              ],
              [
                127.767323,
                37.403118
              ],
              [
                127.705725,
                37.298499
              ],
              [
                127.661283,
                37.211476
              ],
              [
                127.607023,
                37.131351
              ],
              [
                127.599995,
                37.120706
              ],
              [
                127.591933,
                37.111043
              ],
              [
                127.583872,
                37.106547
              ],
              [
                127.57612,
                37.10156
              ],
              [
                127.570332,
                37.093757
              ],
              [
                127.565475,
                37.085256
              ],
              [
                127.517726,
                37.014278
              ],
              [
                127.492611,
                37.000274
              ],
              [
                127.486927,
                37.006294
              ],
              [
                127.467393,
                37.009576
              ],
              [
                127.45189,
                36.996398
              ],
              [
                127.443622,
                36.979784
              ],
              [
                127.43153,
                36.967253
              ],
              [
                127.405898,
                36.95839
              ],
              [
                127.389568,
                36.944231
              ],
              [
                127.380577,
                36.914801
              ],
              [
                127.347297,
                36.905861
              ],
              [
                127.304819,
                36.88948
              ],
              [
                127.259964,
                36.878938
              ],
              [
                127.212732,
                36.884054
              ],
              [
                127.174078,
                36.910047
              ],
              [
                127.130876,
                36.925808
              ],
              [
                127.04778,
                36.897361
              ],
              [
                127.00861,
                36.897386
              ],
              [
                126.961998,
                36.90506
              ],
              [
                126.961689,
                36.905112
              ],
              [
                126.974457,
                36.912909
              ],
              [
                126.989513,
                36.918606
              ],
              [
                127.000336,
                36.928371
              ],
              [
                127.007172,
                36.952623
              ],
              [
                127.005219,
                36.956936
              ],
              [
                126.995942,
                36.964789
              ],
              [
                126.994151,
                36.966864
              ],
              [
                126.999522,
                36.970893
              ],
              [
                127.004893,
                36.971422
              ],
              [
                127.01002,
                36.971259
              ],
              [
                127.023936,
                36.977444
              ],
              [
                127.032807,
                36.978502
              ],
              [
                127.039399,
                36.982001
              ],
              [
                127.042003,
                36.993598
              ],
              [
                126.982188,
                36.98017
              ],
              [
                126.973155,
                36.969957
              ],
              [
                126.976329,
                36.939032
              ],
              [
                126.969086,
                36.932034
              ],
              [
                126.945811,
                36.92593
              ],
              [
                126.91269,
                36.929633
              ],
              [
                126.873383,
                36.947984
              ],
              [
                126.837901,
                36.975898
              ],
              [
                126.82441,
                37.002616
              ],
              [
                126.884288,
                37.00788
              ],
              [
                126.884288,
                37.014106
              ],
              [
                126.880138,
                37.015692
              ],
              [
                126.870697,
                37.02147
              ],
              [
                126.881928,
                37.02265
              ],
              [
                126.892589,
                37.022162
              ],
              [
                126.902354,
                37.019477
              ],
              [
                126.910981,
                37.014106
              ],
              [
                126.906749,
                37.033149
              ],
              [
                126.893077,
                37.050116
              ],
              [
                126.883149,
                37.069566
              ],
              [
                126.890473,
                37.095933
              ],
              [
                126.879161,
                37.100002
              ],
              [
                126.870453,
                37.090766
              ],
              [
                126.865082,
                37.074856
              ],
              [
                126.863292,
                37.058783
              ],
              [
                126.858653,
                37.041327
              ],
              [
                126.849132,
                37.037299
              ],
              [
                126.839692,
                37.044867
              ],
              [
                126.820567,
                37.041693
              ],
              [
                126.80128,
                37.037746
              ],
              [
                126.755219,
                37.048814
              ],
              [
                126.755527,
                37.060141
              ],
              [
                126.751191,
                37.070092
              ],
              [
                126.754814,
                37.083556
              ],
              [
                126.752859,
                37.100688
              ],
              [
                126.764451,
                37.117658
              ],
              [
                126.778268,
                37.132804
              ],
              [
                126.794182,
                37.13892
              ],
              [
                126.81121,
                37.144121
              ],
              [
                126.836518,
                37.144436
              ],
              [
                126.863536,
                37.150295
              ],
              [
                126.869151,
                37.156968
              ],
              [
                126.870697,
                37.175482
              ],
              [
                126.864513,
                37.179104
              ],
              [
                126.850597,
                37.173041
              ],
              [
                126.829845,
                37.158677
              ],
              [
                126.816905,
                37.160793
              ],
              [
                126.807384,
                37.165269
              ],
              [
                126.802257,
                37.173163
              ],
              [
                126.802338,
                37.18537
              ],
              [
                126.778575,
                37.175686
              ],
              [
                126.759288,
                37.1647
              ],
              [
                126.723643,
                37.133857
              ],
              [
                126.714447,
                37.127997
              ],
              [
                126.702891,
                37.124701
              ],
              [
                126.692149,
                37.124986
              ],
              [
                126.685639,
                37.130113
              ],
              [
                126.686046,
                37.139309
              ],
              [
                126.692149,
                37.148261
              ],
              [
                126.706879,
                37.164862
              ],
              [
                126.677745,
                37.159491
              ],
              [
                126.668468,
                37.161811
              ],
              [
                126.665294,
                37.175482
              ],
              [
                126.670665,
                37.185614
              ],
              [
                126.682872,
                37.191352
              ],
              [
                126.696788,
                37.195136
              ],
              [
                126.706879,
                37.199652
              ],
              [
                126.719005,
                37.212877
              ],
              [
                126.715831,
                37.216295
              ],
              [
                126.689057,
                37.213324
              ],
              [
                126.680186,
                37.217678
              ],
              [
                126.673188,
                37.22842
              ],
              [
                126.666515,
                37.241848
              ],
              [
                126.658458,
                37.254299
              ],
              [
                126.662934,
                37.255316
              ],
              [
                126.665782,
                37.256903
              ],
              [
                126.67213,
                37.261705
              ],
              [
                126.679454,
                37.257229
              ],
              [
                126.690522,
                37.257717
              ],
              [
                126.709972,
                37.261705
              ],
              [
                126.725841,
                37.258205
              ],
              [
                126.739106,
                37.251654
              ],
              [
                126.752208,
                37.248277
              ],
              [
                126.767589,
                37.254299
              ],
              [
                126.766368,
                37.24315
              ],
              [
                126.767589,
                37.232327
              ],
              [
                126.772472,
                37.223944
              ],
              [
                126.781993,
                37.22016
              ],
              [
                126.792491,
                37.223456
              ],
              [
                126.797374,
                37.232856
              ],
              [
                126.802338,
                37.254299
              ],
              [
                126.819184,
                37.2744
              ],
              [
                126.833018,
                37.272854
              ],
              [
                126.848643,
                37.265326
              ],
              [
                126.870697,
                37.26789
              ],
              [
                126.865977,
                37.276068
              ],
              [
                126.859874,
                37.282131
              ],
              [
                126.852143,
                37.2862
              ],
              [
                126.842784,
                37.288398
              ],
              [
                126.828891,
                37.287984
              ],
              [
                126.822544,
                37.295607
              ],
              [
                126.807603,
                37.297766
              ],
              [
                126.79556,
                37.294725
              ],
              [
                126.783573,
                37.295268
              ],
              [
                126.764643,
                37.298267
              ],
              [
                126.73331,
                37.30617
              ],
              [
                126.689793,
                37.332486
              ],
              [
                126.687488,
                37.344028
              ],
              [
                126.706865,
                37.366469
              ],
              [
                126.720045,
                37.377053
              ],
              [
                126.751571,
                37.384385
              ],
              [
                126.759011,
                37.388759
              ],
              [
                126.772138,
                37.396477
              ],
              [
                126.786401,
                37.418388
              ],
              [
                126.795806,
                37.443038
              ],
              [
                126.786298,
                37.45544
              ],
              [
                126.770175,
                37.463838
              ],
              [
                126.759426,
                37.483449
              ],
              [
                126.759529,
                37.507065
              ],
              [
                126.700618,
                37.552023
              ],
              [
                126.64933,
                37.550579
              ],
              [
                126.603792,
                37.549297
              ],
              [
                126.598907,
                37.558088
              ],
              [
                126.591105,
                37.57287
              ],
              [
                126.58225,
                37.584483
              ],
              [
                126.571935,
                37.598495
              ],
              [
                126.560515,
                37.607353
              ],
              [
                126.560286,
                37.620847
              ],
              [
                126.556163,
                37.641018
              ],
              [
                126.545421,
                37.672512
              ],
              [
                126.531016,
                37.754706
              ],
              [
                126.534923,
                37.768215
              ],
              [
                126.548188,
                37.770168
              ],
              [
                126.603282,
                37.754543
              ],
              [
                126.62086,
                37.757554
              ],
              [
                126.635509,
                37.763007
              ],
              [
                126.648529,
                37.765041
              ],
              [
                126.661876,
                37.757961
              ],
              [
                126.66684,
                37.746161
              ],
              [
                126.668793,
                37.727729
              ],
              [
                126.667328,
                37.708808
              ],
              [
                126.661876,
                37.695868
              ],
              [
                126.661469,
                37.672431
              ],
              [
                126.692149,
                37.652045
              ],
              [
                126.731049,
                37.639065
              ],
              [
                126.755219,
                37.637885
              ],
              [
                126.73642,
                37.653306
              ],
              [
                126.678803,
                37.686265
              ],
              [
                126.695567,
                37.721747
              ],
              [
                126.700531,
                37.742987
              ],
              [
                126.6963,
                37.757961
              ],
              [
                126.68686,
                37.773627
              ],
              [
                126.686045,
                37.782183
              ],
              [
                126.684906,
                37.793606
              ],
              [
                126.689464,
                37.813666
              ],
              [
                126.699962,
                37.829657
              ],
              [
                126.692475,
                37.837104
              ],
              [
                126.682628,
                37.836005
              ],
              [
                126.667459,
                37.82781
              ]
            ],
            [
              [
                127.11589,
                37.550576
              ],
              [
                127.125088,
                37.578895
              ],
              [
                127.124468,
                37.603312
              ],
              [
                127.11403,
                37.625559
              ],
              [
                127.107415,
                37.657392
              ],
              [
                127.090258,
                37.680801
              ],
              [
                127.054292,
                37.683127
              ],
              [
                127.023079,
                37.67721
              ],
              [
                127.003132,
                37.660286
              ],
              [
                126.989076,
                37.636669
              ],
              [
                126.966028,
                37.613415
              ],
              [
                126.921173,
                37.610004
              ],
              [
                126.915385,
                37.59414
              ],
              [
                126.913732,
                37.576931
              ],
              [
                126.892544,
                37.5667
              ],
              [
                126.868773,
                37.560292
              ],
              [
                126.836734,
                37.575795
              ],
              [
                126.808725,
                37.577216
              ],
              [
                126.793739,
                37.551662
              ],
              [
                126.817407,
                37.528666
              ],
              [
                126.837251,
                37.506212
              ],
              [
                126.842522,
                37.477506
              ],
              [
                126.862469,
                37.467067
              ],
              [
                126.891408,
                37.460143
              ],
              [
                126.92076,
                37.429473
              ],
              [
                126.963651,
                37.42831
              ],
              [
                126.981945,
                37.430687
              ],
              [
                126.999515,
                37.438697
              ],
              [
                127.024319,
                37.444847
              ],
              [
                127.049331,
                37.449446
              ],
              [
                127.060803,
                37.428517
              ],
              [
                127.090155,
                37.440247
              ],
              [
                127.11868,
                37.445518
              ],
              [
                127.144622,
                37.457766
              ],
              [
                127.15413,
                37.47084
              ],
              [
                127.171287,
                37.489443
              ],
              [
                127.163226,
                37.496626
              ],
              [
                127.162915,
                37.514713
              ],
              [
                127.178108,
                37.522723
              ],
              [
                127.192061,
                37.52833
              ],
              [
                127.194748,
                37.543238
              ],
              [
                127.1871,
                37.557785
              ],
              [
                127.16674,
                37.557553
              ],
              [
                127.143278,
                37.550835
              ],
              [
                127.11589,
                37.550576
              ]
            ]
          ],
          [
            [
              [
                126.295258,
                37.802476
              ],
              [
                126.314952,
                37.80272
              ],
              [
                126.333263,
                37.800442
              ],
              [
                126.34254,
                37.792141
              ],
              [
                126.335948,
                37.7744
              ],
              [
                126.318207,
                37.762274
              ],
              [
                126.296235,
                37.761135
              ],
              [
                126.254568,
                37.768215
              ],
              [
                126.245372,
                37.765367
              ],
              [
                126.234141,
                37.760647
              ],
              [
                126.224457,
                37.760443
              ],
              [
                126.22047,
                37.771308
              ],
              [
                126.222667,
                37.774726
              ],
              [
                126.234141,
                37.802314
              ],
              [
                126.24643,
                37.811754
              ],
              [
                126.260509,
                37.814765
              ],
              [
                126.276541,
                37.81151
              ],
              [
                126.295258,
                37.802476
              ]
            ]
          ],
          [
            [
              [
                126.3567,
                37.695136
              ],
              [
                126.369151,
                37.687323
              ],
              [
                126.378754,
                37.678697
              ],
              [
                126.380707,
                37.669176
              ],
              [
                126.370128,
                37.658352
              ],
              [
                126.349864,
                37.657375
              ],
              [
                126.281993,
                37.699286
              ],
              [
                126.290782,
                37.705634
              ],
              [
                126.294932,
                37.713568
              ],
              [
                126.300629,
                37.732367
              ],
              [
                126.303722,
                37.737209
              ],
              [
                126.308604,
                37.742336
              ],
              [
                126.31422,
                37.74608
              ],
              [
                126.319998,
                37.747219
              ],
              [
                126.323741,
                37.745551
              ],
              [
                126.326182,
                37.742499
              ],
              [
                126.327647,
                37.738267
              ],
              [
                126.33074,
                37.719957
              ],
              [
                126.331879,
                37.716498
              ],
              [
                126.336681,
                37.709906
              ],
              [
                126.343028,
                37.704291
              ],
              [
                126.3567,
                37.695136
              ]
            ]
          ],
          [
            [
              [
                126.507823,
                37.596869
              ],
              [
                126.500173,
                37.596177
              ],
              [
                126.494151,
                37.598375
              ],
              [
                126.483653,
                37.607408
              ],
              [
                126.476085,
                37.61107
              ],
              [
                126.470714,
                37.609565
              ],
              [
                126.466563,
                37.606187
              ],
              [
                126.462738,
                37.604315
              ],
              [
                126.410167,
                37.602037
              ],
              [
                126.390636,
                37.60928
              ],
              [
                126.370128,
                37.631049
              ],
              [
                126.40089,
                37.637437
              ],
              [
                126.408214,
                37.641303
              ],
              [
                126.416677,
                37.651842
              ],
              [
                126.415538,
                37.656684
              ],
              [
                126.409923,
                37.659735
              ],
              [
                126.404796,
                37.665188
              ],
              [
                126.369151,
                37.719062
              ],
              [
                126.366954,
                37.72724
              ],
              [
                126.370616,
                37.737982
              ],
              [
                126.36964,
                37.785346
              ],
              [
                126.37379,
                37.796129
              ],
              [
                126.383474,
                37.799018
              ],
              [
                126.407074,
                37.820705
              ],
              [
                126.425304,
                37.824449
              ],
              [
                126.441254,
                37.815334
              ],
              [
                126.456309,
                37.801215
              ],
              [
                126.471446,
                37.790229
              ],
              [
                126.503591,
                37.777411
              ],
              [
                126.516368,
                37.767239
              ],
              [
                126.521495,
                37.751166
              ],
              [
                126.520356,
                37.743109
              ],
              [
                126.515147,
                37.72956
              ],
              [
                126.514008,
                37.723538
              ],
              [
                126.516287,
                37.716783
              ],
              [
                126.525564,
                37.703274
              ],
              [
                126.52768,
                37.695868
              ],
              [
                126.530935,
                37.659898
              ],
              [
                126.52768,
                37.651516
              ],
              [
                126.533214,
                37.646145
              ],
              [
                126.538829,
                37.635443
              ],
              [
                126.542003,
                37.631049
              ],
              [
                126.529063,
                37.624905
              ],
              [
                126.517833,
                37.603827
              ],
              [
                126.507823,
                37.596869
              ]
            ]
          ],
          [
            [
              [
                124.732677,
                37.980455
              ],
              [
                124.743663,
                37.969672
              ],
              [
                124.742035,
                37.955024
              ],
              [
                124.728201,
                37.947008
              ],
              [
                124.708751,
                37.956285
              ],
              [
                124.683279,
                37.954535
              ],
              [
                124.677989,
                37.952541
              ],
              [
                124.678396,
                37.942043
              ],
              [
                124.688162,
                37.938178
              ],
              [
                124.69988,
                37.93651
              ],
              [
                124.705333,
                37.932685
              ],
              [
                124.684906,
                37.919989
              ],
              [
                124.644054,
                37.924506
              ],
              [
                124.613617,
                37.945054
              ],
              [
                124.624034,
                37.980455
              ],
              [
                124.649425,
                37.973293
              ],
              [
                124.704926,
                37.988674
              ],
              [
                124.732677,
                37.980455
              ]
            ]
          ],
          [
            [
              [
                126.099864,
                37.228013
              ],
              [
                126.092784,
                37.22484
              ],
              [
                126.088634,
                37.225979
              ],
              [
                126.088715,
                37.22956
              ],
              [
                126.091807,
                37.245917
              ],
              [
                126.097423,
                37.259426
              ],
              [
                126.104747,
                37.267524
              ],
              [
                126.112804,
                37.263088
              ],
              [
                126.119802,
                37.253607
              ],
              [
                126.126964,
                37.248928
              ],
              [
                126.151622,
                37.238593
              ],
              [
                126.15919,
                37.23192
              ],
              [
                126.15504,
                37.225735
              ],
              [
                126.142345,
                37.215399
              ],
              [
                126.133311,
                37.212348
              ],
              [
                126.121593,
                37.210924
              ],
              [
                126.111664,
                37.214545
              ],
              [
                126.105154,
                37.223578
              ],
              [
                126.10255,
                37.228664
              ],
              [
                126.099864,
                37.228013
              ]
            ]
          ],
          [
            [
              [
                126.48406,
                37.278998
              ],
              [
                126.494395,
                37.273505
              ],
              [
                126.498302,
                37.26142
              ],
              [
                126.493907,
                37.25727
              ],
              [
                126.483165,
                37.25434
              ],
              [
                126.479015,
                37.247748
              ],
              [
                126.478201,
                37.241604
              ],
              [
                126.469493,
                37.233466
              ],
              [
                126.458181,
                37.231269
              ],
              [
                126.45045,
                37.235826
              ],
              [
                126.442231,
                37.235175
              ],
              [
                126.43572,
                37.23843
              ],
              [
                126.433442,
                37.251044
              ],
              [
                126.435313,
                37.263983
              ],
              [
                126.443533,
                37.273098
              ],
              [
                126.461192,
                37.280585
              ],
              [
                126.48406,
                37.278998
              ]
            ]
          ],
          [
            [
              [
                126.613943,
                37.255194
              ],
              [
                126.616384,
                37.250556
              ],
              [
                126.618826,
                37.242011
              ],
              [
                126.613536,
                37.232815
              ],
              [
                126.562511,
                37.200385
              ],
              [
                126.539317,
                37.198065
              ],
              [
                126.539561,
                37.203111
              ],
              [
                126.550466,
                37.214911
              ],
              [
                126.551931,
                37.221666
              ],
              [
                126.547374,
                37.227484
              ],
              [
                126.560395,
                37.239325
              ],
              [
                126.560802,
                37.251288
              ],
              [
                126.555431,
                37.266059
              ],
              [
                126.548025,
                37.276313
              ],
              [
                126.540782,
                37.282945
              ],
              [
                126.542979,
                37.28498
              ],
              [
                126.559418,
                37.278632
              ],
              [
                126.573497,
                37.288479
              ],
              [
                126.576671,
                37.287665
              ],
              [
                126.573741,
                37.278998
              ],
              [
                126.577891,
                37.271145
              ],
              [
                126.58961,
                37.265774
              ],
              [
                126.608653,
                37.259426
              ],
              [
                126.613943,
                37.255194
              ]
            ]
          ],
          [
            [
              [
                125.688243,
                37.679267
              ],
              [
                125.699229,
                37.678127
              ],
              [
                125.706228,
                37.672309
              ],
              [
                125.703136,
                37.661444
              ],
              [
                125.693614,
                37.653957
              ],
              [
                125.687836,
                37.65176
              ],
              [
                125.684581,
                37.657294
              ],
              [
                125.67921,
                37.669664
              ],
              [
                125.680431,
                37.67829
              ],
              [
                125.688243,
                37.679267
              ]
            ]
          ],
          [
            [
              [
                124.716482,
                37.84691
              ],
              [
                124.724457,
                37.843655
              ],
              [
                124.725841,
                37.837388
              ],
              [
                124.721365,
                37.828437
              ],
              [
                124.718272,
                37.818183
              ],
              [
                124.714203,
                37.809556
              ],
              [
                124.706798,
                37.806342
              ],
              [
                124.698985,
                37.806871
              ],
              [
                124.692393,
                37.804999
              ],
              [
                124.687266,
                37.800767
              ],
              [
                124.684581,
                37.799994
              ],
              [
                124.684581,
                37.802639
              ],
              [
                124.684744,
                37.803941
              ],
              [
                124.681488,
                37.808824
              ],
              [
                124.673513,
                37.817043
              ],
              [
                124.676524,
                37.824897
              ],
              [
                124.69337,
                37.835517
              ],
              [
                124.704112,
                37.844387
              ],
              [
                124.709158,
                37.847561
              ],
              [
                124.716482,
                37.84691
              ]
            ]
          ]
        ]
      }
    },
    {
      "type": "Feature",
      "properties": {
        "featurecla": "Admin-1 states provinces",
        "scalerank": 6,
        "adm1_code": "PRK-3303",
        "diss_me": 3303,
        "iso_3166_2": "KP-06",
        "wikipedia": null,
        "iso_a2": "KP",
        "adm0_sr": 1,
        "name": "Hwanghae-bukto",
        "name_alt": "North Hwanghae|North Hwanghai",
        "name_local": "황해북도",
        "type": "Do",
        "type_en": "Province",
        "code_local": null,
        "code_hasc": "KP.WK",
        "note": null,
        "hasc_maybe": null,
        "region": null,
        "region_cod": null,
        "provnum_ne": 20007,
        "gadm_level": 1,
        "check_me": 0,
        "datarank": 6,
        "abbrev": null,
        "postal": "WB",
        "area_sqkm": 0,
        "sameascity": -99,
        "labelrank": 6,
        "name_len": 14,
        "mapcolor9": 3,
        "mapcolor13": 9,
        "fips": "KN07",
        "fips_alt": null,
        "woe_id": 2345953,
        "woe_label": "Hwanghae-bukto, KP, North Korea",
        "woe_name": "Hwanghae-bukto",
        "latitude": 38.5962,
        "longitude": 126.297,
        "sov_a3": "PRK",
        "adm0_a3": "PRK",
        "adm0_label": 2,
        "admin": "North Korea",
        "geonunit": "North Korea",
        "gu_a3": "PRK",
        "gn_id": 1876888,
        "gn_name": "Hwanghae-bukto",
        "gns_id": -176109,
        "gns_name": "Hwanghae-bukto",
        "gn_level": 1,
        "gn_region": null,
        "gn_a1_code": "KP.07",
        "region_sub": null,
        "sub_code": null,
        "gns_level": 1,
        "gns_lang": "kor",
        "gns_adm1": "KN07",
        "gns_region": null,
        "min_label": 8,
        "max_label": 11,
        "min_zoom": 8,
        "wikidataid": "Q109342",
        "name_ar": "هوانغهاي الشمالية",
        "name_bn": "নর্থ হোয়াংঘে প্রদেশ",
        "name_de": "Hwanghae-pukto",
        "name_en": "North Hwanghae",
        "name_es": "Hwanghae del Norte",
        "name_fr": "Hwanghae du Nord",
        "name_el": "Βόρειο Χουανγκέ",
        "name_hi": "उत्तरी ह्वांगहे प्रांत",
        "name_hu": "Észak-Hvanghe",
        "name_id": "Hwanghae Utara",
        "name_it": "Nord Hwanghae",
        "name_ja": "黄海北道",
        "name_ko": "황해북도",
        "name_nl": "Hwanghae-pukto",
        "name_pl": "Hwanghae Północne",
        "name_pt": "Hwanghae Norte",
        "name_ru": "Хванхэ-Пукто",
        "name_sv": "Norra Hwanghae",
        "name_tr": "Kuzey Hwanghae",
        "name_vi": "Hwanghae Bắc",
        "name_zh": "黄海北道",
        "ne_id": 1159315273,
        "name_he": "הוואנגה-בוקטו",
        "name_uk": "Північна провінція Хванхе",
        "name_ur": "شمالی ہوانگہائے صوبہ",
        "name_fa": "استان هوانگهائه شمالی",
        "name_zht": "黃海北道",
        "FCLASS_ISO": null,
        "FCLASS_US": null,
        "FCLASS_FR": null,
        "FCLASS_RU": null,
        "FCLASS_ES": null,
        "FCLASS_CN": null,
        "FCLASS_TW": null,
        "FCLASS_IN": null,
        "FCLASS_NP": null,
        "FCLASS_PK": null,
        "FCLASS_DE": null,
        "FCLASS_GB": null,
        "FCLASS_BR": null,
        "FCLASS_IL": null,
        "FCLASS_PS": null,
        "FCLASS_SA": null,
        "FCLASS_EG": null,
        "FCLASS_MA": null,
        "FCLASS_PT": null,
        "FCLASS_AR": null,
        "FCLASS_JP": null,
        "FCLASS_KO": null,
        "FCLASS_VN": null,
        "FCLASS_TR": null,
        "FCLASS_ID": null,
        "FCLASS_PL": null,
        "FCLASS_GR": null,
        "FCLASS_IT": null,
        "FCLASS_NL": null,
        "FCLASS_SE": null,
        "FCLASS_BD": null,
        "FCLASS_UA": null,
        "FCLASS_TLC": null
      },
      "bbox": [
        125.573865,
        37.7744,
        127.019152,
        39.167584
      ],
      "geometry": {
        "type": "Polygon",
        "coordinates": [
          [
            [
              126.940134,
              38.174173
            ],
            [
              126.919829,
              38.134598
            ],
            [
              126.903344,
              38.119586
            ],
            [
              126.864793,
              38.096022
            ],
            [
              126.847327,
              38.082018
            ],
            [
              126.761906,
              37.979001
            ],
            [
              126.722115,
              37.953938
            ],
            [
              126.696328,
              37.946186
            ],
            [
              126.677828,
              37.944584
            ],
            [
              126.665787,
              37.937634
            ],
            [
              126.660516,
              37.913811
            ],
            [
              126.667459,
              37.82781
            ],
            [
              126.667003,
              37.827582
            ],
            [
              126.655772,
              37.814521
            ],
            [
              126.651622,
              37.799262
            ],
            [
              126.6421,
              37.798
            ],
            [
              126.620779,
              37.787706
            ],
            [
              126.593272,
              37.7744
            ],
            [
              126.576182,
              37.777533
            ],
            [
              126.436615,
              37.848375
            ],
            [
              126.428477,
              37.854193
            ],
            [
              126.404307,
              37.887152
            ],
            [
              126.401638,
              37.889015
            ],
            [
              126.401722,
              37.889135
            ],
            [
              126.407613,
              37.897532
            ],
            [
              126.409576,
              37.901718
            ],
            [
              126.411023,
              37.907583
            ],
            [
              126.409473,
              37.912802
            ],
            [
              126.403375,
              37.918177
            ],
            [
              126.397277,
              37.921897
            ],
            [
              126.39242,
              37.928331
            ],
            [
              126.39087,
              37.938227
            ],
            [
              126.394694,
              37.969957
            ],
            [
              126.397071,
              37.977243
            ],
            [
              126.399655,
              37.981635
            ],
            [
              126.401412,
              37.987527
            ],
            [
              126.400791,
              37.995562
            ],
            [
              126.393867,
              38.00675
            ],
            [
              126.390043,
              38.022718
            ],
            [
              126.398001,
              38.038996
            ],
            [
              126.386839,
              38.060494
            ],
            [
              126.389939,
              38.086099
            ],
            [
              126.386839,
              38.093567
            ],
            [
              126.381671,
              38.097701
            ],
            [
              126.375263,
              38.104212
            ],
            [
              126.37485,
              38.111498
            ],
            [
              126.378261,
              38.123126
            ],
            [
              126.383532,
              38.129404
            ],
            [
              126.396244,
              38.136251
            ],
            [
              126.401722,
              38.140334
            ],
            [
              126.406476,
              38.144649
            ],
            [
              126.411333,
              38.147465
            ],
            [
              126.415778,
              38.146845
            ],
            [
              126.418361,
              38.143719
            ],
            [
              126.423736,
              38.129327
            ],
            [
              126.42632,
              38.124547
            ],
            [
              126.430247,
              38.120671
            ],
            [
              126.433141,
              38.119405
            ],
            [
              126.437585,
              38.121627
            ],
            [
              126.439239,
              38.127156
            ],
            [
              126.439445,
              38.13713
            ],
            [
              126.436345,
              38.144261
            ],
            [
              126.429007,
              38.155062
            ],
            [
              126.421565,
              38.170409
            ],
            [
              126.415054,
              38.180099
            ],
            [
              126.405752,
              38.189995
            ],
            [
              126.400171,
              38.194491
            ],
            [
              126.39428,
              38.198366
            ],
            [
              126.388182,
              38.201131
            ],
            [
              126.336816,
              38.218546
            ],
            [
              126.308084,
              38.231284
            ],
            [
              126.28514,
              38.238597
            ],
            [
              126.272117,
              38.240767
            ],
            [
              126.249793,
              38.240276
            ],
            [
              126.206178,
              38.233015
            ],
            [
              126.20101,
              38.231129
            ],
            [
              126.195119,
              38.22821
            ],
            [
              126.163803,
              38.207875
            ],
            [
              126.157602,
              38.204568
            ],
            [
              126.151401,
              38.203379
            ],
            [
              126.14489,
              38.204051
            ],
            [
              126.132487,
              38.206996
            ],
            [
              126.12608,
              38.206996
            ],
            [
              126.119775,
              38.205317
            ],
            [
              126.113677,
              38.202371
            ],
            [
              126.108406,
              38.19816
            ],
            [
              126.098588,
              38.188367
            ],
            [
              126.090113,
              38.185241
            ],
            [
              126.079261,
              38.183949
            ],
            [
              126.047738,
              38.189943
            ],
            [
              126.03823,
              38.190072
            ],
            [
              126.031718,
              38.187979
            ],
            [
              126.00743,
              38.177463
            ],
            [
              125.970327,
              38.170099
            ],
            [
              125.961955,
              38.169608
            ],
            [
              125.95193,
              38.170151
            ],
            [
              125.936324,
              38.172632
            ],
            [
              125.927642,
              38.176611
            ],
            [
              125.921751,
              38.181339
            ],
            [
              125.91896,
              38.186171
            ],
            [
              125.916893,
              38.191158
            ],
            [
              125.907902,
              38.230225
            ],
            [
              125.904181,
              38.239914
            ],
            [
              125.898497,
              38.245702
            ],
            [
              125.870798,
              38.26397
            ],
            [
              125.863253,
              38.271334
            ],
            [
              125.857982,
              38.278051
            ],
            [
              125.857155,
              38.283116
            ],
            [
              125.855192,
              38.288077
            ],
            [
              125.842893,
              38.300479
            ],
            [
              125.837932,
              38.310556
            ],
            [
              125.832971,
              38.31655
            ],
            [
              125.826976,
              38.318592
            ],
            [
              125.821085,
              38.317972
            ],
            [
              125.815918,
              38.315672
            ],
            [
              125.81075,
              38.312726
            ],
            [
              125.805066,
              38.310866
            ],
            [
              125.782638,
              38.314535
            ],
            [
              125.774783,
              38.313967
            ],
            [
              125.758453,
              38.309083
            ],
            [
              125.743881,
              38.310788
            ],
            [
              125.7414,
              38.314277
            ],
            [
              125.743261,
              38.317894
            ],
            [
              125.747808,
              38.321253
            ],
            [
              125.750082,
              38.323682
            ],
            [
              125.751219,
              38.327325
            ],
            [
              125.749462,
              38.332131
            ],
            [
              125.743467,
              38.337376
            ],
            [
              125.731065,
              38.346161
            ],
            [
              125.710911,
              38.354326
            ],
            [
              125.703986,
              38.360114
            ],
            [
              125.703986,
              38.363473
            ],
            [
              125.711841,
              38.367503
            ],
            [
              125.716595,
              38.371224
            ],
            [
              125.720833,
              38.37572
            ],
            [
              125.723727,
              38.380578
            ],
            [
              125.725174,
              38.384789
            ],
            [
              125.723934,
              38.388742
            ],
            [
              125.722073,
              38.391843
            ],
            [
              125.704297,
              38.409568
            ],
            [
              125.701816,
              38.41272
            ],
            [
              125.699852,
              38.416312
            ],
            [
              125.698405,
              38.420653
            ],
            [
              125.696545,
              38.430342
            ],
            [
              125.696132,
              38.44631
            ],
            [
              125.696545,
              38.451658
            ],
            [
              125.697682,
              38.457059
            ],
            [
              125.699956,
              38.462278
            ],
            [
              125.701093,
              38.467523
            ],
            [
              125.700266,
              38.47251
            ],
            [
              125.692411,
              38.485868
            ],
            [
              125.683833,
              38.497237
            ],
            [
              125.680939,
              38.505686
            ],
            [
              125.676805,
              38.513851
            ],
            [
              125.668536,
              38.52416
            ],
            [
              125.664919,
              38.531008
            ],
            [
              125.663265,
              38.537364
            ],
            [
              125.664609,
              38.558448
            ],
            [
              125.664299,
              38.563848
            ],
            [
              125.662542,
              38.569248
            ],
            [
              125.657168,
              38.57948
            ],
            [
              125.655927,
              38.584596
            ],
            [
              125.655514,
              38.611881
            ],
            [
              125.652413,
              38.624387
            ],
            [
              125.647231,
              38.628559
            ],
            [
              125.657807,
              38.631008
            ],
            [
              125.648529,
              38.638495
            ],
            [
              125.636811,
              38.653998
            ],
            [
              125.630626,
              38.658881
            ],
            [
              125.630089,
              38.659009
            ],
            [
              125.617583,
              38.68844
            ],
            [
              125.615723,
              38.714201
            ],
            [
              125.613759,
              38.721719
            ],
            [
              125.610142,
              38.727275
            ],
            [
              125.591849,
              38.741847
            ],
            [
              125.580583,
              38.753165
            ],
            [
              125.576139,
              38.761278
            ],
            [
              125.573865,
              38.767479
            ],
            [
              125.575105,
              38.780501
            ],
            [
              125.604561,
              38.788718
            ],
            [
              125.676805,
              38.826235
            ],
            [
              125.709154,
              38.838844
            ],
            [
              125.735819,
              38.841247
            ],
            [
              125.801448,
              38.838431
            ],
            [
              125.816848,
              38.835433
            ],
            [
              125.91772,
              38.794273
            ],
            [
              125.923405,
              38.790837
            ],
            [
              125.928676,
              38.786651
            ],
            [
              125.932913,
              38.782052
            ],
            [
              125.93529,
              38.777091
            ],
            [
              125.936324,
              38.772026
            ],
            [
              125.935083,
              38.756136
            ],
            [
              125.937564,
              38.750684
            ],
            [
              125.943042,
              38.745749
            ],
            [
              125.981489,
              38.73146
            ],
            [
              125.998439,
              38.722779
            ],
            [
              126.03792,
              38.709136
            ],
            [
              126.063551,
              38.704692
            ],
            [
              126.078434,
              38.705777
            ],
            [
              126.099518,
              38.709446
            ],
            [
              126.107786,
              38.712185
            ],
            [
              126.114917,
              38.715854
            ],
            [
              126.120188,
              38.720402
            ],
            [
              126.137552,
              38.740426
            ],
            [
              126.142719,
              38.745232
            ],
            [
              126.150884,
              38.750064
            ],
            [
              126.161633,
              38.754043
            ],
            [
              126.20039,
              38.762156
            ],
            [
              126.206281,
              38.76474
            ],
            [
              126.211966,
              38.768719
            ],
            [
              126.215583,
              38.77337
            ],
            [
              126.218167,
              38.778279
            ],
            [
              126.2192,
              38.783369
            ],
            [
              126.21858,
              38.816081
            ],
            [
              126.21765,
              38.821171
            ],
            [
              126.21641,
              38.825925
            ],
            [
              126.21424,
              38.830783
            ],
            [
              126.211242,
              38.83564
            ],
            [
              126.175276,
              38.876878
            ],
            [
              126.171865,
              38.879694
            ],
            [
              126.166491,
              38.883027
            ],
            [
              126.142409,
              38.893053
            ],
            [
              126.13042,
              38.899435
            ],
            [
              126.125149,
              38.903801
            ],
            [
              126.121222,
              38.908504
            ],
            [
              126.118328,
              38.913413
            ],
            [
              126.116468,
              38.918529
            ],
            [
              126.115434,
              38.923542
            ],
            [
              126.115124,
              38.928761
            ],
            [
              126.118018,
              38.949251
            ],
            [
              126.119258,
              38.954367
            ],
            [
              126.121429,
              38.960335
            ],
            [
              126.125976,
              38.966511
            ],
            [
              126.134554,
              38.974004
            ],
            [
              126.140032,
              38.975632
            ],
            [
              126.146853,
              38.970438
            ],
            [
              126.155122,
              38.969637
            ],
            [
              126.16618,
              38.974314
            ],
            [
              126.173208,
              38.980696
            ],
            [
              126.181993,
              38.984003
            ],
            [
              126.186748,
              38.989429
            ],
            [
              126.194809,
              38.989998
            ],
            [
              126.20008,
              38.988396
            ],
            [
              126.231189,
              38.984675
            ],
            [
              126.236254,
              38.983176
            ],
            [
              126.242662,
              38.976329
            ],
            [
              126.254134,
              38.968526
            ],
            [
              126.257648,
              38.964986
            ],
            [
              126.270153,
              38.959224
            ],
            [
              126.288654,
              38.954522
            ],
            [
              126.295888,
              38.957493
            ],
            [
              126.302503,
              38.957622
            ],
            [
              126.322553,
              38.954677
            ],
            [
              126.329271,
              38.953049
            ],
            [
              126.360897,
              38.941835
            ],
            [
              126.367408,
              38.938321
            ],
            [
              126.373403,
              38.935789
            ],
            [
              126.378364,
              38.934239
            ],
            [
              126.387252,
              38.930518
            ],
            [
              126.457739,
              38.911966
            ],
            [
              126.469211,
              38.911243
            ],
            [
              126.485334,
              38.911889
            ],
            [
              126.491535,
              38.915971
            ],
            [
              126.496186,
              38.92039
            ],
            [
              126.498563,
              38.924653
            ],
            [
              126.499597,
              38.928193
            ],
            [
              126.500114,
              38.931526
            ],
            [
              126.500114,
              38.935427
            ],
            [
              126.499183,
              38.942274
            ],
            [
              126.497013,
              38.950956
            ],
            [
              126.492672,
              38.960749
            ],
            [
              126.486058,
              38.970438
            ],
            [
              126.485024,
              38.977027
            ],
            [
              126.487298,
              38.984623
            ],
            [
              126.499183,
              38.99669
            ],
            [
              126.507348,
              39.000927
            ],
            [
              126.51479,
              39.002348
            ],
            [
              126.521714,
              39.000385
            ],
            [
              126.571427,
              38.975244
            ],
            [
              126.584139,
              38.97372
            ],
            [
              126.601503,
              38.973539
            ],
            [
              126.637883,
              38.976639
            ],
            [
              126.652146,
              38.980903
            ],
            [
              126.659587,
              38.985838
            ],
            [
              126.65845,
              38.990824
            ],
            [
              126.656486,
              38.995139
            ],
            [
              126.652869,
              39.000385
            ],
            [
              126.645118,
              39.007361
            ],
            [
              126.636126,
              39.017567
            ],
            [
              126.632405,
              39.023174
            ],
            [
              126.629511,
              39.028393
            ],
            [
              126.623414,
              39.044413
            ],
            [
              126.620313,
              39.049426
            ],
            [
              126.615972,
              39.054283
            ],
            [
              126.592718,
              39.072473
            ],
            [
              126.58848,
              39.077589
            ],
            [
              126.58538,
              39.082757
            ],
            [
              126.580625,
              39.093402
            ],
            [
              126.577008,
              39.098957
            ],
            [
              126.563676,
              39.114822
            ],
            [
              126.560885,
              39.119938
            ],
            [
              126.559025,
              39.125493
            ],
            [
              126.557888,
              39.131229
            ],
            [
              126.558095,
              39.138671
            ],
            [
              126.560575,
              39.147172
            ],
            [
              126.567293,
              39.159651
            ],
            [
              126.576905,
              39.166499
            ],
            [
              126.584966,
              39.167584
            ],
            [
              126.592201,
              39.163992
            ],
            [
              126.607497,
              39.148179
            ],
            [
              126.613388,
              39.143683
            ],
            [
              126.62021,
              39.140169
            ],
            [
              126.627754,
              39.137353
            ],
            [
              126.635402,
              39.135674
            ],
            [
              126.651629,
              39.13526
            ],
            [
              126.666408,
              39.136888
            ],
            [
              126.714157,
              39.146784
            ],
            [
              126.721909,
              39.14681
            ],
            [
              126.729867,
              39.145802
            ],
            [
              126.737515,
              39.143425
            ],
            [
              126.749091,
              39.138051
            ],
            [
              126.76418,
              39.127715
            ],
            [
              126.771001,
              39.124331
            ],
            [
              126.777823,
              39.122186
            ],
            [
              126.809655,
              39.117923
            ],
            [
              126.824228,
              39.113039
            ],
            [
              126.839111,
              39.106528
            ],
            [
              126.890684,
              39.073119
            ],
            [
              126.904327,
              39.066169
            ],
            [
              126.925824,
              39.063456
            ],
            [
              126.981738,
              39.069114
            ],
            [
              126.986182,
              39.032321
            ],
            [
              126.993313,
              39.016404
            ],
            [
              127.003235,
              39.005268
            ],
            [
              127.00923,
              39.000307
            ],
            [
              127.010573,
              38.998679
            ],
            [
              127.014707,
              38.991884
            ],
            [
              127.016981,
              38.987207
            ],
            [
              127.018532,
              38.982375
            ],
            [
              127.019152,
              38.977389
            ],
            [
              127.018015,
              38.970438
            ],
            [
              127.015431,
              38.961937
            ],
            [
              127.00861,
              38.948011
            ],
            [
              127.000238,
              38.935221
            ],
            [
              126.983392,
              38.918374
            ],
            [
              126.977707,
              38.914188
            ],
            [
              126.971609,
              38.911088
            ],
            [
              126.965408,
              38.908943
            ],
            [
              126.959207,
              38.90778
            ],
            [
              126.911871,
              38.905248
            ],
            [
              126.905877,
              38.903905
            ],
            [
              126.899779,
              38.901631
            ],
            [
              126.893475,
              38.898117
            ],
            [
              126.887583,
              38.893931
            ],
            [
              126.881899,
              38.889177
            ],
            [
              126.877558,
              38.884371
            ],
            [
              126.874148,
              38.879203
            ],
            [
              126.872597,
              38.871271
            ],
            [
              126.872494,
              38.861349
            ],
            [
              126.875078,
              38.842539
            ],
            [
              126.875388,
              38.816081
            ],
            [
              126.872494,
              38.796108
            ],
            [
              126.869807,
              38.785462
            ],
            [
              126.866913,
              38.777323
            ],
            [
              126.852443,
              38.756627
            ],
            [
              126.81844,
              38.716759
            ],
            [
              126.800147,
              38.685675
            ],
            [
              126.791052,
              38.675753
            ],
            [
              126.785161,
              38.671051
            ],
            [
              126.772552,
              38.663144
            ],
            [
              126.759943,
              38.65746
            ],
            [
              126.700721,
              38.643016
            ],
            [
              126.694314,
              38.640252
            ],
            [
              126.688422,
              38.636944
            ],
            [
              126.683358,
              38.632293
            ],
            [
              126.680051,
              38.627332
            ],
            [
              126.678087,
              38.619168
            ],
            [
              126.67788,
              38.617643
            ],
            [
              126.683462,
              38.608677
            ],
            [
              126.704856,
              38.583459
            ],
            [
              126.708783,
              38.577155
            ],
            [
              126.711677,
              38.569662
            ],
            [
              126.712917,
              38.557776
            ],
            [
              126.711367,
              38.550386
            ],
            [
              126.709403,
              38.544185
            ],
            [
              126.706923,
              38.539121
            ],
            [
              126.703305,
              38.528501
            ],
            [
              126.700825,
              38.518295
            ],
            [
              126.700411,
              38.513283
            ],
            [
              126.701445,
              38.498348
            ],
            [
              126.706923,
              38.478763
            ],
            [
              126.714364,
              38.466205
            ],
            [
              126.781233,
              38.374531
            ],
            [
              126.784851,
              38.367865
            ],
            [
              126.785884,
              38.361044
            ],
            [
              126.789295,
              38.355179
            ],
            [
              126.796426,
              38.349572
            ],
            [
              126.802627,
              38.347143
            ],
            [
              126.810379,
              38.345282
            ],
            [
              126.818957,
              38.342414
            ],
            [
              126.827949,
              38.337867
            ],
            [
              126.839731,
              38.329108
            ],
            [
              126.847689,
              38.327454
            ],
            [
              126.853167,
              38.328229
            ],
            [
              126.863916,
              38.335309
            ],
            [
              126.868877,
              38.337531
            ],
            [
              126.874458,
              38.338978
            ],
            [
              126.880555,
              38.339185
            ],
            [
              126.884276,
              38.334844
            ],
            [
              126.885103,
              38.327868
            ],
            [
              126.878695,
              38.313166
            ],
            [
              126.872907,
              38.306112
            ],
            [
              126.868877,
              38.299161
            ],
            [
              126.867636,
              38.293813
            ],
            [
              126.870634,
              38.286526
            ],
            [
              126.873114,
              38.282625
            ],
            [
              126.880969,
              38.273788
            ],
            [
              126.882209,
              38.268491
            ],
            [
              126.881486,
              38.261825
            ],
            [
              126.875595,
              38.251283
            ],
            [
              126.870634,
              38.239863
            ],
            [
              126.873424,
              38.226323
            ],
            [
              126.890167,
              38.207642
            ],
            [
              126.896163,
              38.204669
            ],
            [
              126.896368,
              38.204568
            ],
            [
              126.905153,
              38.20126
            ],
            [
              126.921793,
              38.199297
            ],
            [
              126.925514,
              38.195498
            ],
            [
              126.928615,
              38.191235
            ],
            [
              126.930992,
              38.186584
            ],
            [
              126.93988,
              38.174518
            ],
            [
              126.940134,
              38.174173
            ]
          ]
        ]
      }
    },
    {
      "type": "Feature",
      "properties": {
        "featurecla": "Admin-1 states provinces",
        "scalerank": 6,
        "adm1_code": "PRK-3307",
        "diss_me": 3307,
        "iso_3166_2": "KP-09",
        "wikipedia": null,
        "iso_a2": "KP",
        "adm0_sr": 1,
        "name": "Hamgyŏng-bukto",
        "name_alt": "North Hamgyong|Kankyo Hoku-do",
        "name_local": "함경북도",
        "type": "Do",
        "type_en": "Province",
        "code_local": null,
        "code_hasc": "KP.HG",
        "note": null,
        "hasc_maybe": null,
        "region": null,
        "region_cod": null,
        "provnum_ne": 20002,
        "gadm_level": 1,
        "check_me": 10,
        "datarank": 6,
        "abbrev": null,
        "postal": "HG",
        "area_sqkm": 0,
        "sameascity": -99,
        "labelrank": 6,
        "name_len": 14,
        "mapcolor9": 3,
        "mapcolor13": 9,
        "fips": "KN17",
        "fips_alt": "KN16|KN17",
        "woe_id": 2345958,
        "woe_label": "Hamgyong-bukto, KP, North Korea",
        "woe_name": "Hamgyŏng-bukto",
        "latitude": 41.8666,
        "longitude": 129.417,
        "sov_a3": "PRK",
        "adm0_a3": "PRK",
        "adm0_label": 2,
        "admin": "North Korea",
        "geonunit": "North Korea",
        "gu_a3": "PRK",
        "gn_id": 2044245,
        "gn_name": "Hambuk",
        "gns_id": -175208,
        "gns_name": "Hamgyong-bukto",
        "gn_level": 1,
        "gn_region": null,
        "gn_a1_code": "KP.17",
        "region_sub": null,
        "sub_code": null,
        "gns_level": 1,
        "gns_lang": "kor",
        "gns_adm1": "KN17",
        "gns_region": null,
        "min_label": 8,
        "max_label": 11,
        "min_zoom": 8,
        "wikidataid": "Q109361",
        "name_ar": "منطقة شمال هامغيونغ",
        "name_bn": "হামইয়ং-বুক্তো",
        "name_de": "Hamgyŏng-pukto",
        "name_en": "North Hamgyong",
        "name_es": "Hamgyŏng del Norte",
        "name_fr": "Hamgyong du Nord",
        "name_el": "Επαρχία Βόρειου Χαμγκιόνγκ",
        "name_hi": "हैमग्यांग-बुक्तो",
        "name_hu": "Észak-Hamgjong",
        "name_id": "Hamgyong Utara",
        "name_it": "Nord Hamgyong",
        "name_ja": "咸鏡北道",
        "name_ko": "함경북도",
        "name_nl": "Hamgyŏng-pukto",
        "name_pl": "Hamgyŏng Północny",
        "name_pt": "Hamgyong Norte",
        "name_ru": "Хамгён-Пукто",
        "name_sv": "Norra Hamgyong",
        "name_tr": "Kuzey Hamgyong",
        "name_vi": "Hamgyong Bắc",
        "name_zh": "咸镜北道",
        "ne_id": 1159315277,
        "name_he": "צפון האמגיונג",
        "name_uk": "Північна провінція Хамгьон",
        "name_ur": "شمالی ہامگیونگ صوبہ",
        "name_fa": "استان هامگیونگ شمالی",
        "name_zht": "咸鏡北道",
        "FCLASS_ISO": null,
        "FCLASS_US": null,
        "FCLASS_FR": null,
        "FCLASS_RU": null,
        "FCLASS_ES": null,
        "FCLASS_CN": null,
        "FCLASS_TW": null,
        "FCLASS_IN": null,
        "FCLASS_NP": null,
        "FCLASS_PK": null,
        "FCLASS_DE": null,
        "FCLASS_GB": null,
        "FCLASS_BR": null,
        "FCLASS_IL": null,
        "FCLASS_PS": null,
        "FCLASS_SA": null,
        "FCLASS_EG": null,
        "FCLASS_MA": null,
        "FCLASS_PT": null,
        "FCLASS_AR": null,
        "FCLASS_JP": null,
        "FCLASS_KO": null,
        "FCLASS_VN": null,
        "FCLASS_TR": null,
        "FCLASS_ID": null,
        "FCLASS_PL": null,
        "FCLASS_GR": null,
        "FCLASS_IT": null,
        "FCLASS_NL": null,
        "FCLASS_SE": null,
        "FCLASS_BD": null,
        "FCLASS_UA": null,
        "FCLASS_TLC": null
      },
      "bbox": [
        128.70494,
        40.564601,
        130.452154,
        43.01027
      ],
      "geometry": {
        "type": "Polygon",
        "coordinates": [
          [
            [
              129.920679,
              43.01027
            ],
            [
              129.934115,
              43.00841
            ],
            [
              129.941556,
              43.003629
            ],
            [
              129.971735,
              42.973735
            ],
            [
              129.981347,
              42.966732
            ],
            [
              129.995713,
              42.961901
            ],
            [
              130.008219,
              42.960557
            ],
            [
              130.047286,
              42.961901
            ],
            [
              130.094312,
              42.976939
            ],
            [
              130.121494,
              42.981848
            ],
            [
              130.133586,
              42.972727
            ],
            [
              130.130485,
              42.959472
            ],
            [
              130.122527,
              42.943323
            ],
            [
              130.111572,
              42.92906
            ],
            [
              130.098756,
              42.921516
            ],
            [
              130.140407,
              42.907124
            ],
            [
              130.193841,
              42.908209
            ],
            [
              130.239006,
              42.90224
            ],
            [
              130.256473,
              42.866894
            ],
            [
              130.24221,
              42.782015
            ],
            [
              130.243037,
              42.743361
            ],
            [
              130.262674,
              42.708609
            ],
            [
              130.317141,
              42.667397
            ],
            [
              130.324789,
              42.650292
            ],
            [
              130.393002,
              42.606238
            ],
            [
              130.403957,
              42.604067
            ],
            [
              130.412742,
              42.604636
            ],
            [
              130.420494,
              42.604274
            ],
            [
              130.427728,
              42.599365
            ],
            [
              130.430002,
              42.591484
            ],
            [
              130.426385,
              42.572105
            ],
            [
              130.431242,
              42.561512
            ],
            [
              130.452154,
              42.549559
            ],
            [
              130.448564,
              42.503284
            ],
            [
              130.432999,
              42.452697
            ],
            [
              130.390195,
              42.437132
            ],
            [
              130.31626,
              42.421567
            ],
            [
              130.261782,
              42.417676
            ],
            [
              130.257891,
              42.390437
            ],
            [
              130.281239,
              42.37098
            ],
            [
              130.273456,
              42.332068
            ],
            [
              130.218978,
              42.281481
            ],
            [
              130.191739,
              42.234785
            ],
            [
              130.202274,
              42.173551
            ],
            [
              130.204286,
              42.159644
            ],
            [
              130.199311,
              42.101304
            ],
            [
              130.193858,
              42.100979
            ],
            [
              130.185313,
              42.103909
            ],
            [
              130.17392,
              42.098782
            ],
            [
              130.160248,
              42.08511
            ],
            [
              130.163585,
              42.083482
            ],
            [
              130.166596,
              42.077094
            ],
            [
              130.159432,
              42.072838
            ],
            [
              130.150108,
              42.074103
            ],
            [
              130.133198,
              42.084719
            ],
            [
              130.120069,
              42.090081
            ],
            [
              130.092772,
              42.089811
            ],
            [
              130.073041,
              42.078459
            ],
            [
              130.067955,
              42.059414
            ],
            [
              130.067015,
              42.051899
            ],
            [
              130.052222,
              42.050365
            ],
            [
              130.049712,
              42.042288
            ],
            [
              130.044908,
              42.035976
            ],
            [
              130.03647,
              42.011624
            ],
            [
              130.033879,
              41.995514
            ],
            [
              130.026817,
              41.9927
            ],
            [
              130.01495,
              42.014404
            ],
            [
              130.002884,
              42.010912
            ],
            [
              130.001297,
              41.990466
            ],
            [
              129.982188,
              41.982652
            ],
            [
              129.989024,
              41.978176
            ],
            [
              129.994151,
              41.973049
            ],
            [
              130.002696,
              41.962226
            ],
            [
              129.992931,
              41.959784
            ],
            [
              129.985606,
              41.955268
            ],
            [
              129.974864,
              41.941636
            ],
            [
              129.978282,
              41.943793
            ],
            [
              129.975678,
              41.933987
            ],
            [
              129.971039,
              41.922065
            ],
            [
              129.968598,
              41.917467
            ],
            [
              129.964692,
              41.898749
            ],
            [
              129.954438,
              41.892035
            ],
            [
              129.946787,
              41.894935
            ],
            [
              129.937394,
              41.903898
            ],
            [
              129.91362,
              41.911195
            ],
            [
              129.89674,
              41.904263
            ],
            [
              129.890391,
              41.883002
            ],
            [
              129.883393,
              41.857408
            ],
            [
              129.884532,
              41.824164
            ],
            [
              129.869652,
              41.791457
            ],
            [
              129.855171,
              41.781792
            ],
            [
              129.85246,
              41.764923
            ],
            [
              129.842813,
              41.758783
            ],
            [
              129.826546,
              41.778446
            ],
            [
              129.813315,
              41.777733
            ],
            [
              129.77476,
              41.759417
            ],
            [
              129.762787,
              41.731024
            ],
            [
              129.749766,
              41.696275
            ],
            [
              129.741361,
              41.684018
            ],
            [
              129.715019,
              41.675337
            ],
            [
              129.690823,
              41.649716
            ],
            [
              129.683185,
              41.61772
            ],
            [
              129.669409,
              41.575959
            ],
            [
              129.648798,
              41.549403
            ],
            [
              129.660655,
              41.525946
            ],
            [
              129.657723,
              41.509239
            ],
            [
              129.65273,
              41.494124
            ],
            [
              129.659403,
              41.464647
            ],
            [
              129.681678,
              41.443084
            ],
            [
              129.70167,
              41.428666
            ],
            [
              129.714603,
              41.419646
            ],
            [
              129.736056,
              41.421286
            ],
            [
              129.744151,
              41.406963
            ],
            [
              129.758184,
              41.392594
            ],
            [
              129.769298,
              41.386176
            ],
            [
              129.775645,
              41.385484
            ],
            [
              129.791108,
              41.387763
            ],
            [
              129.796641,
              41.386176
            ],
            [
              129.806163,
              41.376044
            ],
            [
              129.805186,
              41.372789
            ],
            [
              129.799897,
              41.368598
            ],
            [
              129.796641,
              41.355455
            ],
            [
              129.794688,
              41.352281
            ],
            [
              129.786876,
              41.330064
            ],
            [
              129.786143,
              41.324774
            ],
            [
              129.770356,
              41.315131
            ],
            [
              129.759125,
              41.292873
            ],
            [
              129.719574,
              41.166938
            ],
            [
              129.711925,
              41.122626
            ],
            [
              129.728282,
              41.08515
            ],
            [
              129.722016,
              41.071845
            ],
            [
              129.719819,
              41.05622
            ],
            [
              129.720795,
              41.023668
            ],
            [
              129.728282,
              40.978705
            ],
            [
              129.732514,
              40.96894
            ],
            [
              129.750824,
              40.951728
            ],
            [
              129.764891,
              40.944414
            ],
            [
              129.755574,
              40.93897
            ],
            [
              129.749229,
              40.91701
            ],
            [
              129.752997,
              40.90994
            ],
            [
              129.734272,
              40.891102
            ],
            [
              129.737343,
              40.871456
            ],
            [
              129.725219,
              40.847818
            ],
            [
              129.716558,
              40.834586
            ],
            [
              129.706087,
              40.835661
            ],
            [
              129.698357,
              40.845606
            ],
            [
              129.68456,
              40.841829
            ],
            [
              129.662852,
              40.838772
            ],
            [
              129.643922,
              40.841618
            ],
            [
              129.626167,
              40.838312
            ],
            [
              129.609803,
              40.840929
            ],
            [
              129.597968,
              40.838541
            ],
            [
              129.571773,
              40.839716
            ],
            [
              129.553941,
              40.828932
            ],
            [
              129.551051,
              40.810117
            ],
            [
              129.531997,
              40.807277
            ],
            [
              129.518081,
              40.795467
            ],
            [
              129.50624,
              40.792074
            ],
            [
              129.476529,
              40.793878
            ],
            [
              129.426954,
              40.781296
            ],
            [
              129.389187,
              40.76076
            ],
            [
              129.351687,
              40.745343
            ],
            [
              129.339756,
              40.73443
            ],
            [
              129.32783,
              40.718128
            ],
            [
              129.31121,
              40.687472
            ],
            [
              129.303233,
              40.673651
            ],
            [
              129.296153,
              40.676256
            ],
            [
              129.286632,
              40.68358
            ],
            [
              129.277917,
              40.698037
            ],
            [
              129.270138,
              40.70798
            ],
            [
              129.253157,
              40.709132
            ],
            [
              129.233482,
              40.705714
            ],
            [
              129.217703,
              40.696353
            ],
            [
              129.212393,
              40.685952
            ],
            [
              129.206426,
              40.675546
            ],
            [
              129.206386,
              40.670089
            ],
            [
              129.206995,
              40.663632
            ],
            [
              129.201709,
              40.656207
            ],
            [
              129.200362,
              40.650753
            ],
            [
              129.197765,
              40.638007
            ],
            [
              129.19337,
              40.632636
            ],
            [
              129.190522,
              40.622504
            ],
            [
              129.18705,
              40.616535
            ],
            [
              129.179165,
              40.609599
            ],
            [
              129.174555,
              40.60366
            ],
            [
              129.173676,
              40.593451
            ],
            [
              129.172618,
              40.568915
            ],
            [
              129.161235,
              40.565549
            ],
            [
              129.160605,
              40.564601
            ],
            [
              129.108223,
              40.567447
            ],
            [
              129.089723,
              40.571219
            ],
            [
              129.073393,
              40.578867
            ],
            [
              129.062231,
              40.592225
            ],
            [
              129.059647,
              40.610105
            ],
            [
              129.063058,
              40.624368
            ],
            [
              129.062231,
              40.637985
            ],
            [
              129.047038,
              40.653901
            ],
            [
              129.007144,
              40.678293
            ],
            [
              128.98823,
              40.693124
            ],
            [
              128.975931,
              40.711107
            ],
            [
              128.972831,
              40.723975
            ],
            [
              128.971901,
              40.749451
            ],
            [
              128.969627,
              40.761957
            ],
            [
              128.964046,
              40.772602
            ],
            [
              128.955674,
              40.782576
            ],
            [
              128.937277,
              40.800042
            ],
            [
              128.924462,
              40.815442
            ],
            [
              128.917847,
              40.831281
            ],
            [
              128.919914,
              40.846758
            ],
            [
              128.93304,
              40.861098
            ],
            [
              128.939241,
              40.874921
            ],
            [
              128.93056,
              40.890941
            ],
            [
              128.919087,
              40.907788
            ],
            [
              128.916917,
              40.924014
            ],
            [
              128.926942,
              40.940757
            ],
            [
              128.949473,
              40.969748
            ],
            [
              128.955571,
              40.988222
            ],
            [
              128.955054,
              41.015223
            ],
            [
              128.947819,
              41.040725
            ],
            [
              128.923325,
              41.088293
            ],
            [
              128.936657,
              41.115217
            ],
            [
              128.926322,
              41.141675
            ],
            [
              128.909889,
              41.168805
            ],
            [
              128.905445,
              41.19777
            ],
            [
              128.912886,
              41.211619
            ],
            [
              128.934694,
              41.238155
            ],
            [
              128.938621,
              41.25402
            ],
            [
              128.93304,
              41.269213
            ],
            [
              128.921154,
              41.280633
            ],
            [
              128.906995,
              41.290503
            ],
            [
              128.894386,
              41.301097
            ],
            [
              128.851288,
              41.35528
            ],
            [
              128.835268,
              41.386699
            ],
            [
              128.828447,
              41.420263
            ],
            [
              128.839402,
              41.452716
            ],
            [
              128.865757,
              41.473128
            ],
            [
              128.895109,
              41.491318
            ],
            [
              128.914747,
              41.517208
            ],
            [
              128.91361,
              41.545036
            ],
            [
              128.897797,
              41.573819
            ],
            [
              128.873509,
              41.597875
            ],
            [
              128.846844,
              41.611517
            ],
            [
              128.794237,
              41.615393
            ],
            [
              128.780698,
              41.621387
            ],
            [
              128.775737,
              41.632963
            ],
            [
              128.783695,
              41.642575
            ],
            [
              128.795374,
              41.652833
            ],
            [
              128.802092,
              41.666243
            ],
            [
              128.799818,
              41.677999
            ],
            [
              128.785039,
              41.696732
            ],
            [
              128.779458,
              41.707765
            ],
            [
              128.777184,
              41.721381
            ],
            [
              128.776667,
              41.755669
            ],
            [
              128.778217,
              41.769311
            ],
            [
              128.784212,
              41.795537
            ],
            [
              128.783178,
              41.806544
            ],
            [
              128.775427,
              41.815019
            ],
            [
              128.766228,
              41.815587
            ],
            [
              128.742147,
              41.809464
            ],
            [
              128.733672,
              41.810833
            ],
            [
              128.729435,
              41.817706
            ],
            [
              128.728091,
              41.826543
            ],
            [
              128.727574,
              41.843803
            ],
            [
              128.725611,
              41.853027
            ],
            [
              128.722717,
              41.861424
            ],
            [
              128.710418,
              41.887934
            ],
            [
              128.707937,
              41.897391
            ],
            [
              128.70494,
              41.918992
            ],
            [
              128.718686,
              41.922222
            ],
            [
              128.744628,
              41.914083
            ],
            [
              128.75858,
              41.914806
            ],
            [
              128.768502,
              41.920956
            ],
            [
              128.775634,
              41.929844
            ],
            [
              128.787519,
              41.949429
            ],
            [
              128.805916,
              41.965087
            ],
            [
              128.850254,
              41.985241
            ],
            [
              128.868548,
              41.999969
            ],
            [
              128.88064,
              42.021725
            ],
            [
              128.883172,
              42.030409
            ],
            [
              128.90348,
              42.026273
            ],
            [
              128.940067,
              42.035368
            ],
            [
              128.954847,
              42.075237
            ],
            [
              128.963838,
              42.088517
            ],
            [
              128.985026,
              42.09291
            ],
            [
              129.0089,
              42.09508
            ],
            [
              129.026574,
              42.101876
            ],
            [
              129.053342,
              42.122856
            ],
            [
              129.06347,
              42.136086
            ],
            [
              129.064711,
              42.153759
            ],
            [
              129.088482,
              42.143191
            ],
            [
              129.105535,
              42.142106
            ],
            [
              129.119798,
              42.149366
            ],
            [
              129.148013,
              42.173706
            ],
            [
              129.177675,
              42.193446
            ],
            [
              129.196382,
              42.209182
            ],
            [
              129.204237,
              42.214324
            ],
            [
              129.211162,
              42.219956
            ],
            [
              129.214262,
              42.225692
            ],
            [
              129.209301,
              42.234684
            ],
            [
              129.186874,
              42.236028
            ],
            [
              129.180776,
              42.243107
            ],
            [
              129.18336,
              42.254554
            ],
            [
              129.192145,
              42.259851
            ],
            [
              129.202894,
              42.262744
            ],
            [
              129.211162,
              42.267008
            ],
            [
              129.214779,
              42.275638
            ],
            [
              129.214159,
              42.283699
            ],
            [
              129.216123,
              42.291063
            ],
            [
              129.228008,
              42.297729
            ],
            [
              129.22067,
              42.303672
            ],
            [
              129.212402,
              42.307755
            ],
            [
              129.20372,
              42.310158
            ],
            [
              129.193902,
              42.310778
            ],
            [
              129.193902,
              42.318245
            ],
            [
              129.226148,
              42.318142
            ],
            [
              129.236276,
              42.323878
            ],
            [
              129.242271,
              42.338735
            ],
            [
              129.240307,
              42.344031
            ],
            [
              129.234209,
              42.346564
            ],
            [
              129.228628,
              42.350207
            ],
            [
              129.228008,
              42.359199
            ],
            [
              129.231109,
              42.367648
            ],
            [
              129.23607,
              42.374366
            ],
            [
              129.243098,
              42.378706
            ],
            [
              129.296635,
              42.387233
            ],
            [
              129.303766,
              42.389584
            ],
            [
              129.307073,
              42.407619
            ],
            [
              129.315445,
              42.422321
            ],
            [
              129.326504,
              42.426765
            ],
            [
              129.337872,
              42.414415
            ],
            [
              129.352135,
              42.420616
            ],
            [
              129.343763,
              42.42922
            ],
            [
              129.338596,
              42.438367
            ],
            [
              129.340146,
              42.445472
            ],
            [
              129.352135,
              42.447953
            ],
            [
              129.36309,
              42.445007
            ],
            [
              129.372082,
              42.432553
            ],
            [
              129.386241,
              42.428109
            ],
            [
              129.39544,
              42.430202
            ],
            [
              129.406189,
              42.435964
            ],
            [
              129.418798,
              42.441054
            ],
            [
              129.434094,
              42.441106
            ],
            [
              129.482463,
              42.41072
            ],
            [
              129.488871,
              42.402555
            ],
            [
              129.517086,
              42.390954
            ],
            [
              129.523391,
              42.383383
            ],
            [
              129.526801,
              42.373074
            ],
            [
              129.535173,
              42.36956
            ],
            [
              129.545302,
              42.371317
            ],
            [
              129.55419,
              42.376872
            ],
            [
              129.559461,
              42.387
            ],
            [
              129.560288,
              42.396793
            ],
            [
              129.563182,
              42.404105
            ],
            [
              129.587676,
              42.411366
            ],
            [
              129.594498,
              42.422218
            ],
            [
              129.595634,
              42.435602
            ],
            [
              129.591707,
              42.447953
            ],
            [
              129.633462,
              42.445421
            ],
            [
              129.671185,
              42.437928
            ],
            [
              129.703328,
              42.442372
            ],
            [
              129.728856,
              42.475858
            ],
            [
              129.73361,
              42.511799
            ],
            [
              129.73144,
              42.550918
            ],
            [
              129.736504,
              42.585154
            ],
            [
              129.763066,
              42.606238
            ],
            [
              129.763066,
              42.612387
            ],
            [
              129.74622,
              42.615514
            ],
            [
              129.741569,
              42.629001
            ],
            [
              129.751077,
              42.642928
            ],
            [
              129.776709,
              42.647191
            ],
            [
              129.772264,
              42.661661
            ],
            [
              129.779396,
              42.670394
            ],
            [
              129.787561,
              42.676854
            ],
            [
              129.786527,
              42.684734
            ],
            [
              129.774538,
              42.693338
            ],
            [
              129.76441,
              42.696852
            ],
            [
              129.757588,
              42.703648
            ],
            [
              129.755625,
              42.722277
            ],
            [
              129.757278,
              42.734705
            ],
            [
              129.761309,
              42.746048
            ],
            [
              129.773505,
              42.766951
            ],
            [
              129.789524,
              42.79248
            ],
            [
              129.795002,
              42.806484
            ],
            [
              129.799033,
              42.836663
            ],
            [
              129.834173,
              42.907485
            ],
            [
              129.841511,
              42.917795
            ],
            [
              129.846679,
              42.928234
            ],
            [
              129.847609,
              42.951281
            ],
            [
              129.851743,
              42.961901
            ],
            [
              129.863112,
              42.96898
            ],
            [
              129.893291,
              42.971538
            ],
            [
              129.907037,
              42.976138
            ],
            [
              129.897735,
              42.978747
            ],
            [
              129.890087,
              42.982804
            ],
            [
              129.884092,
              42.988514
            ],
            [
              129.879751,
              42.996033
            ],
            [
              129.890707,
              42.999418
            ],
            [
              129.909207,
              43.008435
            ],
            [
              129.920679,
              43.01027
            ]
          ]
        ]
      }
    },
    {
      "type": "Feature",
      "properties": {
        "featurecla": "Admin-1 states provinces",
        "scalerank": 6,
        "adm1_code": "PRK-5495",
        "diss_me": 5495,
        "iso_3166_2": "KP-13",
        "wikipedia": "http://en.wikipedia.org/wiki/Rason",
        "iso_a2": "KP",
        "adm0_sr": 1,
        "name": "Rasŏn",
        "name_alt": "Najin Sŏnbong-si",
        "name_local": "함경북도",
        "type": "Do",
        "type_en": "Province",
        "code_local": null,
        "code_hasc": "KP.NJ",
        "note": null,
        "hasc_maybe": null,
        "region": null,
        "region_cod": null,
        "provnum_ne": 20002,
        "gadm_level": 1,
        "check_me": 10,
        "datarank": 6,
        "abbrev": null,
        "postal": "HG",
        "area_sqkm": 0,
        "sameascity": 1,
        "labelrank": 6,
        "name_len": 5,
        "mapcolor9": 3,
        "mapcolor13": 9,
        "fips": "KN18",
        "fips_alt": "KN16|KN17",
        "woe_id": 2345958,
        "woe_label": "Hamgyong-bukto, KP, North Korea",
        "woe_name": "Hamgyŏng-bukto",
        "latitude": 42.3414,
        "longitude": 130.373,
        "sov_a3": "PRK",
        "adm0_a3": "PRK",
        "adm0_label": 2,
        "admin": "North Korea",
        "geonunit": "North Korea",
        "gu_a3": "PRK",
        "gn_id": 2054927,
        "gn_name": "Nason-si",
        "gns_id": 6181493,
        "gns_name": "Nason-si",
        "gn_level": 1,
        "gn_region": null,
        "gn_a1_code": "KP.18",
        "region_sub": null,
        "sub_code": null,
        "gns_level": 1,
        "gns_lang": "kor",
        "gns_adm1": "KN18",
        "gns_region": null,
        "min_label": 8,
        "max_label": 11,
        "min_zoom": 8,
        "wikidataid": "Q221734",
        "name_ar": "راسون",
        "name_bn": "রাসোন",
        "name_de": "Rasŏn",
        "name_en": "Rason",
        "name_es": "Rasŏn",
        "name_fr": "Rasŏn",
        "name_el": "Ράσον",
        "name_hi": "रासों",
        "name_hu": "Raszon",
        "name_id": "Rason",
        "name_it": "Rasŏn",
        "name_ja": "羅先特別市",
        "name_ko": "라선특별시",
        "name_nl": "Rasŏn",
        "name_pl": "Rasŏn",
        "name_pt": "Rason",
        "name_ru": "Насон",
        "name_sv": "Rason",
        "name_tr": "Rason",
        "name_vi": "Rason",
        "name_zh": "罗先市",
        "ne_id": 1159317137,
        "name_he": "ראסון",
        "name_uk": "Насон",
        "name_ur": "راسون",
        "name_fa": "راسون",
        "name_zht": "羅先市",
        "FCLASS_ISO": null,
        "FCLASS_US": null,
        "FCLASS_FR": null,
        "FCLASS_RU": null,
        "FCLASS_ES": null,
        "FCLASS_CN": null,
        "FCLASS_TW": null,
        "FCLASS_IN": null,
        "FCLASS_NP": null,
        "FCLASS_PK": null,
        "FCLASS_DE": null,
        "FCLASS_GB": null,
        "FCLASS_BR": null,
        "FCLASS_IL": null,
        "FCLASS_PS": null,
        "FCLASS_SA": null,
        "FCLASS_EG": null,
        "FCLASS_MA": null,
        "FCLASS_PT": null,
        "FCLASS_AR": null,
        "FCLASS_JP": null,
        "FCLASS_KO": null,
        "FCLASS_VN": null,
        "FCLASS_TR": null,
        "FCLASS_ID": null,
        "FCLASS_PL": null,
        "FCLASS_GR": null,
        "FCLASS_IT": null,
        "FCLASS_NL": null,
        "FCLASS_SE": null,
        "FCLASS_BD": null,
        "FCLASS_UA": null,
        "FCLASS_TLC": null
      },
      "bbox": [
        130.191739,
        42.173551,
        130.699962,
        42.610785
      ],
      "geometry": {
        "type": "Polygon",
        "coordinates": [
          [
            [
              130.501419,
              42.610785
            ],
            [
              130.516508,
              42.599365
            ],
            [
              130.519506,
              42.58859
            ],
            [
              130.52519,
              42.549239
            ],
            [
              130.530771,
              42.53048
            ],
            [
              130.542657,
              42.510533
            ],
            [
              130.544517,
              42.506295
            ],
            [
              130.546067,
              42.495288
            ],
            [
              130.549891,
              42.490379
            ],
            [
              130.554749,
              42.487614
            ],
            [
              130.55878,
              42.482705
            ],
            [
              130.575626,
              42.445731
            ],
            [
              130.587408,
              42.432011
            ],
            [
              130.605909,
              42.420616
            ],
            [
              130.628543,
              42.414802
            ],
            [
              130.645803,
              42.400876
            ],
            [
              130.656655,
              42.383254
            ],
            [
              130.660582,
              42.359199
            ],
            [
              130.660272,
              42.333929
            ],
            [
              130.662753,
              42.32057
            ],
            [
              130.672881,
              42.311139
            ],
            [
              130.699962,
              42.295111
            ],
            [
              130.695557,
              42.289001
            ],
            [
              130.667129,
              42.283092
            ],
            [
              130.631577,
              42.274397
            ],
            [
              130.616621,
              42.272318
            ],
            [
              130.603823,
              42.26326
            ],
            [
              130.597544,
              42.26278
            ],
            [
              130.598481,
              42.280951
            ],
            [
              130.597667,
              42.291938
            ],
            [
              130.594981,
              42.298163
            ],
            [
              130.582042,
              42.307929
            ],
            [
              130.569366,
              42.315259
            ],
            [
              130.540501,
              42.318371
            ],
            [
              130.519053,
              42.327603
            ],
            [
              130.51019,
              42.33578
            ],
            [
              130.480684,
              42.339752
            ],
            [
              130.465653,
              42.334752
            ],
            [
              130.469396,
              42.322075
            ],
            [
              130.45646,
              42.311769
            ],
            [
              130.440098,
              42.309128
            ],
            [
              130.431839,
              42.318125
            ],
            [
              130.419159,
              42.324398
            ],
            [
              130.40745,
              42.324577
            ],
            [
              130.406993,
              42.315741
            ],
            [
              130.405854,
              42.307115
            ],
            [
              130.393999,
              42.299952
            ],
            [
              130.384157,
              42.291195
            ],
            [
              130.386322,
              42.277655
            ],
            [
              130.386241,
              42.270657
            ],
            [
              130.391124,
              42.264106
            ],
            [
              130.399262,
              42.26317
            ],
            [
              130.405854,
              42.26081
            ],
            [
              130.406016,
              42.249579
            ],
            [
              130.40089,
              42.242499
            ],
            [
              130.393321,
              42.244086
            ],
            [
              130.378182,
              42.257855
            ],
            [
              130.367992,
              42.255687
            ],
            [
              130.360655,
              42.243664
            ],
            [
              130.369837,
              42.232011
            ],
            [
              130.358829,
              42.229272
            ],
            [
              130.351505,
              42.216083
            ],
            [
              130.335057,
              42.213999
            ],
            [
              130.330645,
              42.191508
            ],
            [
              130.31877,
              42.18473
            ],
            [
              130.307026,
              42.183154
            ],
            [
              130.30816,
              42.197595
            ],
            [
              130.315635,
              42.218883
            ],
            [
              130.307418,
              42.236295
            ],
            [
              130.294182,
              42.237045
            ],
            [
              130.251363,
              42.205291
            ],
            [
              130.228986,
              42.182452
            ],
            [
              130.214936,
              42.174628
            ],
            [
              130.202274,
              42.173551
            ],
            [
              130.191739,
              42.234785
            ],
            [
              130.218978,
              42.281481
            ],
            [
              130.273456,
              42.332068
            ],
            [
              130.281239,
              42.37098
            ],
            [
              130.257891,
              42.390437
            ],
            [
              130.261782,
              42.417676
            ],
            [
              130.31626,
              42.421567
            ],
            [
              130.390195,
              42.437132
            ],
            [
              130.432999,
              42.452697
            ],
            [
              130.448564,
              42.503284
            ],
            [
              130.452154,
              42.549559
            ],
            [
              130.452533,
              42.549342
            ],
            [
              130.467933,
              42.554897
            ],
            [
              130.471033,
              42.569754
            ],
            [
              130.455117,
              42.585154
            ],
            [
              130.467829,
              42.600398
            ],
            [
              130.484159,
              42.61001
            ],
            [
              130.501419,
              42.610785
            ]
          ]
        ]
      }
    },
    {
      "type": "Feature",
      "properties": {
        "featurecla": "Admin-1 states provinces",
        "scalerank": 6,
        "adm1_code": "PRK-3314",
        "diss_me": 3314,
        "iso_3166_2": "KP-10",
        "wikipedia": null,
        "iso_a2": "KP",
        "adm0_sr": 1,
        "name": "Ryanggang",
        "name_alt": "Yanggang|Ryanggang-do",
        "name_local": "\t량강도",
        "type": "Do",
        "type_en": "Province",
        "code_local": null,
        "code_hasc": "KP.YG",
        "note": null,
        "hasc_maybe": null,
        "region": null,
        "region_cod": null,
        "provnum_ne": 20003,
        "gadm_level": 1,
        "check_me": 10,
        "datarank": 6,
        "abbrev": null,
        "postal": "YG",
        "area_sqkm": 0,
        "sameascity": -99,
        "labelrank": 6,
        "name_len": 9,
        "mapcolor9": 3,
        "mapcolor13": 9,
        "fips": "KN13",
        "fips_alt": "KN13",
        "woe_id": 2345956,
        "woe_label": "Yanggang-do, KP, North Korea",
        "woe_name": "Ryanggang",
        "latitude": 40.9611,
        "longitude": 127.875,
        "sov_a3": "PRK",
        "adm0_a3": "PRK",
        "adm0_label": 2,
        "admin": "North Korea",
        "geonunit": "North Korea",
        "gu_a3": "PRK",
        "gn_id": 2039332,
        "gn_name": "Yanggang-do",
        "gns_id": -190878,
        "gns_name": "Yanggang-do",
        "gn_level": 1,
        "gn_region": null,
        "gn_a1_code": "KP.13",
        "region_sub": null,
        "sub_code": null,
        "gns_level": 1,
        "gns_lang": "kor",
        "gns_adm1": "KN13",
        "gns_region": null,
        "min_label": 8,
        "max_label": 11,
        "min_zoom": 8,
        "wikidataid": "Q110171",
        "name_ar": "مقاطعة ريانغانغ",
        "name_bn": "রিয়াংগাং",
        "name_de": "Ryanggang-do",
        "name_en": "Ryanggang",
        "name_es": "Ryanggang",
        "name_fr": "Ryanggang",
        "name_el": "Ριανγκάνγκ",
        "name_hi": "रेयांगगैंग प्रांत",
        "name_hu": "Rjanggang",
        "name_id": "Ryanggang",
        "name_it": "Ryanggang",
        "name_ja": "両江道",
        "name_ko": "량강도",
        "name_nl": "Ryanggang-do",
        "name_pl": "Ryanggang",
        "name_pt": "Ryanggang",
        "name_ru": "Янгандо",
        "name_sv": "Ryanggang",
        "name_tr": "Ryanggang",
        "name_vi": "Ryanggang",
        "name_zh": "两江道",
        "ne_id": 1159315289,
        "name_he": "ריאנגגאנג",
        "name_uk": "Провінція Янган",
        "name_ur": "ریانگگانگ صوبہ",
        "name_fa": "استان ریانگگانگ",
        "name_zht": "兩江道",
        "FCLASS_ISO": null,
        "FCLASS_US": null,
        "FCLASS_FR": null,
        "FCLASS_RU": null,
        "FCLASS_ES": null,
        "FCLASS_CN": null,
        "FCLASS_TW": null,
        "FCLASS_IN": null,
        "FCLASS_NP": null,
        "FCLASS_PK": null,
        "FCLASS_DE": null,
        "FCLASS_GB": null,
        "FCLASS_BR": null,
        "FCLASS_IL": null,
        "FCLASS_PS": null,
        "FCLASS_SA": null,
        "FCLASS_EG": null,
        "FCLASS_MA": null,
        "FCLASS_PT": null,
        "FCLASS_AR": null,
        "FCLASS_JP": null,
        "FCLASS_KO": null,
        "FCLASS_VN": null,
        "FCLASS_TR": null,
        "FCLASS_ID": null,
        "FCLASS_PL": null,
        "FCLASS_GR": null,
        "FCLASS_IT": null,
        "FCLASS_NL": null,
        "FCLASS_SE": null,
        "FCLASS_BD": null,
        "FCLASS_UA": null,
        "FCLASS_TLC": null
      },
      "bbox": [
        126.812033,
        40.401617,
        128.938621,
        42.04759
      ],
      "geometry": {
        "type": "Polygon",
        "coordinates": [
          [
            [
              128.720959,
              42.04759
            ],
            [
              128.817077,
              42.043869
            ],
            [
              128.883172,
              42.030409
            ],
            [
              128.88064,
              42.021725
            ],
            [
              128.868548,
              41.999969
            ],
            [
              128.850254,
              41.985241
            ],
            [
              128.805916,
              41.965087
            ],
            [
              128.787519,
              41.949429
            ],
            [
              128.775634,
              41.929844
            ],
            [
              128.768502,
              41.920956
            ],
            [
              128.75858,
              41.914806
            ],
            [
              128.744628,
              41.914083
            ],
            [
              128.718686,
              41.922222
            ],
            [
              128.70494,
              41.918992
            ],
            [
              128.707937,
              41.897391
            ],
            [
              128.710418,
              41.887934
            ],
            [
              128.722717,
              41.861424
            ],
            [
              128.725611,
              41.853027
            ],
            [
              128.727574,
              41.843803
            ],
            [
              128.728091,
              41.826543
            ],
            [
              128.729435,
              41.817706
            ],
            [
              128.733672,
              41.810833
            ],
            [
              128.742147,
              41.809464
            ],
            [
              128.766228,
              41.815587
            ],
            [
              128.775427,
              41.815019
            ],
            [
              128.783178,
              41.806544
            ],
            [
              128.784212,
              41.795537
            ],
            [
              128.778217,
              41.769311
            ],
            [
              128.776667,
              41.755669
            ],
            [
              128.777184,
              41.721381
            ],
            [
              128.779458,
              41.707765
            ],
            [
              128.785039,
              41.696732
            ],
            [
              128.799818,
              41.677999
            ],
            [
              128.802092,
              41.666243
            ],
            [
              128.795374,
              41.652833
            ],
            [
              128.783695,
              41.642575
            ],
            [
              128.775737,
              41.632963
            ],
            [
              128.780698,
              41.621387
            ],
            [
              128.794237,
              41.615393
            ],
            [
              128.846844,
              41.611517
            ],
            [
              128.873509,
              41.597875
            ],
            [
              128.897797,
              41.573819
            ],
            [
              128.91361,
              41.545036
            ],
            [
              128.914747,
              41.517208
            ],
            [
              128.895109,
              41.491318
            ],
            [
              128.865757,
              41.473128
            ],
            [
              128.839402,
              41.452716
            ],
            [
              128.828447,
              41.420263
            ],
            [
              128.835268,
              41.386699
            ],
            [
              128.851288,
              41.35528
            ],
            [
              128.894386,
              41.301097
            ],
            [
              128.906995,
              41.290503
            ],
            [
              128.921154,
              41.280633
            ],
            [
              128.93304,
              41.269213
            ],
            [
              128.938621,
              41.25402
            ],
            [
              128.934694,
              41.238155
            ],
            [
              128.912886,
              41.211619
            ],
            [
              128.905445,
              41.19777
            ],
            [
              128.909889,
              41.168805
            ],
            [
              128.926322,
              41.141675
            ],
            [
              128.936657,
              41.115217
            ],
            [
              128.923325,
              41.088293
            ],
            [
              128.895626,
              41.112866
            ],
            [
              128.857799,
              41.130668
            ],
            [
              128.753206,
              41.167203
            ],
            [
              128.738427,
              41.170278
            ],
            [
              128.723234,
              41.16927
            ],
            [
              128.698636,
              41.163689
            ],
            [
              128.687267,
              41.163508
            ],
            [
              128.645409,
              41.173559
            ],
            [
              128.630216,
              41.172319
            ],
            [
              128.627012,
              41.159969
            ],
            [
              128.628046,
              41.147618
            ],
            [
              128.626599,
              41.13072
            ],
            [
              128.623498,
              41.113822
            ],
            [
              128.619571,
              41.101445
            ],
            [
              128.607168,
              41.090826
            ],
            [
              128.566137,
              41.079663
            ],
            [
              128.549498,
              41.07155
            ],
            [
              128.538335,
              41.058915
            ],
            [
              128.520042,
              41.030777
            ],
            [
              128.507743,
              41.018323
            ],
            [
              128.478908,
              41.007213
            ],
            [
              128.443457,
              41.005869
            ],
            [
              128.407077,
              41.007885
            ],
            [
              128.375038,
              41.006825
            ],
            [
              128.358708,
              40.992356
            ],
            [
              128.363566,
              40.965355
            ],
            [
              128.376381,
              40.934298
            ],
            [
              128.38372,
              40.90771
            ],
            [
              128.381136,
              40.891251
            ],
            [
              128.36863,
              40.857351
            ],
            [
              128.364909,
              40.839781
            ],
            [
              128.362222,
              40.804099
            ],
            [
              128.359225,
              40.786891
            ],
            [
              128.35354,
              40.76945
            ],
            [
              128.346823,
              40.757771
            ],
            [
              128.33132,
              40.73754
            ],
            [
              128.325532,
              40.725473
            ],
            [
              128.320054,
              40.687078
            ],
            [
              128.315197,
              40.675347
            ],
            [
              128.303414,
              40.662583
            ],
            [
              128.256492,
              40.631887
            ],
            [
              128.241299,
              40.618555
            ],
            [
              128.201612,
              40.572097
            ],
            [
              128.17567,
              40.552125
            ],
            [
              128.147041,
              40.549386
            ],
            [
              128.118413,
              40.559721
            ],
            [
              128.092678,
              40.578996
            ],
            [
              128.080379,
              40.586464
            ],
            [
              128.065806,
              40.589099
            ],
            [
              128.05051,
              40.588169
            ],
            [
              127.972582,
              40.567007
            ],
            [
              127.958422,
              40.558248
            ],
            [
              127.948811,
              40.547009
            ],
            [
              127.941886,
              40.533444
            ],
            [
              127.936098,
              40.51776
            ],
            [
              127.927417,
              40.50236
            ],
            [
              127.914291,
              40.489234
            ],
            [
              127.823134,
              40.433734
            ],
            [
              127.758641,
              40.405544
            ],
            [
              127.740968,
              40.401617
            ],
            [
              127.729186,
              40.404097
            ],
            [
              127.722881,
              40.414174
            ],
            [
              127.721538,
              40.433191
            ],
            [
              127.722468,
              40.460373
            ],
            [
              127.725672,
              40.472439
            ],
            [
              127.733733,
              40.484506
            ],
            [
              127.752544,
              40.50081
            ],
            [
              127.758538,
              40.509104
            ],
            [
              127.761122,
              40.522566
            ],
            [
              127.758745,
              40.536958
            ],
            [
              127.754611,
              40.547784
            ],
            [
              127.754714,
              40.557654
            ],
            [
              127.765153,
              40.569229
            ],
            [
              127.77156,
              40.580004
            ],
            [
              127.759158,
              40.584319
            ],
            [
              127.727325,
              40.585068
            ],
            [
              127.71482,
              40.586929
            ],
            [
              127.704381,
              40.590236
            ],
            [
              127.695493,
              40.596179
            ],
            [
              127.687741,
              40.605894
            ],
            [
              127.682057,
              40.621939
            ],
            [
              127.675649,
              40.658681
            ],
            [
              127.666657,
              40.67328
            ],
            [
              127.654668,
              40.681341
            ],
            [
              127.643196,
              40.685941
            ],
            [
              127.632241,
              40.691625
            ],
            [
              127.621492,
              40.703123
            ],
            [
              127.580874,
              40.757848
            ],
            [
              127.57581,
              40.770122
            ],
            [
              127.570332,
              40.796942
            ],
            [
              127.564648,
              40.809654
            ],
            [
              127.550592,
              40.819369
            ],
            [
              127.533022,
              40.823219
            ],
            [
              127.519483,
              40.828051
            ],
            [
              127.517416,
              40.840634
            ],
            [
              127.525581,
              40.85177
            ],
            [
              127.539327,
              40.862157
            ],
            [
              127.601132,
              40.899261
            ],
            [
              127.617771,
              40.922154
            ],
            [
              127.614671,
              40.947863
            ],
            [
              127.589866,
              40.977964
            ],
            [
              127.585422,
              40.98985
            ],
            [
              127.598961,
              40.995379
            ],
            [
              127.628934,
              40.997239
            ],
            [
              127.643506,
              41.001167
            ],
            [
              127.654772,
              41.008918
            ],
            [
              127.662523,
              41.020132
            ],
            [
              127.666864,
              41.034291
            ],
            [
              127.673479,
              41.072274
            ],
            [
              127.674616,
              41.10483
            ],
            [
              127.66149,
              41.129221
            ],
            [
              127.625316,
              41.142709
            ],
            [
              127.55793,
              41.153561
            ],
            [
              127.531679,
              41.145499
            ],
            [
              127.515452,
              41.115811
            ],
            [
              127.511215,
              41.096097
            ],
            [
              127.50522,
              41.079147
            ],
            [
              127.494058,
              41.067106
            ],
            [
              127.474524,
              41.06199
            ],
            [
              127.432873,
              41.064212
            ],
            [
              127.391739,
              41.071292
            ],
            [
              127.392876,
              41.092738
            ],
            [
              127.391119,
              41.119351
            ],
            [
              127.386054,
              41.145034
            ],
            [
              127.377269,
              41.163741
            ],
            [
              127.355565,
              41.175627
            ],
            [
              127.32673,
              41.175704
            ],
            [
              127.297688,
              41.167798
            ],
            [
              127.27526,
              41.155757
            ],
            [
              127.261101,
              41.141055
            ],
            [
              127.251075,
              41.126121
            ],
            [
              127.238776,
              41.112891
            ],
            [
              127.218313,
              41.103254
            ],
            [
              127.204877,
              41.101962
            ],
            [
              127.165706,
              41.110204
            ],
            [
              127.13532,
              41.112788
            ],
            [
              127.122194,
              41.116095
            ],
            [
              127.064524,
              41.145034
            ],
            [
              127.04592,
              41.157746
            ],
            [
              127.033311,
              41.176996
            ],
            [
              127.027937,
              41.204824
            ],
            [
              127.023492,
              41.217123
            ],
            [
              127.013261,
              41.227871
            ],
            [
              127.000962,
              41.238465
            ],
            [
              127.000135,
              41.245002
            ],
            [
              127.004372,
              41.251255
            ],
            [
              127.007163,
              41.261048
            ],
            [
              126.999928,
              41.27668
            ],
            [
              126.966442,
              41.297531
            ],
            [
              126.955796,
              41.317117
            ],
            [
              126.949078,
              41.351791
            ],
            [
              126.944014,
              41.36869
            ],
            [
              126.936883,
              41.384813
            ],
            [
              126.918589,
              41.407602
            ],
            [
              126.915799,
              41.414113
            ],
            [
              126.919003,
              41.420986
            ],
            [
              126.932335,
              41.431864
            ],
            [
              126.934299,
              41.439641
            ],
            [
              126.929131,
              41.447677
            ],
            [
              126.919623,
              41.450623
            ],
            [
              126.908874,
              41.45039
            ],
            [
              126.899986,
              41.448788
            ],
            [
              126.863606,
              41.436231
            ],
            [
              126.846036,
              41.435947
            ],
            [
              126.827742,
              41.447341
            ],
            [
              126.820714,
              41.458064
            ],
            [
              126.81472,
              41.473438
            ],
            [
              126.812033,
              41.489432
            ],
            [
              126.814616,
              41.501963
            ],
            [
              126.825882,
              41.51266
            ],
            [
              126.838698,
              41.514882
            ],
            [
              126.867533,
              41.511678
            ],
            [
              126.885516,
              41.515037
            ],
            [
              126.894508,
              41.523151
            ],
            [
              126.901123,
              41.534674
            ],
            [
              126.911458,
              41.548369
            ],
            [
              126.926547,
              41.55767
            ],
            [
              126.944117,
              41.56413
            ],
            [
              126.95962,
              41.572502
            ],
            [
              126.968405,
              41.587514
            ],
            [
              126.968715,
              41.595911
            ],
            [
              126.966958,
              41.603042
            ],
            [
              126.961377,
              41.617615
            ],
            [
              126.957037,
              41.639784
            ],
            [
              126.956106,
              41.6634
            ],
            [
              126.962824,
              41.693993
            ],
            [
              126.978224,
              41.72071
            ],
            [
              126.996414,
              41.746238
            ],
            [
              126.999618,
              41.752025
            ],
            [
              127.033155,
              41.731588
            ],
            [
              127.042664,
              41.732648
            ],
            [
              127.046798,
              41.719238
            ],
            [
              127.068347,
              41.69358
            ],
            [
              127.076615,
              41.68079
            ],
            [
              127.059613,
              41.682237
            ],
            [
              127.048968,
              41.677741
            ],
            [
              127.045454,
              41.668
            ],
            [
              127.049433,
              41.653428
            ],
            [
              127.058993,
              41.643299
            ],
            [
              127.074031,
              41.635703
            ],
            [
              127.104675,
              41.626168
            ],
            [
              127.101885,
              41.622293
            ],
            [
              127.097234,
              41.612448
            ],
            [
              127.113977,
              41.610355
            ],
            [
              127.166067,
              41.594956
            ],
            [
              127.17971,
              41.585163
            ],
            [
              127.15785,
              41.5786
            ],
            [
              127.136508,
              41.569247
            ],
            [
              127.118008,
              41.555759
            ],
            [
              127.104675,
              41.537414
            ],
            [
              127.111962,
              41.536639
            ],
            [
              127.12085,
              41.534779
            ],
            [
              127.12824,
              41.531575
            ],
            [
              127.134648,
              41.522014
            ],
            [
              127.142399,
              41.523926
            ],
            [
              127.155938,
              41.530541
            ],
            [
              127.165137,
              41.528526
            ],
            [
              127.170356,
              41.523926
            ],
            [
              127.174335,
              41.519276
            ],
            [
              127.17971,
              41.51695
            ],
            [
              127.187254,
              41.521498
            ],
            [
              127.200328,
              41.542065
            ],
            [
              127.207098,
              41.545941
            ],
            [
              127.221981,
              41.540773
            ],
            [
              127.244512,
              41.528009
            ],
            [
              127.258309,
              41.525477
            ],
            [
              127.267456,
              41.527337
            ],
            [
              127.274691,
              41.530438
            ],
            [
              127.28146,
              41.531058
            ],
            [
              127.288953,
              41.525477
            ],
            [
              127.28978,
              41.518552
            ],
            [
              127.283579,
              41.512196
            ],
            [
              127.275156,
              41.507338
            ],
            [
              127.269058,
              41.504961
            ],
            [
              127.28637,
              41.499018
            ],
            [
              127.305128,
              41.494678
            ],
            [
              127.344247,
              41.491319
            ],
            [
              127.353704,
              41.492714
            ],
            [
              127.371119,
              41.498088
            ],
            [
              127.378974,
              41.498812
            ],
            [
              127.388482,
              41.496021
            ],
            [
              127.395924,
              41.49137
            ],
            [
              127.40135,
              41.486823
            ],
            [
              127.405122,
              41.484497
            ],
            [
              127.427343,
              41.483102
            ],
            [
              127.443053,
              41.488011
            ],
            [
              127.457109,
              41.494729
            ],
            [
              127.47411,
              41.498812
            ],
            [
              127.491008,
              41.495401
            ],
            [
              127.508475,
              41.488166
            ],
            [
              127.525838,
              41.484342
            ],
            [
              127.542891,
              41.491319
            ],
            [
              127.544752,
              41.468891
            ],
            [
              127.558808,
              41.458246
            ],
            [
              127.597513,
              41.450339
            ],
            [
              127.63069,
              41.432873
            ],
            [
              127.638338,
              41.429875
            ],
            [
              127.647071,
              41.432976
            ],
            [
              127.65813,
              41.446567
            ],
            [
              127.662677,
              41.44698
            ],
            [
              127.690273,
              41.43897
            ],
            [
              127.784634,
              41.436903
            ],
            [
              127.810369,
              41.44357
            ],
            [
              127.828869,
              41.433958
            ],
            [
              127.848868,
              41.431322
            ],
            [
              127.865146,
              41.43742
            ],
            [
              127.871864,
              41.45375
            ],
            [
              127.881475,
              41.460881
            ],
            [
              127.903593,
              41.466256
            ],
            [
              127.944211,
              41.470855
            ],
            [
              127.974235,
              41.450339
            ],
            [
              127.984467,
              41.454008
            ],
            [
              127.992735,
              41.46114
            ],
            [
              128.001416,
              41.470855
            ],
            [
              128.012372,
              41.460106
            ],
            [
              128.013095,
              41.442278
            ],
            [
              128.011545,
              41.424346
            ],
            [
              128.015162,
              41.413287
            ],
            [
              128.023844,
              41.411479
            ],
            [
              128.033663,
              41.413752
            ],
            [
              128.050612,
              41.420729
            ],
            [
              128.046892,
              41.398766
            ],
            [
              128.064152,
              41.388431
            ],
            [
              128.08813,
              41.388896
            ],
            [
              128.103943,
              41.399593
            ],
            [
              128.118205,
              41.393444
            ],
            [
              128.103943,
              41.379129
            ],
            [
              128.14611,
              41.376339
            ],
            [
              128.185695,
              41.404451
            ],
            [
              128.287601,
              41.5447
            ],
            [
              128.303,
              41.583406
            ],
            [
              128.28326,
              41.605058
            ],
            [
              128.281399,
              41.62299
            ],
            [
              128.268997,
              41.643377
            ],
            [
              128.25091,
              41.66012
            ],
            [
              128.224142,
              41.669447
            ],
            [
              128.186005,
              41.692908
            ],
            [
              128.159133,
              41.711822
            ],
            [
              128.154895,
              41.733759
            ],
            [
              128.14425,
              41.754713
            ],
            [
              128.097018,
              41.822616
            ],
            [
              128.091023,
              41.841737
            ],
            [
              128.05764,
              41.84985
            ],
            [
              128.047822,
              41.863983
            ],
            [
              128.039967,
              41.87959
            ],
            [
              128.020433,
              41.965062
            ],
            [
              128.021467,
              41.979816
            ],
            [
              128.034593,
              41.993743
            ],
            [
              128.054643,
              41.998316
            ],
            [
              128.100532,
              41.999091
            ],
            [
              128.261969,
              42.032862
            ],
            [
              128.363772,
              42.02648
            ],
            [
              128.387129,
              42.020692
            ],
            [
              128.407593,
              42.008341
            ],
            [
              128.453999,
              42.010331
            ],
            [
              128.488312,
              41.997515
            ],
            [
              128.502368,
              41.996094
            ],
            [
              128.543709,
              42.008057
            ],
            [
              128.553321,
              42.006636
            ],
            [
              128.56438,
              42.000797
            ],
            [
              128.573681,
              42.004311
            ],
            [
              128.587737,
              42.019994
            ],
            [
              128.597556,
              42.027126
            ],
            [
              128.607891,
              42.030175
            ],
            [
              128.682512,
              42.02573
            ],
            [
              128.70928,
              42.030175
            ],
            [
              128.720959,
              42.04759
            ]
          ]
        ]
      }
    },
    {
      "type": "Feature",
      "properties": {
        "featurecla": "Admin-1 states provinces",
        "scalerank": 6,
        "adm1_code": "PRK-3310",
        "diss_me": 3310,
        "iso_3166_2": "KP-04",
        "wikipedia": null,
        "iso_a2": "KP",
        "adm0_sr": 1,
        "name": "Chagang-do",
        "name_alt": "Changang|Jagang",
        "name_local": "\t자강도",
        "type": "Do",
        "type_en": "Province",
        "code_local": null,
        "code_hasc": "KP.CH",
        "note": null,
        "hasc_maybe": null,
        "region": null,
        "region_cod": null,
        "provnum_ne": 20004,
        "gadm_level": 1,
        "check_me": 0,
        "datarank": 6,
        "abbrev": null,
        "postal": "CH",
        "area_sqkm": 0,
        "sameascity": -99,
        "labelrank": 6,
        "name_len": 10,
        "mapcolor9": 3,
        "mapcolor13": 9,
        "fips": "KN01",
        "fips_alt": null,
        "woe_id": 2345950,
        "woe_label": "Chagang-do, KP, North Korea",
        "woe_name": "Chagang-do",
        "latitude": 40.6548,
        "longitude": 126.404,
        "sov_a3": "PRK",
        "adm0_a3": "PRK",
        "adm0_label": 2,
        "admin": "North Korea",
        "geonunit": "North Korea",
        "gu_a3": "PRK",
        "gn_id": 2045265,
        "gn_name": "Chagang-do",
        "gns_id": -172144,
        "gns_name": "Chagang-do",
        "gn_level": 1,
        "gn_region": null,
        "gn_a1_code": "KP.01",
        "region_sub": null,
        "sub_code": null,
        "gns_level": 1,
        "gns_lang": "kor",
        "gns_adm1": "KN01",
        "gns_region": null,
        "min_label": 8,
        "max_label": 11,
        "min_zoom": 8,
        "wikidataid": "Q272406",
        "name_ar": "تشاغانغ",
        "name_bn": "চ্যাগাং প্রদেশ",
        "name_de": "Chagang-do",
        "name_en": "Chagang",
        "name_es": "Chagang",
        "name_fr": "Chagang",
        "name_el": "Τσαγκάνγκ",
        "name_hi": "चगांग प्रांत",
        "name_hu": "Csagang",
        "name_id": "Chagang",
        "name_it": "Chagang",
        "name_ja": "慈江道",
        "name_ko": "자강도",
        "name_nl": "Chagang-do",
        "name_pl": "Chagang",
        "name_pt": "Chagang",
        "name_ru": "Чагандо",
        "name_sv": "Chagang",
        "name_tr": "Chagang",
        "name_vi": "Chagang",
        "name_zh": "慈江道",
        "ne_id": 1159315283,
        "name_he": "צ'אגאנג-דו",
        "name_uk": "Провінція Чаган",
        "name_ur": "چانگانگ صوبہ",
        "name_fa": "چاگانگ",
        "name_zht": "慈江道",
        "FCLASS_ISO": null,
        "FCLASS_US": null,
        "FCLASS_FR": null,
        "FCLASS_RU": null,
        "FCLASS_ES": null,
        "FCLASS_CN": null,
        "FCLASS_TW": null,
        "FCLASS_IN": null,
        "FCLASS_NP": null,
        "FCLASS_PK": null,
        "FCLASS_DE": null,
        "FCLASS_GB": null,
        "FCLASS_BR": null,
        "FCLASS_IL": null,
        "FCLASS_PS": null,
        "FCLASS_SA": null,
        "FCLASS_EG": null,
        "FCLASS_MA": null,
        "FCLASS_PT": null,
        "FCLASS_AR": null,
        "FCLASS_JP": null,
        "FCLASS_KO": null,
        "FCLASS_VN": null,
        "FCLASS_TR": null,
        "FCLASS_ID": null,
        "FCLASS_PL": null,
        "FCLASS_GR": null,
        "FCLASS_IT": null,
        "FCLASS_NL": null,
        "FCLASS_SE": null,
        "FCLASS_BD": null,
        "FCLASS_UA": null,
        "FCLASS_TLC": null
      },
      "bbox": [
        125.41516,
        39.991125,
        127.392876,
        41.801041
      ],
      "geometry": {
        "type": "Polygon",
        "coordinates": [
          [
            [
              126.929802,
              41.801041
            ],
            [
              126.939621,
              41.793729
            ],
            [
              126.940654,
              41.771767
            ],
            [
              126.946132,
              41.766186
            ],
            [
              126.958586,
              41.766806
            ],
            [
              126.981169,
              41.763318
            ],
            [
              126.999618,
              41.752025
            ],
            [
              126.996414,
              41.746238
            ],
            [
              126.978224,
              41.72071
            ],
            [
              126.962824,
              41.693993
            ],
            [
              126.956106,
              41.6634
            ],
            [
              126.957037,
              41.639784
            ],
            [
              126.961377,
              41.617615
            ],
            [
              126.966958,
              41.603042
            ],
            [
              126.968715,
              41.595911
            ],
            [
              126.968405,
              41.587514
            ],
            [
              126.95962,
              41.572502
            ],
            [
              126.944117,
              41.56413
            ],
            [
              126.926547,
              41.55767
            ],
            [
              126.911458,
              41.548369
            ],
            [
              126.901123,
              41.534674
            ],
            [
              126.894508,
              41.523151
            ],
            [
              126.885516,
              41.515037
            ],
            [
              126.867533,
              41.511678
            ],
            [
              126.838698,
              41.514882
            ],
            [
              126.825882,
              41.51266
            ],
            [
              126.814616,
              41.501963
            ],
            [
              126.812033,
              41.489432
            ],
            [
              126.81472,
              41.473438
            ],
            [
              126.820714,
              41.458064
            ],
            [
              126.827742,
              41.447341
            ],
            [
              126.846036,
              41.435947
            ],
            [
              126.863606,
              41.436231
            ],
            [
              126.899986,
              41.448788
            ],
            [
              126.908874,
              41.45039
            ],
            [
              126.919623,
              41.450623
            ],
            [
              126.929131,
              41.447677
            ],
            [
              126.934299,
              41.439641
            ],
            [
              126.932335,
              41.431864
            ],
            [
              126.919003,
              41.420986
            ],
            [
              126.915799,
              41.414113
            ],
            [
              126.918589,
              41.407602
            ],
            [
              126.936883,
              41.384813
            ],
            [
              126.944014,
              41.36869
            ],
            [
              126.949078,
              41.351791
            ],
            [
              126.955796,
              41.317117
            ],
            [
              126.966442,
              41.297531
            ],
            [
              126.999928,
              41.27668
            ],
            [
              127.007163,
              41.261048
            ],
            [
              127.004372,
              41.251255
            ],
            [
              127.000135,
              41.245002
            ],
            [
              127.000962,
              41.238465
            ],
            [
              127.013261,
              41.227871
            ],
            [
              127.023492,
              41.217123
            ],
            [
              127.027937,
              41.204824
            ],
            [
              127.033311,
              41.176996
            ],
            [
              127.04592,
              41.157746
            ],
            [
              127.064524,
              41.145034
            ],
            [
              127.122194,
              41.116095
            ],
            [
              127.13532,
              41.112788
            ],
            [
              127.165706,
              41.110204
            ],
            [
              127.204877,
              41.101962
            ],
            [
              127.218313,
              41.103254
            ],
            [
              127.238776,
              41.112891
            ],
            [
              127.251075,
              41.126121
            ],
            [
              127.261101,
              41.141055
            ],
            [
              127.27526,
              41.155757
            ],
            [
              127.297688,
              41.167798
            ],
            [
              127.32673,
              41.175704
            ],
            [
              127.355565,
              41.175627
            ],
            [
              127.377269,
              41.163741
            ],
            [
              127.386054,
              41.145034
            ],
            [
              127.391119,
              41.119351
            ],
            [
              127.392876,
              41.092738
            ],
            [
              127.391739,
              41.071292
            ],
            [
              127.387088,
              41.034136
            ],
            [
              127.372825,
              41.009978
            ],
            [
              127.323009,
              40.967861
            ],
            [
              127.306473,
              40.941532
            ],
            [
              127.298824,
              40.905462
            ],
            [
              127.303889,
              40.870839
            ],
            [
              127.3258,
              40.848721
            ],
            [
              127.363937,
              40.83482
            ],
            [
              127.375926,
              40.822857
            ],
            [
              127.377166,
              40.802419
            ],
            [
              127.372412,
              40.789164
            ],
            [
              127.364454,
              40.778235
            ],
            [
              127.353912,
              40.769682
            ],
            [
              127.341509,
              40.763662
            ],
            [
              127.298204,
              40.753378
            ],
            [
              127.22038,
              40.718135
            ],
            [
              127.199192,
              40.695139
            ],
            [
              127.18431,
              40.636435
            ],
            [
              127.165913,
              40.613671
            ],
            [
              127.15351,
              40.609046
            ],
            [
              127.109172,
              40.604499
            ],
            [
              127.090568,
              40.600313
            ],
            [
              127.075892,
              40.594293
            ],
            [
              127.062456,
              40.585895
            ],
            [
              127.047264,
              40.5745
            ],
            [
              127.016878,
              40.558041
            ],
            [
              126.99228,
              40.54799
            ],
            [
              126.979774,
              40.531118
            ],
            [
              126.986079,
              40.494221
            ],
            [
              126.985149,
              40.466083
            ],
            [
              126.966855,
              40.444896
            ],
            [
              126.942567,
              40.425181
            ],
            [
              126.923964,
              40.401462
            ],
            [
              126.917969,
              40.384848
            ],
            [
              126.913628,
              40.366787
            ],
            [
              126.911561,
              40.348494
            ],
            [
              126.911975,
              40.334748
            ],
            [
              126.910941,
              40.334722
            ],
            [
              126.887273,
              40.294879
            ],
            [
              126.872287,
              40.280281
            ],
            [
              126.834667,
              40.256019
            ],
            [
              126.827019,
              40.248681
            ],
            [
              126.822161,
              40.243074
            ],
            [
              126.813996,
              40.220465
            ],
            [
              126.807485,
              40.207288
            ],
            [
              126.800457,
              40.200621
            ],
            [
              126.792706,
              40.197314
            ],
            [
              126.776376,
              40.196177
            ],
            [
              126.761803,
              40.193671
            ],
            [
              126.753741,
              40.191294
            ],
            [
              126.74537,
              40.187754
            ],
            [
              126.731934,
              40.179899
            ],
            [
              126.722116,
              40.171502
            ],
            [
              126.709713,
              40.158712
            ],
            [
              126.701342,
              40.152356
            ],
            [
              126.693693,
              40.148428
            ],
            [
              126.671369,
              40.144888
            ],
            [
              126.662584,
              40.142511
            ],
            [
              126.653386,
              40.138532
            ],
            [
              126.589927,
              40.103728
            ],
            [
              126.578455,
              40.096054
            ],
            [
              126.570497,
              40.089026
            ],
            [
              126.567603,
              40.083729
            ],
            [
              126.565433,
              40.078122
            ],
            [
              126.561815,
              40.05877
            ],
            [
              126.559645,
              40.050966
            ],
            [
              126.55365,
              40.040941
            ],
            [
              126.546312,
              40.035774
            ],
            [
              126.538871,
              40.032854
            ],
            [
              126.509105,
              40.031407
            ],
            [
              126.497633,
              40.027428
            ],
            [
              126.438515,
              39.995311
            ],
            [
              126.425906,
              39.991125
            ],
            [
              126.418155,
              39.991384
            ],
            [
              126.410507,
              39.99252
            ],
            [
              126.403685,
              39.994484
            ],
            [
              126.36007,
              40.017454
            ],
            [
              126.321727,
              40.031536
            ],
            [
              126.301883,
              40.035877
            ],
            [
              126.209589,
              40.044507
            ],
            [
              126.188505,
              40.051328
            ],
            [
              126.14427,
              40.073627
            ],
            [
              126.13011,
              40.084608
            ],
            [
              126.087426,
              40.126776
            ],
            [
              126.021383,
              40.174008
            ],
            [
              125.994511,
              40.201862
            ],
            [
              125.976941,
              40.216228
            ],
            [
              125.96888,
              40.219587
            ],
            [
              125.962265,
              40.220362
            ],
            [
              125.949036,
              40.219638
            ],
            [
              125.935704,
              40.222326
            ],
            [
              125.925782,
              40.227235
            ],
            [
              125.913793,
              40.234547
            ],
            [
              125.904801,
              40.237493
            ],
            [
              125.896429,
              40.238423
            ],
            [
              125.881753,
              40.23819
            ],
            [
              125.867387,
              40.236227
            ],
            [
              125.853125,
              40.231136
            ],
            [
              125.839379,
              40.224496
            ],
            [
              125.831421,
              40.222403
            ],
            [
              125.821705,
              40.22186
            ],
            [
              125.807029,
              40.223617
            ],
            [
              125.797417,
              40.226821
            ],
            [
              125.789563,
              40.2308
            ],
            [
              125.773853,
              40.242273
            ],
            [
              125.657168,
              40.301701
            ],
            [
              125.625025,
              40.324774
            ],
            [
              125.617583,
              40.331983
            ],
            [
              125.613863,
              40.338339
            ],
            [
              125.615103,
              40.343894
            ],
            [
              125.61934,
              40.348907
            ],
            [
              125.624405,
              40.353842
            ],
            [
              125.628642,
              40.358881
            ],
            [
              125.629986,
              40.364307
            ],
            [
              125.628642,
              40.369707
            ],
            [
              125.624301,
              40.374771
            ],
            [
              125.582547,
              40.40849
            ],
            [
              125.57924,
              40.413373
            ],
            [
              125.577069,
              40.418489
            ],
            [
              125.575829,
              40.423812
            ],
            [
              125.576139,
              40.429522
            ],
            [
              125.578206,
              40.434974
            ],
            [
              125.585441,
              40.446136
            ],
            [
              125.587611,
              40.451898
            ],
            [
              125.592262,
              40.480036
            ],
            [
              125.592779,
              40.481302
            ],
            [
              125.594019,
              40.483912
            ],
            [
              125.605388,
              40.498019
            ],
            [
              125.608282,
              40.503342
            ],
            [
              125.610659,
              40.508665
            ],
            [
              125.612209,
              40.513884
            ],
            [
              125.612209,
              40.519568
            ],
            [
              125.610142,
              40.524633
            ],
            [
              125.602597,
              40.5375
            ],
            [
              125.60115,
              40.541066
            ],
            [
              125.595156,
              40.563752
            ],
            [
              125.590918,
              40.570676
            ],
            [
              125.584717,
              40.574087
            ],
            [
              125.577172,
              40.574294
            ],
            [
              125.560843,
              40.570806
            ],
            [
              125.552161,
              40.57109
            ],
            [
              125.541619,
              40.574087
            ],
            [
              125.534694,
              40.578635
            ],
            [
              125.503585,
              40.609356
            ],
            [
              125.493973,
              40.616617
            ],
            [
              125.485602,
              40.6215
            ],
            [
              125.41516,
              40.652685
            ],
            [
              125.418887,
              40.666563
            ],
            [
              125.426328,
              40.671162
            ],
            [
              125.443691,
              40.668733
            ],
            [
              125.452993,
              40.673384
            ],
            [
              125.4563,
              40.679689
            ],
            [
              125.456921,
              40.693693
            ],
            [
              125.459814,
              40.701341
            ],
            [
              125.469065,
              40.712917
            ],
            [
              125.47878,
              40.718756
            ],
            [
              125.491647,
              40.720926
            ],
            [
              125.533092,
              40.721805
            ],
            [
              125.546476,
              40.725939
            ],
            [
              125.553349,
              40.737101
            ],
            [
              125.555364,
              40.758754
            ],
            [
              125.560067,
              40.778339
            ],
            [
              125.571746,
              40.784902
            ],
            [
              125.586525,
              40.781853
            ],
            [
              125.600323,
              40.772706
            ],
            [
              125.608126,
              40.76418
            ],
            [
              125.609935,
              40.761286
            ],
            [
              125.668691,
              40.762164
            ],
            [
              125.682643,
              40.768882
            ],
            [
              125.673342,
              40.784075
            ],
            [
              125.644816,
              40.810585
            ],
            [
              125.683212,
              40.847895
            ],
            [
              125.70409,
              40.859195
            ],
            [
              125.706414,
              40.860453
            ],
            [
              125.737007,
              40.865207
            ],
            [
              125.745895,
              40.868153
            ],
            [
              125.750753,
              40.874767
            ],
            [
              125.754732,
              40.881692
            ],
            [
              125.760933,
              40.885671
            ],
            [
              125.770803,
              40.886239
            ],
            [
              125.779175,
              40.884637
            ],
            [
              125.821963,
              40.869755
            ],
            [
              125.831678,
              40.87084
            ],
            [
              125.872709,
              40.892699
            ],
            [
              125.885215,
              40.897505
            ],
            [
              125.901545,
              40.899313
            ],
            [
              125.912293,
              40.894146
            ],
            [
              125.924024,
              40.884069
            ],
            [
              125.936168,
              40.877403
            ],
            [
              125.949604,
              40.88257
            ],
            [
              125.96428,
              40.891304
            ],
            [
              125.995079,
              40.894146
            ],
            [
              126.007843,
              40.899313
            ],
            [
              126.015336,
              40.909132
            ],
            [
              126.010013,
              40.913886
            ],
            [
              125.996629,
              40.91492
            ],
            [
              125.980558,
              40.913628
            ],
            [
              125.99203,
              40.928356
            ],
            [
              126.009548,
              40.932696
            ],
            [
              126.028565,
              40.93528
            ],
            [
              126.045515,
              40.944685
            ],
            [
              126.065824,
              40.968612
            ],
            [
              126.071974,
              40.9806
            ],
            [
              126.069286,
              40.989385
            ],
            [
              126.075643,
              40.997085
            ],
            [
              126.083704,
              41.002511
            ],
            [
              126.093368,
              41.006232
            ],
            [
              126.104065,
              41.009178
            ],
            [
              126.101326,
              41.022097
            ],
            [
              126.111506,
              41.032432
            ],
            [
              126.12644,
              41.043232
            ],
            [
              126.138171,
              41.056978
            ],
            [
              126.123753,
              41.07553
            ],
            [
              126.147421,
              41.092273
            ],
            [
              126.260696,
              41.143123
            ],
            [
              126.274752,
              41.15258
            ],
            [
              126.284364,
              41.164103
            ],
            [
              126.30953,
              41.207822
            ],
            [
              126.321002,
              41.218881
            ],
            [
              126.346169,
              41.237691
            ],
            [
              126.357331,
              41.249421
            ],
            [
              126.380585,
              41.290814
            ],
            [
              126.391489,
              41.303423
            ],
            [
              126.440892,
              41.348382
            ],
            [
              126.472518,
              41.36652
            ],
            [
              126.501301,
              41.366107
            ],
            [
              126.498201,
              41.361766
            ],
            [
              126.496495,
              41.358045
            ],
            [
              126.493757,
              41.35479
            ],
            [
              126.487659,
              41.351792
            ],
            [
              126.487659,
              41.344403
            ],
            [
              126.522127,
              41.351947
            ],
            [
              126.522127,
              41.377631
            ],
            [
              126.508278,
              41.409153
            ],
            [
              126.501301,
              41.434371
            ],
            [
              126.507606,
              41.447239
            ],
            [
              126.542229,
              41.488993
            ],
            [
              126.558766,
              41.534158
            ],
            [
              126.577266,
              41.561805
            ],
            [
              126.580883,
              41.575241
            ],
            [
              126.577266,
              41.588315
            ],
            [
              126.566517,
              41.601932
            ],
            [
              126.567034,
              41.614154
            ],
            [
              126.60207,
              41.642059
            ],
            [
              126.617883,
              41.665933
            ],
            [
              126.633955,
              41.668621
            ],
            [
              126.669301,
              41.667122
            ],
            [
              126.680102,
              41.671902
            ],
            [
              126.712245,
              41.694175
            ],
            [
              126.727954,
              41.701254
            ],
            [
              126.714157,
              41.70991
            ],
            [
              126.699635,
              41.716421
            ],
            [
              126.68713,
              41.724018
            ],
            [
              126.679482,
              41.735981
            ],
            [
              126.696587,
              41.741226
            ],
            [
              126.712503,
              41.741226
            ],
            [
              126.727282,
              41.736911
            ],
            [
              126.741545,
              41.729185
            ],
            [
              126.771362,
              41.704484
            ],
            [
              126.788622,
              41.695906
            ],
            [
              126.79627,
              41.704949
            ],
            [
              126.808879,
              41.729831
            ],
            [
              126.864793,
              41.747272
            ],
            [
              126.877454,
              41.77355
            ],
            [
              126.887118,
              41.784918
            ],
            [
              126.908512,
              41.796158
            ],
            [
              126.929802,
              41.801041
            ]
          ]
        ]
      }
    },
    {
      "type": "Feature",
      "properties": {
        "featurecla": "Admin-1 states provinces",
        "scalerank": 6,
        "adm1_code": "PRK-3312",
        "diss_me": 3312,
        "iso_3166_2": "KP-03",
        "wikipedia": null,
        "iso_a2": "KP",
        "adm0_sr": 5,
        "name": "P'yŏngan-bukto",
        "name_alt": "North Pyongan|Heian Hoku-do",
        "name_local": "\t평안북도",
        "type": "Do",
        "type_en": "Province",
        "code_local": null,
        "code_hasc": "KP.PB",
        "note": null,
        "hasc_maybe": null,
        "region": null,
        "region_cod": null,
        "provnum_ne": 20006,
        "gadm_level": 1,
        "check_me": 0,
        "datarank": 6,
        "abbrev": null,
        "postal": "PB",
        "area_sqkm": 0,
        "sameascity": -99,
        "labelrank": 6,
        "name_len": 14,
        "mapcolor9": 3,
        "mapcolor13": 9,
        "fips": "KN11",
        "fips_alt": null,
        "woe_id": 2345955,
        "woe_label": "P'yongan-bukto, KP, North Korea",
        "woe_name": "P'yŏngan-bukto",
        "latitude": 39.5177,
        "longitude": 124.698,
        "sov_a3": "PRK",
        "adm0_a3": "PRK",
        "adm0_label": 2,
        "admin": "North Korea",
        "geonunit": "North Korea",
        "gu_a3": "PRK",
        "gn_id": 1871954,
        "gn_name": "P'yongan-bukto",
        "gns_id": -183320,
        "gns_name": "P'yongan-bukto",
        "gn_level": 1,
        "gn_region": null,
        "gn_a1_code": "KP.11",
        "region_sub": null,
        "sub_code": null,
        "gns_level": 1,
        "gns_lang": "kor",
        "gns_adm1": "KN11",
        "gns_region": null,
        "min_label": 8,
        "max_label": 11,
        "min_zoom": 8,
        "wikidataid": "Q109348",
        "name_ar": "بيونغان الشمالية",
        "name_bn": "নর্থ পিয়ংগান প্রদেশ",
        "name_de": "P’yŏngan-pukto",
        "name_en": "North Pyongan",
        "name_es": "P'yŏngan del Norte",
        "name_fr": "Pyongan du Nord",
        "name_el": "Επαρχία Βόρειου Πιόνγαν",
        "name_hi": "उत्तरी प्योंगन प्रांत",
        "name_hu": "Észak-Phjongan",
        "name_id": "P'yŏngan Utara",
        "name_it": "Nord Pyongan",
        "name_ja": "平安北道",
        "name_ko": "평안북도",
        "name_nl": "P'yŏngan-pukto",
        "name_pl": "P'yŏngan Północny",
        "name_pt": "Pyongan Norte",
        "name_ru": "Пхёнан-Пукто",
        "name_sv": "Norra P'yŏngan",
        "name_tr": "Kuzey Pyongan",
        "name_vi": "Pyongan Bắc",
        "name_zh": "平安北道",
        "ne_id": 1159315269,
        "name_he": "פיונגאן-בוקטו",
        "name_uk": "Північна провінція Пхьонан",
        "name_ur": "شمالی پیونگان صوبہ",
        "name_fa": "استان پیونگان شمالی",
        "name_zht": "平安北道",
        "FCLASS_ISO": null,
        "FCLASS_US": null,
        "FCLASS_FR": null,
        "FCLASS_RU": null,
        "FCLASS_ES": null,
        "FCLASS_CN": null,
        "FCLASS_TW": null,
        "FCLASS_IN": null,
        "FCLASS_NP": null,
        "FCLASS_PK": null,
        "FCLASS_DE": null,
        "FCLASS_GB": null,
        "FCLASS_BR": null,
        "FCLASS_IL": null,
        "FCLASS_PS": null,
        "FCLASS_SA": null,
        "FCLASS_EG": null,
        "FCLASS_MA": null,
        "FCLASS_PT": null,
        "FCLASS_AR": null,
        "FCLASS_JP": null,
        "FCLASS_KO": null,
        "FCLASS_VN": null,
        "FCLASS_TR": null,
        "FCLASS_ID": null,
        "FCLASS_PL": null,
        "FCLASS_GR": null,
        "FCLASS_IT": null,
        "FCLASS_NL": null,
        "FCLASS_SE": null,
        "FCLASS_BD": null,
        "FCLASS_UA": null,
        "FCLASS_TLC": null
      },
      "bbox": [
        124.211316,
        39.427395,
        126.370509,
        40.652685
      ],
      "geometry": {
        "type": "MultiPolygon",
        "coordinates": [
          [
            [
              [
                125.413254,
                40.631785
              ],
              [
                125.41713,
                40.639278
              ],
              [
                125.414959,
                40.651938
              ],
              [
                125.41516,
                40.652685
              ],
              [
                125.485602,
                40.6215
              ],
              [
                125.493973,
                40.616617
              ],
              [
                125.503585,
                40.609356
              ],
              [
                125.534694,
                40.578635
              ],
              [
                125.541619,
                40.574087
              ],
              [
                125.552161,
                40.57109
              ],
              [
                125.560843,
                40.570806
              ],
              [
                125.577172,
                40.574294
              ],
              [
                125.584717,
                40.574087
              ],
              [
                125.590918,
                40.570676
              ],
              [
                125.595156,
                40.563752
              ],
              [
                125.60115,
                40.541066
              ],
              [
                125.602597,
                40.5375
              ],
              [
                125.610142,
                40.524633
              ],
              [
                125.612209,
                40.519568
              ],
              [
                125.612209,
                40.513884
              ],
              [
                125.610659,
                40.508665
              ],
              [
                125.608282,
                40.503342
              ],
              [
                125.605388,
                40.498019
              ],
              [
                125.594019,
                40.483912
              ],
              [
                125.592779,
                40.481302
              ],
              [
                125.592262,
                40.480036
              ],
              [
                125.587611,
                40.451898
              ],
              [
                125.585441,
                40.446136
              ],
              [
                125.578206,
                40.434974
              ],
              [
                125.576139,
                40.429522
              ],
              [
                125.575829,
                40.423812
              ],
              [
                125.577069,
                40.418489
              ],
              [
                125.57924,
                40.413373
              ],
              [
                125.582547,
                40.40849
              ],
              [
                125.624301,
                40.374771
              ],
              [
                125.628642,
                40.369707
              ],
              [
                125.629986,
                40.364307
              ],
              [
                125.628642,
                40.358881
              ],
              [
                125.624405,
                40.353842
              ],
              [
                125.61934,
                40.348907
              ],
              [
                125.615103,
                40.343894
              ],
              [
                125.613863,
                40.338339
              ],
              [
                125.617583,
                40.331983
              ],
              [
                125.625025,
                40.324774
              ],
              [
                125.657168,
                40.301701
              ],
              [
                125.773853,
                40.242273
              ],
              [
                125.789563,
                40.2308
              ],
              [
                125.797417,
                40.226821
              ],
              [
                125.807029,
                40.223617
              ],
              [
                125.821705,
                40.22186
              ],
              [
                125.831421,
                40.222403
              ],
              [
                125.839379,
                40.224496
              ],
              [
                125.853125,
                40.231136
              ],
              [
                125.867387,
                40.236227
              ],
              [
                125.881753,
                40.23819
              ],
              [
                125.896429,
                40.238423
              ],
              [
                125.904801,
                40.237493
              ],
              [
                125.913793,
                40.234547
              ],
              [
                125.925782,
                40.227235
              ],
              [
                125.935704,
                40.222326
              ],
              [
                125.949036,
                40.219638
              ],
              [
                125.962265,
                40.220362
              ],
              [
                125.96888,
                40.219587
              ],
              [
                125.976941,
                40.216228
              ],
              [
                125.994511,
                40.201862
              ],
              [
                126.021383,
                40.174008
              ],
              [
                126.087426,
                40.126776
              ],
              [
                126.13011,
                40.084608
              ],
              [
                126.14427,
                40.073627
              ],
              [
                126.188505,
                40.051328
              ],
              [
                126.209589,
                40.044507
              ],
              [
                126.301883,
                40.035877
              ],
              [
                126.321727,
                40.031536
              ],
              [
                126.36007,
                40.017454
              ],
              [
                126.346221,
                40.00022
              ],
              [
                126.345704,
                39.999083
              ],
              [
                126.343327,
                39.99221
              ],
              [
                126.341157,
                39.980609
              ],
              [
                126.34002,
                39.968439
              ],
              [
                126.341364,
                39.962548
              ],
              [
                126.343844,
                39.957096
              ],
              [
                126.364928,
                39.929217
              ],
              [
                126.368132,
                39.923145
              ],
              [
                126.369889,
                39.917228
              ],
              [
                126.370509,
                39.911053
              ],
              [
                126.370302,
                39.904955
              ],
              [
                126.368752,
                39.899219
              ],
              [
                126.362861,
                39.893715
              ],
              [
                126.352836,
                39.888547
              ],
              [
                126.329995,
                39.881778
              ],
              [
                126.259405,
                39.852658
              ],
              [
                126.100655,
                39.820438
              ],
              [
                126.092283,
                39.820076
              ],
              [
                126.084842,
                39.821161
              ],
              [
                126.07771,
                39.82297
              ],
              [
                126.070889,
                39.825451
              ],
              [
                126.05704,
                39.832427
              ],
              [
                126.051045,
                39.836664
              ],
              [
                126.027067,
                39.857025
              ],
              [
                126.021383,
                39.858911
              ],
              [
                126.015389,
                39.858782
              ],
              [
                126.008671,
                39.852968
              ],
              [
                126.004847,
                39.847361
              ],
              [
                126.002573,
                39.841109
              ],
              [
                126.001539,
                39.835863
              ],
              [
                126.000299,
                39.832143
              ],
              [
                125.997819,
                39.830282
              ],
              [
                125.992238,
                39.827182
              ],
              [
                125.978802,
                39.821885
              ],
              [
                125.96733,
                39.812015
              ],
              [
                125.955547,
                39.796047
              ],
              [
                125.947486,
                39.78783
              ],
              [
                125.928055,
                39.775014
              ],
              [
                125.909969,
                39.759977
              ],
              [
                125.902941,
                39.755119
              ],
              [
                125.894156,
                39.751527
              ],
              [
                125.862116,
                39.746696
              ],
              [
                125.856535,
                39.74158
              ],
              [
                125.854675,
                39.738066
              ],
              [
                125.854262,
                39.734965
              ],
              [
                125.854055,
                39.732407
              ],
              [
                125.852091,
                39.726645
              ],
              [
                125.847234,
                39.720031
              ],
              [
                125.813851,
                39.686596
              ],
              [
                125.766722,
                39.660861
              ],
              [
                125.705227,
                39.637322
              ],
              [
                125.687863,
                39.633163
              ],
              [
                125.670087,
                39.633473
              ],
              [
                125.649209,
                39.63647
              ],
              [
                125.641148,
                39.636005
              ],
              [
                125.633396,
                39.633524
              ],
              [
                125.613139,
                39.620192
              ],
              [
                125.562186,
                39.597092
              ],
              [
                125.503999,
                39.578644
              ],
              [
                125.451289,
                39.572546
              ],
              [
                125.451752,
                39.571275
              ],
              [
                125.444916,
                39.584377
              ],
              [
                125.429698,
                39.575385
              ],
              [
                125.325694,
                39.533189
              ],
              [
                125.303559,
                39.527289
              ],
              [
                125.294932,
                39.523017
              ],
              [
                125.285981,
                39.521186
              ],
              [
                125.27711,
                39.526028
              ],
              [
                125.250743,
                39.551215
              ],
              [
                125.246349,
                39.553616
              ],
              [
                125.237071,
                39.562893
              ],
              [
                125.219574,
                39.566474
              ],
              [
                125.210297,
                39.573065
              ],
              [
                125.22519,
                39.591213
              ],
              [
                125.157563,
                39.591213
              ],
              [
                125.160981,
                39.585191
              ],
              [
                125.167817,
                39.56977
              ],
              [
                125.171235,
                39.56387
              ],
              [
                125.126801,
                39.56387
              ],
              [
                125.116954,
                39.565863
              ],
              [
                125.114268,
                39.57095
              ],
              [
                125.113536,
                39.577582
              ],
              [
                125.109711,
                39.584377
              ],
              [
                125.10377,
                39.592475
              ],
              [
                125.101654,
                39.5987
              ],
              [
                125.097504,
                39.602729
              ],
              [
                125.085541,
                39.604193
              ],
              [
                125.070079,
                39.601508
              ],
              [
                125.060313,
                39.601142
              ],
              [
                125.047699,
                39.604193
              ],
              [
                125.04005,
                39.608547
              ],
              [
                125.018077,
                39.62401
              ],
              [
                125.01352,
                39.62873
              ],
              [
                125.01059,
                39.635321
              ],
              [
                125.003266,
                39.636868
              ],
              [
                124.994395,
                39.636908
              ],
              [
                124.986339,
                39.638983
              ],
              [
                124.958263,
                39.662014
              ],
              [
                124.947276,
                39.662991
              ],
              [
                124.937836,
                39.645819
              ],
              [
                124.926524,
                39.652981
              ],
              [
                124.913097,
                39.656236
              ],
              [
                124.901622,
                39.662055
              ],
              [
                124.89267,
                39.691962
              ],
              [
                124.881602,
                39.704169
              ],
              [
                124.866303,
                39.713853
              ],
              [
                124.849132,
                39.721503
              ],
              [
                124.833588,
                39.725979
              ],
              [
                124.81129,
                39.728339
              ],
              [
                124.803071,
                39.730455
              ],
              [
                124.799164,
                39.739814
              ],
              [
                124.77065,
                39.741811
              ],
              [
                124.76039,
                39.748008
              ],
              [
                124.75644,
                39.770657
              ],
              [
                124.746104,
                39.782945
              ],
              [
                124.740245,
                39.772162
              ],
              [
                124.739513,
                39.762112
              ],
              [
                124.742931,
                39.752997
              ],
              [
                124.749522,
                39.745063
              ],
              [
                124.754731,
                39.73371
              ],
              [
                124.750255,
                39.722357
              ],
              [
                124.750021,
                39.709892
              ],
              [
                124.744187,
                39.701308
              ],
              [
                124.744624,
                39.691356
              ],
              [
                124.757115,
                39.687906
              ],
              [
                124.753045,
                39.672459
              ],
              [
                124.740532,
                39.671792
              ],
              [
                124.729805,
                39.665293
              ],
              [
                124.734244,
                39.654996
              ],
              [
                124.743907,
                39.644355
              ],
              [
                124.735137,
                39.641588
              ],
              [
                124.716412,
                39.647128
              ],
              [
                124.695017,
                39.63754
              ],
              [
                124.674929,
                39.622069
              ],
              [
                124.649063,
                39.612121
              ],
              [
                124.640575,
                39.594604
              ],
              [
                124.637452,
                39.590483
              ],
              [
                124.62379,
                39.597968
              ],
              [
                124.624115,
                39.6022
              ],
              [
                124.625336,
                39.60517
              ],
              [
                124.629405,
                39.61164
              ],
              [
                124.621918,
                39.613105
              ],
              [
                124.618663,
                39.614732
              ],
              [
                124.615733,
                39.617865
              ],
              [
                124.610803,
                39.628651
              ],
              [
                124.628574,
                39.644748
              ],
              [
                124.632149,
                39.662946
              ],
              [
                124.645095,
                39.669466
              ],
              [
                124.649913,
                39.683661
              ],
              [
                124.646983,
                39.697577
              ],
              [
                124.639903,
                39.698065
              ],
              [
                124.63144,
                39.693915
              ],
              [
                124.62379,
                39.693549
              ],
              [
                124.619884,
                39.697943
              ],
              [
                124.613373,
                39.709784
              ],
              [
                124.609467,
                39.714667
              ],
              [
                124.600352,
                39.719306
              ],
              [
                124.591563,
                39.720852
              ],
              [
                124.584809,
                39.723578
              ],
              [
                124.582286,
                39.731757
              ],
              [
                124.583263,
                39.740546
              ],
              [
                124.587901,
                39.756293
              ],
              [
                124.589122,
                39.765855
              ],
              [
                124.584727,
                39.770941
              ],
              [
                124.56601,
                39.778876
              ],
              [
                124.561615,
                39.786689
              ],
              [
                124.56544,
                39.807115
              ],
              [
                124.564057,
                39.814276
              ],
              [
                124.554942,
                39.817084
              ],
              [
                124.519786,
                39.818061
              ],
              [
                124.434418,
                39.830756
              ],
              [
                124.430024,
                39.829332
              ],
              [
                124.426362,
                39.826483
              ],
              [
                124.422618,
                39.824205
              ],
              [
                124.417735,
                39.82453
              ],
              [
                124.413666,
                39.827826
              ],
              [
                124.40976,
                39.835924
              ],
              [
                124.407237,
                39.837592
              ],
              [
                124.403575,
                39.841498
              ],
              [
                124.399181,
                39.859809
              ],
              [
                124.396576,
                39.865546
              ],
              [
                124.389659,
                39.867865
              ],
              [
                124.362559,
                39.871731
              ],
              [
                124.348888,
                39.892808
              ],
              [
                124.341807,
                39.89997
              ],
              [
                124.334809,
                39.905585
              ],
              [
                124.327973,
                39.909735
              ],
              [
                124.321544,
                39.912665
              ],
              [
                124.332123,
                39.925116
              ],
              [
                124.345714,
                39.930243
              ],
              [
                124.359386,
                39.933539
              ],
              [
                124.369965,
                39.940009
              ],
              [
                124.376069,
                39.954088
              ],
              [
                124.383067,
                40.002672
              ],
              [
                124.405772,
                40.027777
              ],
              [
                124.434093,
                40.024563
              ],
              [
                124.465831,
                40.015286
              ],
              [
                124.499604,
                40.022528
              ],
              [
                124.479259,
                40.030748
              ],
              [
                124.432872,
                40.032782
              ],
              [
                124.410248,
                40.0362
              ],
              [
                124.391449,
                40.048285
              ],
              [
                124.384369,
                40.064887
              ],
              [
                124.380382,
                40.082668
              ],
              [
                124.369965,
                40.098293
              ],
              [
                124.385565,
                40.110473
              ],
              [
                124.528192,
                40.214136
              ],
              [
                124.532378,
                40.215996
              ],
              [
                124.543023,
                40.21765
              ],
              [
                124.548656,
                40.220905
              ],
              [
                124.550206,
                40.224729
              ],
              [
                124.551756,
                40.236201
              ],
              [
                124.554857,
                40.241421
              ],
              [
                124.570877,
                40.252428
              ],
              [
                124.611184,
                40.272168
              ],
              [
                124.627204,
                40.286121
              ],
              [
                124.642603,
                40.294286
              ],
              [
                124.69304,
                40.302812
              ],
              [
                124.71247,
                40.310305
              ],
              [
                124.72296,
                40.326687
              ],
              [
                124.73128,
                40.349735
              ],
              [
                124.741202,
                40.370353
              ],
              [
                124.756808,
                40.37919
              ],
              [
                124.779856,
                40.383479
              ],
              [
                124.800837,
                40.394073
              ],
              [
                124.849878,
                40.43159
              ],
              [
                124.883829,
                40.465541
              ],
              [
                124.89065,
                40.477892
              ],
              [
                124.895508,
                40.483628
              ],
              [
                124.905636,
                40.476497
              ],
              [
                124.915145,
                40.465852
              ],
              [
                124.917935,
                40.461097
              ],
              [
                124.925894,
                40.457893
              ],
              [
                124.935299,
                40.455568
              ],
              [
                124.959587,
                40.453656
              ],
              [
                124.986613,
                40.457377
              ],
              [
                125.006612,
                40.456136
              ],
              [
                125.026301,
                40.457377
              ],
              [
                125.041287,
                40.461097
              ],
              [
                125.0463,
                40.471071
              ],
              [
                125.038858,
                40.483473
              ],
              [
                125.027696,
                40.495876
              ],
              [
                125.015294,
                40.508278
              ],
              [
                125.015294,
                40.521972
              ],
              [
                125.025112,
                40.534374
              ],
              [
                125.05002,
                40.541816
              ],
              [
                125.073585,
                40.548017
              ],
              [
                125.089656,
                40.55551
              ],
              [
                125.114616,
                40.56414
              ],
              [
                125.133064,
                40.572873
              ],
              [
                125.153063,
                40.583984
              ],
              [
                125.181537,
                40.593957
              ],
              [
                125.216418,
                40.602639
              ],
              [
                125.242412,
                40.611321
              ],
              [
                125.256106,
                40.615041
              ],
              [
                125.264839,
                40.622483
              ],
              [
                125.270989,
                40.632456
              ],
              [
                125.27719,
                40.643618
              ],
              [
                125.293313,
                40.648579
              ],
              [
                125.308196,
                40.64982
              ],
              [
                125.323182,
                40.644859
              ],
              [
                125.33667,
                40.641138
              ],
              [
                125.356048,
                40.646047
              ],
              [
                125.363593,
                40.646719
              ],
              [
                125.372481,
                40.643929
              ],
              [
                125.384574,
                40.635092
              ],
              [
                125.390878,
                40.632456
              ],
              [
                125.413254,
                40.631785
              ]
            ]
          ],
          [
            [
              [
                124.926741,
                39.604786
              ],
              [
                124.922227,
                39.598289
              ],
              [
                124.909674,
                39.593554
              ],
              [
                124.920254,
                39.572278
              ],
              [
                124.933609,
                39.550543
              ],
              [
                124.912092,
                39.540803
              ],
              [
                124.883182,
                39.52747
              ],
              [
                124.861664,
                39.507636
              ],
              [
                124.842656,
                39.505162
              ],
              [
                124.818563,
                39.495444
              ],
              [
                124.836927,
                39.520939
              ],
              [
                124.849816,
                39.516534
              ],
              [
                124.85697,
                39.527899
              ],
              [
                124.842773,
                39.538426
              ],
              [
                124.845007,
                39.543176
              ],
              [
                124.856588,
                39.544228
              ],
              [
                124.85705,
                39.548303
              ],
              [
                124.859738,
                39.553139
              ],
              [
                124.85441,
                39.556577
              ],
              [
                124.854475,
                39.573754
              ],
              [
                124.870522,
                39.580934
              ],
              [
                124.869706,
                39.595657
              ],
              [
                124.881769,
                39.603869
              ],
              [
                124.880471,
                39.612455
              ],
              [
                124.899193,
                39.614124
              ],
              [
                124.926741,
                39.604786
              ]
            ]
          ],
          [
            [
              [
                124.687673,
                39.527167
              ],
              [
                124.69362,
                39.535079
              ],
              [
                124.704708,
                39.537076
              ],
              [
                124.707779,
                39.530399
              ],
              [
                124.707746,
                39.519317
              ],
              [
                124.704845,
                39.508734
              ],
              [
                124.697765,
                39.50259
              ],
              [
                124.684587,
                39.503243
              ],
              [
                124.680149,
                39.507726
              ],
              [
                124.683769,
                39.516094
              ],
              [
                124.681974,
                39.52118
              ],
              [
                124.687673,
                39.527167
              ]
            ]
          ],
          [
            [
              [
                124.687022,
                39.544745
              ],
              [
                124.675548,
                39.53852
              ],
              [
                124.661632,
                39.538398
              ],
              [
                124.644786,
                39.547675
              ],
              [
                124.603526,
                39.53852
              ],
              [
                124.600352,
                39.5362
              ],
              [
                124.595876,
                39.537909
              ],
              [
                124.597423,
                39.544582
              ],
              [
                124.604666,
                39.549262
              ],
              [
                124.614268,
                39.553412
              ],
              [
                124.63087,
                39.56509
              ],
              [
                124.63502,
                39.563951
              ],
              [
                124.648774,
                39.565253
              ],
              [
                124.673839,
                39.570624
              ],
              [
                124.691254,
                39.569648
              ],
              [
                124.69809,
                39.562893
              ],
              [
                124.695649,
                39.553778
              ],
              [
                124.687022,
                39.544745
              ]
            ]
          ],
          [
            [
              [
                124.596039,
                39.430243
              ],
              [
                124.59311,
                39.439032
              ],
              [
                124.592865,
                39.446804
              ],
              [
                124.601736,
                39.449327
              ],
              [
                124.612559,
                39.457139
              ],
              [
                124.614431,
                39.449205
              ],
              [
                124.615082,
                39.447496
              ],
              [
                124.617849,
                39.444281
              ],
              [
                124.61907,
                39.43301
              ],
              [
                124.606619,
                39.428046
              ],
              [
                124.602061,
                39.427395
              ],
              [
                124.596039,
                39.430243
              ]
            ]
          ],
          [
            [
              [
                124.214651,
                39.807242
              ],
              [
                124.219273,
                39.810922
              ],
              [
                124.217575,
                39.814864
              ],
              [
                124.220272,
                39.81526
              ],
              [
                124.223116,
                39.816788
              ],
              [
                124.220994,
                39.818974
              ],
              [
                124.223426,
                39.819987
              ],
              [
                124.227065,
                39.821298
              ],
              [
                124.230017,
                39.821172
              ],
              [
                124.231896,
                39.819199
              ],
              [
                124.234433,
                39.817628
              ],
              [
                124.235861,
                39.813482
              ],
              [
                124.239887,
                39.812623
              ],
              [
                124.239586,
                39.809831
              ],
              [
                124.239561,
                39.807657
              ],
              [
                124.242788,
                39.807321
              ],
              [
                124.242751,
                39.804633
              ],
              [
                124.241627,
                39.801856
              ],
              [
                124.237835,
                39.800967
              ],
              [
                124.23526,
                39.798386
              ],
              [
                124.23039,
                39.798261
              ],
              [
                124.227397,
                39.79464
              ],
              [
                124.226015,
                39.791423
              ],
              [
                124.223189,
                39.791557
              ],
              [
                124.221201,
                39.79384
              ],
              [
                124.216098,
                39.794711
              ],
              [
                124.211662,
                39.795157
              ],
              [
                124.211533,
                39.795573
              ],
              [
                124.211316,
                39.799505
              ],
              [
                124.212588,
                39.804049
              ],
              [
                124.214651,
                39.807242
              ]
            ]
          ]
        ]
      }
    },
    {
      "type": "Feature",
      "properties": {
        "featurecla": "Admin-1 states provinces",
        "scalerank": 6,
        "adm1_code": "KOR-2502",
        "diss_me": 2502,
        "iso_3166_2": "KR-44",
        "wikipedia": "http://en.wikipedia.org/wiki/South_Chungcheong_Province",
        "iso_a2": "KR",
        "adm0_sr": 1,
        "name": "South Chungcheong",
        "name_alt": "Chungchongnam-Do|Ch'ungch'ong-namdo|Chusei Nan-do|South Chungchong|Ch'ungch'ong-namdo",
        "name_local": "충청남도",
        "type": "Do",
        "type_en": "Province",
        "code_local": "34",
        "code_hasc": "KR.HN",
        "note": "34 (NSO Code)",
        "hasc_maybe": null,
        "region": null,
        "region_cod": null,
        "provnum_ne": 20007,
        "gadm_level": 1,
        "check_me": 20,
        "datarank": 3,
        "abbrev": null,
        "postal": "GN",
        "area_sqkm": 0,
        "sameascity": -99,
        "labelrank": 6,
        "name_len": 17,
        "mapcolor9": 1,
        "mapcolor13": 5,
        "fips": "KS17",
        "fips_alt": null,
        "woe_id": 2345973,
        "woe_label": "Chungcheongnam-Do, KR, South Korea",
        "woe_name": "Chungcheongnam-do",
        "latitude": 36.4602,
        "longitude": 126.874,
        "sov_a3": "KOR",
        "adm0_a3": "KOR",
        "adm0_label": 2,
        "admin": "South Korea",
        "geonunit": "South Korea",
        "gu_a3": "KOR",
        "gn_id": 1845105,
        "gn_name": "Chungcheongnam-do",
        "gns_id": -707260,
        "gns_name": "Chungcheongnam-do",
        "gn_level": 1,
        "gn_region": null,
        "gn_a1_code": "KR.17",
        "region_sub": null,
        "sub_code": null,
        "gns_level": 1,
        "gns_lang": "kor",
        "gns_adm1": "KS17",
        "gns_region": null,
        "min_label": 8,
        "max_label": 11,
        "min_zoom": 8,
        "wikidataid": "Q41070",
        "name_ar": "مقاطعة تشنغتشونغ الجنوبية",
        "name_bn": "দক্ষিণ চুংচেয়ং",
        "name_de": "Chungcheongnam-do",
        "name_en": "South Chungcheong",
        "name_es": "Chungcheong del Sur",
        "name_fr": "Chungcheong du Sud",
        "name_el": "Τσούνγκτσονγκναμ-ντο",
        "name_hi": "दक्षिणी चुंगचियोंग प्रांत",
        "name_hu": "Dél-Cshungcshong",
        "name_id": "Chungcheong Selatan",
        "name_it": "Sud Chungcheong",
        "name_ja": "忠清南道",
        "name_ko": "충청남도",
        "name_nl": "Chungcheongnam-do",
        "name_pl": "Chungcheong Południowy",
        "name_pt": "Chungcheong do Sul",
        "name_ru": "Чхунчхон-Намдо",
        "name_sv": "Sydchungcheong",
        "name_tr": "Güney Çungçeong",
        "name_vi": "Chungcheong Nam",
        "name_zh": "忠清南道",
        "ne_id": 1159313525,
        "name_he": "דרום צ'ונגצ'אונג",
        "name_uk": "Південна провінція Чхунчхон",
        "name_ur": "جنوبی چونگچیونگ صوبہ",
        "name_fa": "چونگچئونگنام-دو",
        "name_zht": "忠清南道",
        "FCLASS_ISO": null,
        "FCLASS_US": null,
        "FCLASS_FR": null,
        "FCLASS_RU": null,
        "FCLASS_ES": null,
        "FCLASS_CN": null,
        "FCLASS_TW": null,
        "FCLASS_IN": null,
        "FCLASS_NP": null,
        "FCLASS_PK": null,
        "FCLASS_DE": null,
        "FCLASS_GB": null,
        "FCLASS_BR": null,
        "FCLASS_IL": null,
        "FCLASS_PS": null,
        "FCLASS_SA": null,
        "FCLASS_EG": null,
        "FCLASS_MA": null,
        "FCLASS_PT": null,
        "FCLASS_AR": null,
        "FCLASS_JP": null,
        "FCLASS_KO": null,
        "FCLASS_VN": null,
        "FCLASS_TR": null,
        "FCLASS_ID": null,
        "FCLASS_PL": null,
        "FCLASS_GR": null,
        "FCLASS_IT": null,
        "FCLASS_NL": null,
        "FCLASS_SE": null,
        "FCLASS_BD": null,
        "FCLASS_UA": null,
        "FCLASS_TLC": null
      },
      "bbox": [
        126.128184,
        35.980931,
        127.619012,
        37.055406
      ],
      "geometry": {
        "type": "MultiPolygon",
        "coordinates": [
          [
            [
              [
                126.405414,
                36.458836
              ],
              [
                126.412934,
                36.440334
              ],
              [
                126.426443,
                36.42357
              ],
              [
                126.43214,
                36.407945
              ],
              [
                126.422618,
                36.411526
              ],
              [
                126.378184,
                36.409491
              ],
              [
                126.36378,
                36.411363
              ],
              [
                126.361053,
                36.426321
              ],
              [
                126.365874,
                36.431645
              ],
              [
                126.373556,
                36.437337
              ],
              [
                126.377615,
                36.446194
              ],
              [
                126.35377,
                36.434068
              ],
              [
                126.342621,
                36.438381
              ],
              [
                126.345714,
                36.453315
              ],
              [
                126.36378,
                36.473456
              ],
              [
                126.356944,
                36.479641
              ],
              [
                126.343272,
                36.46662
              ],
              [
                126.33864,
                36.475611
              ],
              [
                126.328143,
                36.471089
              ],
              [
                126.333606,
                36.495093
              ],
              [
                126.329763,
                36.531724
              ],
              [
                126.325153,
                36.553864
              ],
              [
                126.314818,
                36.581787
              ],
              [
                126.323463,
                36.590891
              ],
              [
                126.341181,
                36.604134
              ],
              [
                126.360244,
                36.60936
              ],
              [
                126.373546,
                36.592231
              ],
              [
                126.375336,
                36.586086
              ],
              [
                126.370994,
                36.578754
              ],
              [
                126.363367,
                36.57384
              ],
              [
                126.364266,
                36.56697
              ],
              [
                126.381114,
                36.536282
              ],
              [
                126.3838,
                36.526516
              ],
              [
                126.379405,
                36.518378
              ],
              [
                126.384566,
                36.511198
              ],
              [
                126.39591,
                36.505792
              ],
              [
                126.404796,
                36.493313
              ],
              [
                126.3838,
                36.493313
              ],
              [
                126.3838,
                36.487128
              ],
              [
                126.390636,
                36.486029
              ],
              [
                126.404796,
                36.479641
              ],
              [
                126.403691,
                36.473344
              ],
              [
                126.402687,
                36.468392
              ],
              [
                126.405414,
                36.458836
              ]
            ]
          ],
          [
            [
              [
                126.812084,
                36.047304
              ],
              [
                126.791515,
                36.042182
              ],
              [
                126.771332,
                36.030911
              ],
              [
                126.754405,
                36.017727
              ],
              [
                126.735688,
                36.010443
              ],
              [
                126.71339,
                36.007392
              ],
              [
                126.692475,
                35.999905
              ],
              [
                126.677257,
                36.005927
              ],
              [
                126.67213,
                36.012885
              ],
              [
                126.670502,
                36.02204
              ],
              [
                126.665294,
                36.034613
              ],
              [
                126.656993,
                36.045478
              ],
              [
                126.640147,
                36.063422
              ],
              [
                126.631114,
                36.075588
              ],
              [
                126.64503,
                36.084703
              ],
              [
                126.63852,
                36.090969
              ],
              [
                126.624848,
                36.095608
              ],
              [
                126.612328,
                36.098992
              ],
              [
                126.589447,
                36.130805
              ],
              [
                126.571869,
                36.136979
              ],
              [
                126.558573,
                36.130764
              ],
              [
                126.552282,
                36.130809
              ],
              [
                126.551768,
                36.141823
              ],
              [
                126.529172,
                36.153514
              ],
              [
                126.509648,
                36.151025
              ],
              [
                126.503579,
                36.13219
              ],
              [
                126.500255,
                36.125718
              ],
              [
                126.493419,
                36.130805
              ],
              [
                126.497401,
                36.160019
              ],
              [
                126.531357,
                36.17394
              ],
              [
                126.561341,
                36.181588
              ],
              [
                126.603282,
                36.17182
              ],
              [
                126.588471,
                36.191596
              ],
              [
                126.580089,
                36.199368
              ],
              [
                126.56894,
                36.205959
              ],
              [
                126.562266,
                36.207221
              ],
              [
                126.554291,
                36.203437
              ],
              [
                126.548595,
                36.205959
              ],
              [
                126.541108,
                36.212551
              ],
              [
                126.534923,
                36.219631
              ],
              [
                126.555919,
                36.266262
              ],
              [
                126.567963,
                36.286811
              ],
              [
                126.582612,
                36.294664
              ],
              [
                126.571544,
                36.305609
              ],
              [
                126.529063,
                36.316107
              ],
              [
                126.513764,
                36.322659
              ],
              [
                126.528819,
                36.333889
              ],
              [
                126.573334,
                36.342597
              ],
              [
                126.582612,
                36.353013
              ],
              [
                126.576182,
                36.366278
              ],
              [
                126.560395,
                36.369615
              ],
              [
                126.527436,
                36.369778
              ],
              [
                126.5206,
                36.373603
              ],
              [
                126.5088,
                36.385199
              ],
              [
                126.500743,
                36.390937
              ],
              [
                126.500743,
                36.397691
              ],
              [
                126.513764,
                36.397691
              ],
              [
                126.498779,
                36.420106
              ],
              [
                126.516895,
                36.428187
              ],
              [
                126.537537,
                36.433221
              ],
              [
                126.556778,
                36.45583
              ],
              [
                126.59796,
                36.465073
              ],
              [
                126.617442,
                36.473456
              ],
              [
                126.559093,
                36.473456
              ],
              [
                126.545014,
                36.466986
              ],
              [
                126.523448,
                36.441107
              ],
              [
                126.507579,
                36.438666
              ],
              [
                126.497651,
                36.448391
              ],
              [
                126.488536,
                36.466864
              ],
              [
                126.482758,
                36.485826
              ],
              [
                126.483409,
                36.497016
              ],
              [
                126.504242,
                36.516669
              ],
              [
                126.513927,
                36.528795
              ],
              [
                126.510753,
                36.534247
              ],
              [
                126.49158,
                36.52867
              ],
              [
                126.482921,
                36.535224
              ],
              [
                126.475071,
                36.539414
              ],
              [
                126.470329,
                36.540199
              ],
              [
                126.465685,
                36.549387
              ],
              [
                126.470059,
                36.557766
              ],
              [
                126.469218,
                36.566934
              ],
              [
                126.464182,
                36.584121
              ],
              [
                126.458095,
                36.591407
              ],
              [
                126.457657,
                36.595596
              ],
              [
                126.471456,
                36.596291
              ],
              [
                126.491453,
                36.603762
              ],
              [
                126.512312,
                36.603209
              ],
              [
                126.513868,
                36.615392
              ],
              [
                126.519867,
                36.626166
              ],
              [
                126.51171,
                36.634848
              ],
              [
                126.499855,
                36.636836
              ],
              [
                126.483799,
                36.649603
              ],
              [
                126.493956,
                36.661316
              ],
              [
                126.50803,
                36.670413
              ],
              [
                126.49851,
                36.684273
              ],
              [
                126.474535,
                36.687885
              ],
              [
                126.469687,
                36.704587
              ],
              [
                126.477349,
                36.716888
              ],
              [
                126.500743,
                36.719875
              ],
              [
                126.487315,
                36.732164
              ],
              [
                126.482677,
                36.738349
              ],
              [
                126.479584,
                36.747138
              ],
              [
                126.471202,
                36.7414
              ],
              [
                126.457042,
                36.72899
              ],
              [
                126.441173,
                36.723538
              ],
              [
                126.437999,
                36.716457
              ],
              [
                126.438569,
                36.709418
              ],
              [
                126.445636,
                36.700722
              ],
              [
                126.44688,
                36.683762
              ],
              [
                126.439513,
                36.664265
              ],
              [
                126.443907,
                36.638081
              ],
              [
                126.43329,
                36.615727
              ],
              [
                126.424238,
                36.606581
              ],
              [
                126.405728,
                36.618196
              ],
              [
                126.386391,
                36.618888
              ],
              [
                126.36715,
                36.629065
              ],
              [
                126.371969,
                36.683078
              ],
              [
                126.377909,
                36.702582
              ],
              [
                126.366422,
                36.706972
              ],
              [
                126.369884,
                36.732327
              ],
              [
                126.359141,
                36.742662
              ],
              [
                126.343028,
                36.740383
              ],
              [
                126.333995,
                36.727362
              ],
              [
                126.331554,
                36.711371
              ],
              [
                126.324311,
                36.699652
              ],
              [
                126.301524,
                36.699368
              ],
              [
                126.310883,
                36.683987
              ],
              [
                126.329112,
                36.66059
              ],
              [
                126.335704,
                36.64411
              ],
              [
                126.324718,
                36.636623
              ],
              [
                126.326182,
                36.628363
              ],
              [
                126.343028,
                36.610012
              ],
              [
                126.327729,
                36.607571
              ],
              [
                126.314789,
                36.60163
              ],
              [
                126.303966,
                36.593085
              ],
              [
                126.295258,
                36.582709
              ],
              [
                126.295421,
                36.590033
              ],
              [
                126.294281,
                36.59748
              ],
              [
                126.292003,
                36.604234
              ],
              [
                126.288585,
                36.610012
              ],
              [
                126.302338,
                36.634426
              ],
              [
                126.27296,
                36.673163
              ],
              [
                126.281749,
                36.692572
              ],
              [
                126.274181,
                36.719875
              ],
              [
                126.255707,
                36.711575
              ],
              [
                126.229259,
                36.684719
              ],
              [
                126.209727,
                36.6789
              ],
              [
                126.198253,
                36.677069
              ],
              [
                126.187999,
                36.673814
              ],
              [
                126.177745,
                36.673245
              ],
              [
                126.165619,
                36.6789
              ],
              [
                126.16269,
                36.683539
              ],
              [
                126.158539,
                36.692857
              ],
              [
                126.156993,
                36.702053
              ],
              [
                126.161876,
                36.706204
              ],
              [
                126.203136,
                36.705878
              ],
              [
                126.213634,
                36.711615
              ],
              [
                126.21339,
                36.726711
              ],
              [
                126.202647,
                36.742418
              ],
              [
                126.187266,
                36.748481
              ],
              [
                126.171153,
                36.752265
              ],
              [
                126.158214,
                36.76081
              ],
              [
                126.153087,
                36.748847
              ],
              [
                126.150157,
                36.723944
              ],
              [
                126.144542,
                36.712388
              ],
              [
                126.132823,
                36.703843
              ],
              [
                126.128917,
                36.7119
              ],
              [
                126.130138,
                36.736965
              ],
              [
                126.128184,
                36.761298
              ],
              [
                126.130951,
                36.768052
              ],
              [
                126.156586,
                36.794176
              ],
              [
                126.161632,
                36.80329
              ],
              [
                126.165619,
                36.816067
              ],
              [
                126.168793,
                36.806383
              ],
              [
                126.173106,
                36.797675
              ],
              [
                126.178477,
                36.789455
              ],
              [
                126.185395,
                36.781317
              ],
              [
                126.190684,
                36.785305
              ],
              [
                126.197276,
                36.784898
              ],
              [
                126.204845,
                36.782782
              ],
              [
                126.21339,
                36.781317
              ],
              [
                126.202891,
                36.793199
              ],
              [
                126.192231,
                36.80858
              ],
              [
                126.220714,
                36.801744
              ],
              [
                126.232432,
                36.804185
              ],
              [
                126.240001,
                36.816067
              ],
              [
                126.214447,
                36.817532
              ],
              [
                126.198741,
                36.823228
              ],
              [
                126.196869,
                36.835679
              ],
              [
                126.21339,
                36.857001
              ],
              [
                126.190766,
                36.872016
              ],
              [
                126.192231,
                36.885932
              ],
              [
                126.209483,
                36.897162
              ],
              [
                126.233897,
                36.904202
              ],
              [
                126.22755,
                36.879788
              ],
              [
                126.229991,
                36.873033
              ],
              [
                126.243744,
                36.870673
              ],
              [
                126.268565,
                36.871039
              ],
              [
                126.275238,
                36.874742
              ],
              [
                126.281749,
                36.883734
              ],
              [
                126.283539,
                36.906236
              ],
              [
                126.281016,
                36.936469
              ],
              [
                126.285655,
                36.961127
              ],
              [
                126.30893,
                36.966864
              ],
              [
                126.305919,
                36.95307
              ],
              [
                126.306651,
                36.931464
              ],
              [
                126.311046,
                36.909573
              ],
              [
                126.323497,
                36.883246
              ],
              [
                126.317393,
                36.873969
              ],
              [
                126.307628,
                36.865668
              ],
              [
                126.301524,
                36.857001
              ],
              [
                126.30185,
                36.847805
              ],
              [
                126.308116,
                36.833075
              ],
              [
                126.30893,
                36.829088
              ],
              [
                126.303477,
                36.824368
              ],
              [
                126.285492,
                36.814927
              ],
              [
                126.281749,
                36.812323
              ],
              [
                126.282725,
                36.803697
              ],
              [
                126.285981,
                36.794582
              ],
              [
                126.29127,
                36.789252
              ],
              [
                126.298432,
                36.791897
              ],
              [
                126.315278,
                36.804348
              ],
              [
                126.327891,
                36.804633
              ],
              [
                126.3567,
                36.788764
              ],
              [
                126.336029,
                36.824652
              ],
              [
                126.328705,
                36.846991
              ],
              [
                126.339366,
                36.857001
              ],
              [
                126.355479,
                36.840481
              ],
              [
                126.365326,
                36.835354
              ],
              [
                126.369884,
                36.846177
              ],
              [
                126.374115,
                36.849555
              ],
              [
                126.384532,
                36.852932
              ],
              [
                126.404552,
                36.857001
              ],
              [
                126.404552,
                36.863227
              ],
              [
                126.396576,
                36.864203
              ],
              [
                126.377289,
                36.870673
              ],
              [
                126.377289,
                36.876899
              ],
              [
                126.401378,
                36.881415
              ],
              [
                126.415538,
                36.899848
              ],
              [
                126.4192,
                36.922309
              ],
              [
                126.411388,
                36.93891
              ],
              [
                126.40268,
                36.94123
              ],
              [
                126.376475,
                36.941596
              ],
              [
                126.363536,
                36.945787
              ],
              [
                126.353852,
                36.955227
              ],
              [
                126.350678,
                36.964504
              ],
              [
                126.355479,
                36.96776
              ],
              [
                126.369884,
                36.959418
              ],
              [
                126.376475,
                36.974921
              ],
              [
                126.369395,
                36.984117
              ],
              [
                126.354015,
                36.98786
              ],
              [
                126.335704,
                36.986762
              ],
              [
                126.34311,
                36.994452
              ],
              [
                126.353038,
                36.999986
              ],
              [
                126.36378,
                37.001451
              ],
              [
                126.373546,
                36.997016
              ],
              [
                126.383067,
                36.991156
              ],
              [
                126.391449,
                36.989814
              ],
              [
                126.395274,
                36.992906
              ],
              [
                126.39088,
                37.000434
              ],
              [
                126.39088,
                37.00788
              ],
              [
                126.427745,
                37.008368
              ],
              [
                126.445404,
                37.003404
              ],
              [
                126.452891,
                36.99018
              ],
              [
                126.447846,
                36.982001
              ],
              [
                126.438243,
                36.973334
              ],
              [
                126.432384,
                36.961982
              ],
              [
                126.438731,
                36.945787
              ],
              [
                126.44752,
                36.952826
              ],
              [
                126.458832,
                36.95775
              ],
              [
                126.468598,
                36.957587
              ],
              [
                126.472748,
                36.949205
              ],
              [
                126.473888,
                36.942206
              ],
              [
                126.478526,
                36.935858
              ],
              [
                126.479584,
                36.929023
              ],
              [
                126.477794,
                36.926418
              ],
              [
                126.468761,
                36.917792
              ],
              [
                126.465912,
                36.911607
              ],
              [
                126.465912,
                36.866929
              ],
              [
                126.469249,
                36.85399
              ],
              [
                126.476573,
                36.844916
              ],
              [
                126.483897,
                36.841498
              ],
              [
                126.487153,
                36.846177
              ],
              [
                126.491222,
                36.87108
              ],
              [
                126.509532,
                36.91885
              ],
              [
                126.513764,
                36.942369
              ],
              [
                126.519135,
                36.947903
              ],
              [
                126.531261,
                36.941311
              ],
              [
                126.548595,
                36.92593
              ],
              [
                126.555675,
                36.915107
              ],
              [
                126.560802,
                36.905097
              ],
              [
                126.56837,
                36.898505
              ],
              [
                126.582612,
                36.898017
              ],
              [
                126.582612,
                36.904202
              ],
              [
                126.57545,
                36.911811
              ],
              [
                126.566742,
                36.932196
              ],
              [
                126.559093,
                36.942369
              ],
              [
                126.497813,
                36.994208
              ],
              [
                126.493419,
                36.997016
              ],
              [
                126.496837,
                37.007799
              ],
              [
                126.505382,
                37.006578
              ],
              [
                126.515636,
                36.998847
              ],
              [
                126.531586,
                36.982896
              ],
              [
                126.54005,
                36.976874
              ],
              [
                126.550304,
                36.973131
              ],
              [
                126.562755,
                36.97309
              ],
              [
                126.572113,
                36.977484
              ],
              [
                126.573009,
                36.984361
              ],
              [
                126.566173,
                36.99079
              ],
              [
                126.552013,
                36.993598
              ],
              [
                126.53297,
                37.000922
              ],
              [
                126.512254,
                37.01643
              ],
              [
                126.502921,
                37.039521
              ],
              [
                126.500743,
                37.054999
              ],
              [
                126.519054,
                37.055406
              ],
              [
                126.535004,
                37.049262
              ],
              [
                126.549327,
                37.039211
              ],
              [
                126.569341,
                37.027778
              ],
              [
                126.588452,
                37.017221
              ],
              [
                126.596292,
                37.010828
              ],
              [
                126.611467,
                37.00256
              ],
              [
                126.626095,
                36.996104
              ],
              [
                126.636095,
                36.982453
              ],
              [
                126.631383,
                36.968931
              ],
              [
                126.621674,
                36.959784
              ],
              [
                126.623627,
                36.952623
              ],
              [
                126.633556,
                36.937405
              ],
              [
                126.634776,
                36.928046
              ],
              [
                126.631114,
                36.911607
              ],
              [
                126.6421,
                36.917711
              ],
              [
                126.646495,
                36.925116
              ],
              [
                126.649181,
                36.933417
              ],
              [
                126.645375,
                36.957953
              ],
              [
                126.649449,
                36.966056
              ],
              [
                126.655793,
                36.974594
              ],
              [
                126.665043,
                36.988525
              ],
              [
                126.681544,
                36.994704
              ],
              [
                126.697032,
                36.994818
              ],
              [
                126.714348,
                36.993042
              ],
              [
                126.733512,
                36.987431
              ],
              [
                126.757767,
                36.98222
              ],
              [
                126.775157,
                36.97309
              ],
              [
                126.796235,
                36.955756
              ],
              [
                126.797699,
                36.934394
              ],
              [
                126.781993,
                36.891181
              ],
              [
                126.793956,
                36.897528
              ],
              [
                126.812755,
                36.916938
              ],
              [
                126.823009,
                36.918443
              ],
              [
                126.83017,
                36.910224
              ],
              [
                126.834321,
                36.895494
              ],
              [
                126.836518,
                36.866929
              ],
              [
                126.83546,
                36.860826
              ],
              [
                126.830821,
                36.847235
              ],
              [
                126.829845,
                36.839342
              ],
              [
                126.831798,
                36.831122
              ],
              [
                126.840668,
                36.819159
              ],
              [
                126.849132,
                36.788031
              ],
              [
                126.846283,
                36.77912
              ],
              [
                126.829845,
                36.775092
              ],
              [
                126.832856,
                36.766669
              ],
              [
                126.836762,
                36.760932
              ],
              [
                126.84254,
                36.757025
              ],
              [
                126.850841,
                36.753974
              ],
              [
                126.8567,
                36.776435
              ],
              [
                126.866547,
                36.789781
              ],
              [
                126.871593,
                36.804023
              ],
              [
                126.863292,
                36.829088
              ],
              [
                126.883556,
                36.824368
              ],
              [
                126.904796,
                36.822252
              ],
              [
                126.870453,
                36.852769
              ],
              [
                126.860199,
                36.869574
              ],
              [
                126.880626,
                36.876899
              ],
              [
                126.899018,
                36.87934
              ],
              [
                126.942475,
                36.893378
              ],
              [
                126.961689,
                36.905112
              ],
              [
                126.961998,
                36.90506
              ],
              [
                127.00861,
                36.897386
              ],
              [
                127.04778,
                36.897361
              ],
              [
                127.130876,
                36.925808
              ],
              [
                127.174078,
                36.910047
              ],
              [
                127.212732,
                36.884054
              ],
              [
                127.259964,
                36.878938
              ],
              [
                127.267819,
                36.864107
              ],
              [
                127.279601,
                36.854185
              ],
              [
                127.293037,
                36.847932
              ],
              [
                127.310193,
                36.820233
              ],
              [
                127.323319,
                36.812844
              ],
              [
                127.322286,
                36.792277
              ],
              [
                127.330554,
                36.786205
              ],
              [
                127.337168,
                36.776153
              ],
              [
                127.339339,
                36.76481
              ],
              [
                127.336858,
                36.753519
              ],
              [
                127.332001,
                36.742977
              ],
              [
                127.3289,
                36.732048
              ],
              [
                127.327557,
                36.723444
              ],
              [
                127.322492,
                36.715795
              ],
              [
                127.313191,
                36.713703
              ],
              [
                127.303682,
                36.714891
              ],
              [
                127.29531,
                36.707682
              ],
              [
                127.274227,
                36.678278
              ],
              [
                127.246528,
                36.646032
              ],
              [
                127.104239,
                36.691572
              ],
              [
                127.080932,
                36.63978
              ],
              [
                127.084057,
                36.48829
              ],
              [
                127.068864,
                36.476585
              ],
              [
                127.059769,
                36.45563
              ],
              [
                127.150823,
                36.441239
              ],
              [
                127.21899,
                36.456242
              ],
              [
                127.272564,
                36.388587
              ],
              [
                127.290691,
                36.360101
              ],
              [
                127.29587,
                36.287592
              ],
              [
                127.316587,
                36.23321
              ],
              [
                127.36579,
                36.243568
              ],
              [
                127.409309,
                36.269828
              ],
              [
                127.423675,
                36.273755
              ],
              [
                127.449823,
                36.290783
              ],
              [
                127.464292,
                36.33401
              ],
              [
                127.477418,
                36.351011
              ],
              [
                127.482276,
                36.374498
              ],
              [
                127.495402,
                36.388761
              ],
              [
                127.512248,
                36.398657
              ],
              [
                127.526097,
                36.393619
              ],
              [
                127.538913,
                36.390182
              ],
              [
                127.535089,
                36.372845
              ],
              [
                127.518656,
                36.362845
              ],
              [
                127.508527,
                36.347963
              ],
              [
                127.499432,
                36.331219
              ],
              [
                127.476798,
                36.298353
              ],
              [
                127.464809,
                36.259699
              ],
              [
                127.463052,
                36.232052
              ],
              [
                127.465739,
                36.203604
              ],
              [
                127.497985,
                36.209005
              ],
              [
                127.527648,
                36.201227
              ],
              [
                127.558344,
                36.186034
              ],
              [
                127.568679,
                36.156295
              ],
              [
                127.567335,
                36.121723
              ],
              [
                127.575914,
                36.087436
              ],
              [
                127.596274,
                36.058109
              ],
              [
                127.619012,
                36.029507
              ],
              [
                127.595344,
                36.010283
              ],
              [
                127.571056,
                35.992997
              ],
              [
                127.541394,
                35.986331
              ],
              [
                127.511938,
                35.98522
              ],
              [
                127.490337,
                35.980931
              ],
              [
                127.43246,
                35.98708
              ],
              [
                127.428326,
                35.995116
              ],
              [
                127.435354,
                36.006536
              ],
              [
                127.429359,
                36.01651
              ],
              [
                127.416543,
                36.019145
              ],
              [
                127.383367,
                36.032659
              ],
              [
                127.338409,
                36.09821
              ],
              [
                127.306473,
                36.121155
              ],
              [
                127.289729,
                36.10728
              ],
              [
                127.276294,
                36.090356
              ],
              [
                127.255313,
                36.086842
              ],
              [
                127.241154,
                36.081726
              ],
              [
                127.226684,
                36.077643
              ],
              [
                127.171597,
                36.068961
              ],
              [
                127.143588,
                36.060176
              ],
              [
                127.11403,
                36.055706
              ],
              [
                127.092739,
                36.082527
              ],
              [
                127.101627,
                36.126658
              ],
              [
                127.06473,
                36.132627
              ],
              [
                126.961171,
                36.10622
              ],
              [
                126.904947,
                36.096453
              ],
              [
                126.857094,
                36.092216
              ],
              [
                126.812084,
                36.047304
              ]
            ]
          ]
        ]
      }
    },
    {
      "type": "Feature",
      "properties": {
        "featurecla": "Admin-1 states provinces",
        "scalerank": 6,
        "adm1_code": "PRK-3313",
        "diss_me": 3313,
        "iso_3166_2": "KP-02",
        "wikipedia": null,
        "iso_a2": "KP",
        "adm0_sr": 1,
        "name": "P'yŏngan-namdo",
        "name_alt": "South Pyongan|Heian Nan-do",
        "name_local": "평안남도",
        "type": "Do",
        "type_en": "Province",
        "code_local": null,
        "code_hasc": "KP.PN",
        "note": null,
        "hasc_maybe": null,
        "region": null,
        "region_cod": null,
        "provnum_ne": 20012,
        "gadm_level": 1,
        "check_me": 10,
        "datarank": 6,
        "abbrev": null,
        "postal": "PN",
        "area_sqkm": 0,
        "sameascity": -99,
        "labelrank": 6,
        "name_len": 14,
        "mapcolor9": 3,
        "mapcolor13": 9,
        "fips": "KN10",
        "fips_alt": "KN15",
        "woe_id": 2345957,
        "woe_label": "P'yongan-namdo, KP, North Korea",
        "woe_name": "P'yŏngan-namdo",
        "latitude": 39.5005,
        "longitude": 126.158,
        "sov_a3": "PRK",
        "adm0_a3": "PRK",
        "adm0_label": 2,
        "admin": "North Korea",
        "geonunit": "North Korea",
        "gu_a3": "PRK",
        "gn_id": 1871952,
        "gn_name": "P'yongan-namdo",
        "gns_id": -183322,
        "gns_name": "P'yongan-namdo",
        "gn_level": 1,
        "gn_region": null,
        "gn_a1_code": "KP.15",
        "region_sub": null,
        "sub_code": null,
        "gns_level": 1,
        "gns_lang": "kor",
        "gns_adm1": "KN15",
        "gns_region": null,
        "min_label": 8,
        "max_label": 11,
        "min_zoom": 8,
        "wikidataid": "Q109380",
        "name_ar": "مقاطعة بيونغان الجنوبية",
        "name_bn": "দক্ষিণ পঙ্গান প্রদেশ",
        "name_de": "P’yŏngan-namdo",
        "name_en": "South Pyongan",
        "name_es": "P'yŏngan del Sur",
        "name_fr": "Pyongan du Sud",
        "name_el": "Νότιο Πγιονγκάν",
        "name_hi": "दक्षिण प्योंगान प्रांत",
        "name_hu": "Dél-Phjongan",
        "name_id": "P'yŏngan Selatan",
        "name_it": "Sud Pyongan",
        "name_ja": "平安南道",
        "name_ko": "평안남도",
        "name_nl": "P'yŏngan-namdo",
        "name_pl": "P'yŏngan Południowy",
        "name_pt": "Pyongan Sul",
        "name_ru": "Пхёнан-Намдо",
        "name_sv": "Södra P'yŏngan",
        "name_tr": "Güney Pyongan",
        "name_vi": "Pyongan Nam",
        "name_zh": "平安南道",
        "ne_id": 1159315287,
        "name_he": "פיונגאן-נאמדו",
        "name_uk": "Південна провінція Пхьонан",
        "name_ur": "جنوبی پیونگان صوبہ",
        "name_fa": "استان پیونگان جنوبی",
        "name_zht": "平安南道",
        "FCLASS_ISO": null,
        "FCLASS_US": null,
        "FCLASS_FR": null,
        "FCLASS_RU": null,
        "FCLASS_ES": null,
        "FCLASS_CN": null,
        "FCLASS_TW": null,
        "FCLASS_IN": null,
        "FCLASS_NP": null,
        "FCLASS_PK": null,
        "FCLASS_DE": null,
        "FCLASS_GB": null,
        "FCLASS_BR": null,
        "FCLASS_IL": null,
        "FCLASS_PS": null,
        "FCLASS_SA": null,
        "FCLASS_EG": null,
        "FCLASS_MA": null,
        "FCLASS_PT": null,
        "FCLASS_AR": null,
        "FCLASS_JP": null,
        "FCLASS_KO": null,
        "FCLASS_VN": null,
        "FCLASS_TR": null,
        "FCLASS_ID": null,
        "FCLASS_PL": null,
        "FCLASS_GR": null,
        "FCLASS_IT": null,
        "FCLASS_NL": null,
        "FCLASS_SE": null,
        "FCLASS_BD": null,
        "FCLASS_UA": null,
        "FCLASS_TLC": null
      },
      "bbox": [
        125.137218,
        38.659009,
        127.178212,
        40.336582
      ],
      "geometry": {
        "type": "Polygon",
        "coordinates": [
          [
            [
              125.630089,
              38.659009
            ],
            [
              125.619884,
              38.661444
            ],
            [
              125.59962,
              38.662258
            ],
            [
              125.588959,
              38.666327
            ],
            [
              125.543712,
              38.711127
            ],
            [
              125.527599,
              38.720933
            ],
            [
              125.51474,
              38.722805
            ],
            [
              125.490977,
              38.722886
            ],
            [
              125.479096,
              38.727729
            ],
            [
              125.472911,
              38.73432
            ],
            [
              125.447032,
              38.771552
            ],
            [
              125.448009,
              38.77619
            ],
            [
              125.447765,
              38.777248
            ],
            [
              125.438731,
              38.77558
            ],
            [
              125.435883,
              38.771308
            ],
            [
              125.43214,
              38.763088
            ],
            [
              125.424571,
              38.755927
            ],
            [
              125.410899,
              38.755072
            ],
            [
              125.420014,
              38.75019
            ],
            [
              125.427826,
              38.744127
            ],
            [
              125.434174,
              38.736762
            ],
            [
              125.419313,
              38.729265
            ],
            [
              125.389244,
              38.717449
            ],
            [
              125.373128,
              38.720541
            ],
            [
              125.363048,
              38.734565
            ],
            [
              125.356212,
              38.734565
            ],
            [
              125.350352,
              38.721259
            ],
            [
              125.341075,
              38.717475
            ],
            [
              125.314545,
              38.720933
            ],
            [
              125.312755,
              38.723863
            ],
            [
              125.310313,
              38.729804
            ],
            [
              125.306407,
              38.734605
            ],
            [
              125.301036,
              38.734565
            ],
            [
              125.295909,
              38.728461
            ],
            [
              125.297944,
              38.722113
            ],
            [
              125.303477,
              38.716742
            ],
            [
              125.30836,
              38.713528
            ],
            [
              125.30836,
              38.707261
            ],
            [
              125.293712,
              38.703192
            ],
            [
              125.27768,
              38.703315
            ],
            [
              125.262462,
              38.707913
            ],
            [
              125.249766,
              38.717231
            ],
            [
              125.2435,
              38.728339
            ],
            [
              125.246918,
              38.736721
            ],
            [
              125.266856,
              38.755072
            ],
            [
              125.259776,
              38.758287
            ],
            [
              125.253184,
              38.762519
            ],
            [
              125.257823,
              38.771918
            ],
            [
              125.252696,
              38.783596
            ],
            [
              125.240977,
              38.793118
            ],
            [
              125.22519,
              38.796088
            ],
            [
              125.230479,
              38.771918
            ],
            [
              125.216557,
              38.739717
            ],
            [
              125.18812,
              38.738608
            ],
            [
              125.176664,
              38.751228
            ],
            [
              125.172111,
              38.76323
            ],
            [
              125.15677,
              38.769267
            ],
            [
              125.145274,
              38.777088
            ],
            [
              125.137218,
              38.803534
            ],
            [
              125.143321,
              38.82038
            ],
            [
              125.147553,
              38.837144
            ],
            [
              125.150727,
              38.874579
            ],
            [
              125.151966,
              38.891529
            ],
            [
              125.163627,
              38.91546
            ],
            [
              125.172981,
              38.9388
            ],
            [
              125.190027,
              38.95852
            ],
            [
              125.200901,
              38.975262
            ],
            [
              125.198643,
              38.986056
            ],
            [
              125.212169,
              39.001532
            ],
            [
              125.233368,
              39.029887
            ],
            [
              125.252002,
              39.049639
            ],
            [
              125.26002,
              39.066352
            ],
            [
              125.270803,
              39.080606
            ],
            [
              125.291108,
              39.080471
            ],
            [
              125.31601,
              39.079535
            ],
            [
              125.335053,
              39.083441
            ],
            [
              125.28407,
              39.089556
            ],
            [
              125.286694,
              39.097046
            ],
            [
              125.290612,
              39.104531
            ],
            [
              125.290335,
              39.111281
            ],
            [
              125.286179,
              39.117049
            ],
            [
              125.288153,
              39.123542
            ],
            [
              125.287364,
              39.131822
            ],
            [
              125.289154,
              39.139065
            ],
            [
              125.293305,
              39.143541
            ],
            [
              125.294444,
              39.147366
            ],
            [
              125.287364,
              39.15233
            ],
            [
              125.296723,
              39.161526
            ],
            [
              125.30714,
              39.165432
            ],
            [
              125.332042,
              39.165961
            ],
            [
              125.343516,
              39.168891
            ],
            [
              125.340099,
              39.176011
            ],
            [
              125.332042,
              39.184963
            ],
            [
              125.328868,
              39.193305
            ],
            [
              125.343598,
              39.212877
            ],
            [
              125.365082,
              39.220893
            ],
            [
              125.389008,
              39.220282
            ],
            [
              125.410899,
              39.213813
            ],
            [
              125.404877,
              39.228949
            ],
            [
              125.396007,
              39.236558
            ],
            [
              125.393565,
              39.245795
            ],
            [
              125.431895,
              39.300727
            ],
            [
              125.444916,
              39.310614
            ],
            [
              125.42921,
              39.312242
            ],
            [
              125.41627,
              39.320258
            ],
            [
              125.411143,
              39.333482
            ],
            [
              125.418224,
              39.350979
            ],
            [
              125.413422,
              39.354438
            ],
            [
              125.404633,
              39.364651
            ],
            [
              125.414806,
              39.362006
            ],
            [
              125.418956,
              39.360541
            ],
            [
              125.424408,
              39.357123
            ],
            [
              125.445649,
              39.366929
            ],
            [
              125.454194,
              39.374335
            ],
            [
              125.459239,
              39.385077
            ],
            [
              125.438487,
              39.384996
            ],
            [
              125.376475,
              39.392524
            ],
            [
              125.357026,
              39.398749
            ],
            [
              125.359955,
              39.413153
            ],
            [
              125.383556,
              39.440334
            ],
            [
              125.372569,
              39.440985
            ],
            [
              125.361827,
              39.439927
            ],
            [
              125.351654,
              39.437405
            ],
            [
              125.34254,
              39.433539
            ],
            [
              125.346039,
              39.459621
            ],
            [
              125.360362,
              39.474677
            ],
            [
              125.379405,
              39.486274
            ],
            [
              125.397227,
              39.501776
            ],
            [
              125.402599,
              39.513739
            ],
            [
              125.406586,
              39.527493
            ],
            [
              125.413666,
              39.538723
            ],
            [
              125.441987,
              39.547553
            ],
            [
              125.450287,
              39.557929
            ],
            [
              125.451752,
              39.571275
            ],
            [
              125.451289,
              39.572546
            ],
            [
              125.503999,
              39.578644
            ],
            [
              125.562186,
              39.597092
            ],
            [
              125.613139,
              39.620192
            ],
            [
              125.633396,
              39.633524
            ],
            [
              125.641148,
              39.636005
            ],
            [
              125.649209,
              39.63647
            ],
            [
              125.670087,
              39.633473
            ],
            [
              125.687863,
              39.633163
            ],
            [
              125.705227,
              39.637322
            ],
            [
              125.766722,
              39.660861
            ],
            [
              125.813851,
              39.686596
            ],
            [
              125.847234,
              39.720031
            ],
            [
              125.852091,
              39.726645
            ],
            [
              125.854055,
              39.732407
            ],
            [
              125.854262,
              39.734965
            ],
            [
              125.854675,
              39.738066
            ],
            [
              125.856535,
              39.74158
            ],
            [
              125.862116,
              39.746696
            ],
            [
              125.894156,
              39.751527
            ],
            [
              125.902941,
              39.755119
            ],
            [
              125.909969,
              39.759977
            ],
            [
              125.928055,
              39.775014
            ],
            [
              125.947486,
              39.78783
            ],
            [
              125.955547,
              39.796047
            ],
            [
              125.96733,
              39.812015
            ],
            [
              125.978802,
              39.821885
            ],
            [
              125.992238,
              39.827182
            ],
            [
              125.997819,
              39.830282
            ],
            [
              126.000299,
              39.832143
            ],
            [
              126.001539,
              39.835863
            ],
            [
              126.002573,
              39.841109
            ],
            [
              126.004847,
              39.847361
            ],
            [
              126.008671,
              39.852968
            ],
            [
              126.015389,
              39.858782
            ],
            [
              126.021383,
              39.858911
            ],
            [
              126.027067,
              39.857025
            ],
            [
              126.051045,
              39.836664
            ],
            [
              126.05704,
              39.832427
            ],
            [
              126.070889,
              39.825451
            ],
            [
              126.07771,
              39.82297
            ],
            [
              126.084842,
              39.821161
            ],
            [
              126.092283,
              39.820076
            ],
            [
              126.100655,
              39.820438
            ],
            [
              126.259405,
              39.852658
            ],
            [
              126.329995,
              39.881778
            ],
            [
              126.352836,
              39.888547
            ],
            [
              126.362861,
              39.893715
            ],
            [
              126.368752,
              39.899219
            ],
            [
              126.370302,
              39.904955
            ],
            [
              126.370509,
              39.911053
            ],
            [
              126.369889,
              39.917228
            ],
            [
              126.368132,
              39.923145
            ],
            [
              126.364928,
              39.929217
            ],
            [
              126.343844,
              39.957096
            ],
            [
              126.341364,
              39.962548
            ],
            [
              126.34002,
              39.968439
            ],
            [
              126.341157,
              39.980609
            ],
            [
              126.343327,
              39.99221
            ],
            [
              126.345704,
              39.999083
            ],
            [
              126.346221,
              40.00022
            ],
            [
              126.36007,
              40.017454
            ],
            [
              126.403685,
              39.994484
            ],
            [
              126.410507,
              39.99252
            ],
            [
              126.418155,
              39.991384
            ],
            [
              126.425906,
              39.991125
            ],
            [
              126.438515,
              39.995311
            ],
            [
              126.497633,
              40.027428
            ],
            [
              126.509105,
              40.031407
            ],
            [
              126.538871,
              40.032854
            ],
            [
              126.546312,
              40.035774
            ],
            [
              126.55365,
              40.040941
            ],
            [
              126.559645,
              40.050966
            ],
            [
              126.561815,
              40.05877
            ],
            [
              126.565433,
              40.078122
            ],
            [
              126.567603,
              40.083729
            ],
            [
              126.570497,
              40.089026
            ],
            [
              126.578455,
              40.096054
            ],
            [
              126.589927,
              40.103728
            ],
            [
              126.653386,
              40.138532
            ],
            [
              126.662584,
              40.142511
            ],
            [
              126.671369,
              40.144888
            ],
            [
              126.693693,
              40.148428
            ],
            [
              126.701342,
              40.152356
            ],
            [
              126.709713,
              40.158712
            ],
            [
              126.722116,
              40.171502
            ],
            [
              126.731934,
              40.179899
            ],
            [
              126.74537,
              40.187754
            ],
            [
              126.753741,
              40.191294
            ],
            [
              126.761803,
              40.193671
            ],
            [
              126.776376,
              40.196177
            ],
            [
              126.792706,
              40.197314
            ],
            [
              126.800457,
              40.200621
            ],
            [
              126.807485,
              40.207288
            ],
            [
              126.813996,
              40.220465
            ],
            [
              126.822161,
              40.243074
            ],
            [
              126.827019,
              40.248681
            ],
            [
              126.834667,
              40.256019
            ],
            [
              126.872287,
              40.280281
            ],
            [
              126.887273,
              40.294879
            ],
            [
              126.910941,
              40.334722
            ],
            [
              126.911975,
              40.334748
            ],
            [
              127.003029,
              40.336582
            ],
            [
              127.016464,
              40.334928
            ],
            [
              127.034965,
              40.330484
            ],
            [
              127.048401,
              40.325549
            ],
            [
              127.056875,
              40.320717
            ],
            [
              127.104728,
              40.284802
            ],
            [
              127.109792,
              40.278756
            ],
            [
              127.111963,
              40.273537
            ],
            [
              127.112893,
              40.268524
            ],
            [
              127.112273,
              40.263253
            ],
            [
              127.110412,
              40.257879
            ],
            [
              127.104728,
              40.247337
            ],
            [
              127.102247,
              40.240929
            ],
            [
              127.102144,
              40.239689
            ],
            [
              127.106278,
              40.211344
            ],
            [
              127.110412,
              40.19703
            ],
            [
              127.115993,
              40.187211
            ],
            [
              127.125915,
              40.1807
            ],
            [
              127.163122,
              40.162691
            ],
            [
              127.172734,
              40.155095
            ],
            [
              127.177902,
              40.147963
            ],
            [
              127.178212,
              40.141943
            ],
            [
              127.177695,
              40.135974
            ],
            [
              127.175731,
              40.130497
            ],
            [
              127.172424,
              40.125381
            ],
            [
              127.162192,
              40.115485
            ],
            [
              127.093256,
              40.073006
            ],
            [
              127.089225,
              40.069906
            ],
            [
              127.085194,
              40.065591
            ],
            [
              127.083024,
              40.0597
            ],
            [
              127.083024,
              40.05231
            ],
            [
              127.085297,
              40.042078
            ],
            [
              127.085711,
              40.035205
            ],
            [
              127.082404,
              40.030063
            ],
            [
              127.076512,
              40.027764
            ],
            [
              127.069071,
              40.026317
            ],
            [
              127.062767,
              40.024146
            ],
            [
              127.058529,
              40.019625
            ],
            [
              127.057806,
              40.014044
            ],
            [
              127.058219,
              40.008463
            ],
            [
              127.06101,
              39.995518
            ],
            [
              127.073102,
              39.956037
            ],
            [
              127.077443,
              39.947149
            ],
            [
              127.107208,
              39.90542
            ],
            [
              127.111446,
              39.896041
            ],
            [
              127.112893,
              39.88586
            ],
            [
              127.111446,
              39.879349
            ],
            [
              127.109069,
              39.873458
            ],
            [
              127.103178,
              39.863562
            ],
            [
              127.099664,
              39.858834
            ],
            [
              127.095013,
              39.853976
            ],
            [
              127.089122,
              39.850307
            ],
            [
              127.082714,
              39.847878
            ],
            [
              127.042716,
              39.845294
            ],
            [
              127.035275,
              39.843822
            ],
            [
              127.029384,
              39.84054
            ],
            [
              127.020805,
              39.831962
            ],
            [
              127.014707,
              39.828499
            ],
            [
              127.0083,
              39.826122
            ],
            [
              127.002098,
              39.826174
            ],
            [
              126.998171,
              39.827337
            ],
            [
              126.99352,
              39.830928
            ],
            [
              126.980498,
              39.847542
            ],
            [
              126.975847,
              39.852529
            ],
            [
              126.969749,
              39.856715
            ],
            [
              126.963858,
              39.859402
            ],
            [
              126.950732,
              39.863329
            ],
            [
              126.935332,
              39.865706
            ],
            [
              126.871047,
              39.865706
            ],
            [
              126.815547,
              39.85488
            ],
            [
              126.802007,
              39.850927
            ],
            [
              126.794876,
              39.847723
            ],
            [
              126.788261,
              39.844132
            ],
            [
              126.782164,
              39.839868
            ],
            [
              126.776272,
              39.83315
            ],
            [
              126.771415,
              39.824417
            ],
            [
              126.757669,
              39.787882
            ],
            [
              126.754672,
              39.782094
            ],
            [
              126.751468,
              39.776875
            ],
            [
              126.734725,
              39.758013
            ],
            [
              126.721185,
              39.736929
            ],
            [
              126.719325,
              39.728712
            ],
            [
              126.722322,
              39.722769
            ],
            [
              126.728007,
              39.719979
            ],
            [
              126.735345,
              39.718558
            ],
            [
              126.742476,
              39.717809
            ],
            [
              126.74816,
              39.716362
            ],
            [
              126.751468,
              39.713674
            ],
            [
              126.753741,
              39.706956
            ],
            [
              126.752708,
              39.701763
            ],
            [
              126.750021,
              39.697448
            ],
            [
              126.711263,
              39.66515
            ],
            [
              126.704132,
              39.654892
            ],
            [
              126.702272,
              39.647451
            ],
            [
              126.702892,
              39.640811
            ],
            [
              126.710643,
              39.624998
            ],
            [
              126.712814,
              39.61859
            ],
            [
              126.713744,
              39.611019
            ],
            [
              126.713227,
              39.599676
            ],
            [
              126.710023,
              39.592209
            ],
            [
              126.704752,
              39.586344
            ],
            [
              126.698344,
              39.582158
            ],
            [
              126.690903,
              39.575259
            ],
            [
              126.683668,
              39.566035
            ],
            [
              126.67478,
              39.547664
            ],
            [
              126.672609,
              39.537354
            ],
            [
              126.672816,
              39.529293
            ],
            [
              126.6754,
              39.524048
            ],
            [
              126.679327,
              39.518596
            ],
            [
              126.689663,
              39.508648
            ],
            [
              126.714364,
              39.490897
            ],
            [
              126.721392,
              39.486918
            ],
            [
              126.728007,
              39.481647
            ],
            [
              126.733588,
              39.474981
            ],
            [
              126.737929,
              39.464465
            ],
            [
              126.738239,
              39.457127
            ],
            [
              126.736688,
              39.450848
            ],
            [
              126.721702,
              39.420049
            ],
            [
              126.700825,
              39.35442
            ],
            [
              126.697724,
              39.337341
            ],
            [
              126.697621,
              39.325352
            ],
            [
              126.700101,
              39.320003
            ],
            [
              126.704132,
              39.314319
            ],
            [
              126.709093,
              39.309074
            ],
            [
              126.715604,
              39.304035
            ],
            [
              126.722632,
              39.300573
            ],
            [
              126.729867,
              39.298454
            ],
            [
              126.737308,
              39.297834
            ],
            [
              126.743716,
              39.298248
            ],
            [
              126.749091,
              39.299229
            ],
            [
              126.781853,
              39.311658
            ],
            [
              126.788778,
              39.313389
            ],
            [
              126.796323,
              39.314474
            ],
            [
              126.810276,
              39.313983
            ],
            [
              126.81379,
              39.313389
            ],
            [
              126.81813,
              39.312304
            ],
            [
              126.821128,
              39.311115
            ],
            [
              126.825778,
              39.308635
            ],
            [
              126.830739,
              39.304862
            ],
            [
              126.834977,
              39.300056
            ],
            [
              126.837871,
              39.294992
            ],
            [
              126.840144,
              39.289876
            ],
            [
              126.843555,
              39.278869
            ],
            [
              126.846139,
              39.273805
            ],
            [
              126.85048,
              39.27011
            ],
            [
              126.856164,
              39.2698
            ],
            [
              126.861952,
              39.272513
            ],
            [
              126.872804,
              39.281556
            ],
            [
              126.879419,
              39.284889
            ],
            [
              126.886653,
              39.286569
            ],
            [
              126.894198,
              39.286982
            ],
            [
              126.901846,
              39.28644
            ],
            [
              126.908874,
              39.284838
            ],
            [
              126.915075,
              39.282099
            ],
            [
              126.921173,
              39.27706
            ],
            [
              126.926031,
              39.270187
            ],
            [
              126.930061,
              39.259904
            ],
            [
              126.930992,
              39.252049
            ],
            [
              126.930061,
              39.245357
            ],
            [
              126.925411,
              39.233445
            ],
            [
              126.92324,
              39.225849
            ],
            [
              126.92448,
              39.220113
            ],
            [
              126.929441,
              39.215488
            ],
            [
              126.936366,
              39.212697
            ],
            [
              126.943601,
              39.21138
            ],
            [
              126.950835,
              39.211431
            ],
            [
              126.979257,
              39.215824
            ],
            [
              126.99383,
              39.21541
            ],
            [
              126.999308,
              39.214558
            ],
            [
              127.003752,
              39.213343
            ],
            [
              127.025249,
              39.204403
            ],
            [
              127.057289,
              39.175258
            ],
            [
              127.060906,
              39.169005
            ],
            [
              127.063387,
              39.16053
            ],
            [
              127.060596,
              39.155517
            ],
            [
              127.055118,
              39.15128
            ],
            [
              127.021425,
              39.137792
            ],
            [
              127.013674,
              39.133632
            ],
            [
              126.993623,
              39.110714
            ],
            [
              126.981738,
              39.069114
            ],
            [
              126.925824,
              39.063456
            ],
            [
              126.904327,
              39.066169
            ],
            [
              126.890684,
              39.073119
            ],
            [
              126.839111,
              39.106528
            ],
            [
              126.824228,
              39.113039
            ],
            [
              126.809655,
              39.117923
            ],
            [
              126.777823,
              39.122186
            ],
            [
              126.771001,
              39.124331
            ],
            [
              126.76418,
              39.127715
            ],
            [
              126.749091,
              39.138051
            ],
            [
              126.737515,
              39.143425
            ],
            [
              126.729867,
              39.145802
            ],
            [
              126.721909,
              39.14681
            ],
            [
              126.714157,
              39.146784
            ],
            [
              126.666408,
              39.136888
            ],
            [
              126.651629,
              39.13526
            ],
            [
              126.635402,
              39.135674
            ],
            [
              126.627754,
              39.137353
            ],
            [
              126.62021,
              39.140169
            ],
            [
              126.613388,
              39.143683
            ],
            [
              126.607497,
              39.148179
            ],
            [
              126.592201,
              39.163992
            ],
            [
              126.584966,
              39.167584
            ],
            [
              126.576905,
              39.166499
            ],
            [
              126.567293,
              39.159651
            ],
            [
              126.560575,
              39.147172
            ],
            [
              126.558095,
              39.138671
            ],
            [
              126.557888,
              39.131229
            ],
            [
              126.559025,
              39.125493
            ],
            [
              126.560885,
              39.119938
            ],
            [
              126.563676,
              39.114822
            ],
            [
              126.577008,
              39.098957
            ],
            [
              126.580625,
              39.093402
            ],
            [
              126.58538,
              39.082757
            ],
            [
              126.58848,
              39.077589
            ],
            [
              126.592718,
              39.072473
            ],
            [
              126.615972,
              39.054283
            ],
            [
              126.620313,
              39.049426
            ],
            [
              126.623414,
              39.044413
            ],
            [
              126.629511,
              39.028393
            ],
            [
              126.632405,
              39.023174
            ],
            [
              126.636126,
              39.017567
            ],
            [
              126.645118,
              39.007361
            ],
            [
              126.652869,
              39.000385
            ],
            [
              126.656486,
              38.995139
            ],
            [
              126.65845,
              38.990824
            ],
            [
              126.659587,
              38.985838
            ],
            [
              126.652146,
              38.980903
            ],
            [
              126.637883,
              38.976639
            ],
            [
              126.601503,
              38.973539
            ],
            [
              126.584139,
              38.97372
            ],
            [
              126.571427,
              38.975244
            ],
            [
              126.521714,
              39.000385
            ],
            [
              126.51479,
              39.002348
            ],
            [
              126.507348,
              39.000927
            ],
            [
              126.499183,
              38.99669
            ],
            [
              126.487298,
              38.984623
            ],
            [
              126.485024,
              38.977027
            ],
            [
              126.486058,
              38.970438
            ],
            [
              126.492672,
              38.960749
            ],
            [
              126.497013,
              38.950956
            ],
            [
              126.499183,
              38.942274
            ],
            [
              126.500114,
              38.935427
            ],
            [
              126.500114,
              38.931526
            ],
            [
              126.499597,
              38.928193
            ],
            [
              126.498563,
              38.924653
            ],
            [
              126.496186,
              38.92039
            ],
            [
              126.491535,
              38.915971
            ],
            [
              126.485334,
              38.911889
            ],
            [
              126.469211,
              38.911243
            ],
            [
              126.457739,
              38.911966
            ],
            [
              126.387252,
              38.930518
            ],
            [
              126.384772,
              38.970206
            ],
            [
              126.382188,
              38.982091
            ],
            [
              126.375883,
              38.992995
            ],
            [
              126.370509,
              39.000333
            ],
            [
              126.369889,
              39.001082
            ],
            [
              126.344257,
              39.045085
            ],
            [
              126.339917,
              39.050873
            ],
            [
              126.337023,
              39.052526
            ],
            [
              126.330305,
              39.054387
            ],
            [
              126.287517,
              39.060484
            ],
            [
              126.281005,
              39.063947
            ],
            [
              126.256097,
              39.083584
            ],
            [
              126.244935,
              39.095159
            ],
            [
              126.242041,
              39.101257
            ],
            [
              126.240801,
              39.104513
            ],
            [
              126.239974,
              39.107794
            ],
            [
              126.239458,
              39.113814
            ],
            [
              126.240388,
              39.118388
            ],
            [
              126.242352,
              39.123478
            ],
            [
              126.242662,
              39.129214
            ],
            [
              126.241731,
              39.135777
            ],
            [
              126.23677,
              39.148877
            ],
            [
              126.233153,
              39.154174
            ],
            [
              126.229949,
              39.157326
            ],
            [
              126.224265,
              39.158463
            ],
            [
              126.214756,
              39.158721
            ],
            [
              126.184681,
              39.155827
            ],
            [
              126.178583,
              39.155879
            ],
            [
              126.176412,
              39.156137
            ],
            [
              126.164734,
              39.163475
            ],
            [
              126.143133,
              39.180632
            ],
            [
              126.138068,
              39.183319
            ],
            [
              126.104686,
              39.181898
            ],
            [
              126.096624,
              39.182906
            ],
            [
              126.092593,
              39.184534
            ],
            [
              126.089803,
              39.186549
            ],
            [
              126.088046,
              39.18859
            ],
            [
              126.086805,
              39.190657
            ],
            [
              126.085875,
              39.192983
            ],
            [
              126.085152,
              39.197918
            ],
            [
              126.082981,
              39.202801
            ],
            [
              126.079261,
              39.209261
            ],
            [
              126.069339,
              39.222309
            ],
            [
              126.063758,
              39.227813
            ],
            [
              126.059107,
              39.231197
            ],
            [
              126.053319,
              39.23267
            ],
            [
              126.045361,
              39.233678
            ],
            [
              126.042777,
              39.233549
            ],
            [
              126.040297,
              39.232929
            ],
            [
              126.038126,
              39.231456
            ],
            [
              126.036266,
              39.229673
            ],
            [
              126.034095,
              39.225849
            ],
            [
              126.032545,
              39.221973
            ],
            [
              126.031408,
              39.220268
            ],
            [
              126.029755,
              39.218459
            ],
            [
              126.027067,
              39.217012
            ],
            [
              126.023347,
              39.214118
            ],
            [
              126.012185,
              39.210217
            ],
            [
              125.972807,
              39.204429
            ],
            [
              125.968466,
              39.20722
            ],
            [
              125.95286,
              39.221973
            ],
            [
              125.944282,
              39.228872
            ],
            [
              125.936634,
              39.231792
            ],
            [
              125.929812,
              39.233755
            ],
            [
              125.924645,
              39.234376
            ],
            [
              125.919581,
              39.234117
            ],
            [
              125.90077,
              39.230655
            ],
            [
              125.89674,
              39.229311
            ],
            [
              125.892915,
              39.227141
            ],
            [
              125.885681,
              39.221663
            ],
            [
              125.879376,
              39.215204
            ],
            [
              125.877206,
              39.212361
            ],
            [
              125.873899,
              39.205695
            ],
            [
              125.871418,
              39.198254
            ],
            [
              125.871005,
              39.196238
            ],
            [
              125.870798,
              39.191949
            ],
            [
              125.871315,
              39.187815
            ],
            [
              125.874519,
              39.172467
            ],
            [
              125.874725,
              39.165956
            ],
            [
              125.874415,
              39.163992
            ],
            [
              125.872968,
              39.162132
            ],
            [
              125.870385,
              39.160737
            ],
            [
              125.864493,
              39.160246
            ],
            [
              125.861393,
              39.160892
            ],
            [
              125.859326,
              39.162235
            ],
            [
              125.856845,
              39.167093
            ],
            [
              125.855605,
              39.17071
            ],
            [
              125.853435,
              39.181149
            ],
            [
              125.84806,
              39.196083
            ],
            [
              125.84496,
              39.202801
            ],
            [
              125.843203,
              39.20554
            ],
            [
              125.840619,
              39.208899
            ],
            [
              125.834831,
              39.215049
            ],
            [
              125.831421,
              39.217787
            ],
            [
              125.82832,
              39.219544
            ],
            [
              125.797934,
              39.226236
            ],
            [
              125.791836,
              39.228278
            ],
            [
              125.788322,
              39.229957
            ],
            [
              125.785222,
              39.232463
            ],
            [
              125.781604,
              39.236391
            ],
            [
              125.774163,
              39.246571
            ],
            [
              125.77313,
              39.247992
            ],
            [
              125.769099,
              39.25378
            ],
            [
              125.767859,
              39.25502
            ],
            [
              125.736956,
              39.276337
            ],
            [
              125.728068,
              39.280858
            ],
            [
              125.721866,
              39.283184
            ],
            [
              125.717112,
              39.282383
            ],
            [
              125.712875,
              39.281169
            ],
            [
              125.709361,
              39.279282
            ],
            [
              125.702023,
              39.273701
            ],
            [
              125.67205,
              39.258121
            ],
            [
              125.630813,
              39.247243
            ],
            [
              125.627092,
              39.244918
            ],
            [
              125.622028,
              39.240215
            ],
            [
              125.620994,
              39.238716
            ],
            [
              125.620167,
              39.237114
            ],
            [
              125.619651,
              39.235357
            ],
            [
              125.619134,
              39.231197
            ],
            [
              125.619444,
              39.227296
            ],
            [
              125.620994,
              39.223885
            ],
            [
              125.629262,
              39.212103
            ],
            [
              125.639184,
              39.190476
            ],
            [
              125.640218,
              39.186885
            ],
            [
              125.640734,
              39.183629
            ],
            [
              125.640838,
              39.178358
            ],
            [
              125.640218,
              39.174172
            ],
            [
              125.636187,
              39.158618
            ],
            [
              125.63536,
              39.156835
            ],
            [
              125.634017,
              39.15097
            ],
            [
              125.633913,
              39.148851
            ],
            [
              125.634327,
              39.146784
            ],
            [
              125.635774,
              39.144665
            ],
            [
              125.637427,
              39.143167
            ],
            [
              125.652723,
              39.134123
            ],
            [
              125.660578,
              39.130816
            ],
            [
              125.664196,
              39.128439
            ],
            [
              125.665126,
              39.127457
            ],
            [
              125.665849,
              39.126165
            ],
            [
              125.666263,
              39.124563
            ],
            [
              125.665849,
              39.122729
            ],
            [
              125.664816,
              39.120997
            ],
            [
              125.660785,
              39.117923
            ],
            [
              125.657064,
              39.115907
            ],
            [
              125.655204,
              39.115132
            ],
            [
              125.582547,
              39.069631
            ],
            [
              125.578619,
              39.065161
            ],
            [
              125.576966,
              39.062138
            ],
            [
              125.575519,
              39.057952
            ],
            [
              125.575105,
              39.054076
            ],
            [
              125.580066,
              38.998602
            ],
            [
              125.585027,
              38.98359
            ],
            [
              125.592159,
              38.97589
            ],
            [
              125.59743,
              38.966485
            ],
            [
              125.604148,
              38.949173
            ],
            [
              125.604458,
              38.9446
            ],
            [
              125.603941,
              38.938476
            ],
            [
              125.588128,
              38.893234
            ],
            [
              125.583167,
              38.884164
            ],
            [
              125.578206,
              38.877808
            ],
            [
              125.567664,
              38.872511
            ],
            [
              125.536865,
              38.863985
            ],
            [
              125.531594,
              38.861168
            ],
            [
              125.527253,
              38.857448
            ],
            [
              125.524049,
              38.85259
            ],
            [
              125.522189,
              38.84613
            ],
            [
              125.522189,
              38.838612
            ],
            [
              125.524979,
              38.828716
            ],
            [
              125.52777,
              38.822256
            ],
            [
              125.532834,
              38.816727
            ],
            [
              125.539759,
              38.812386
            ],
            [
              125.552471,
              38.807347
            ],
            [
              125.561773,
              38.802567
            ],
            [
              125.567664,
              38.798485
            ],
            [
              125.575105,
              38.780501
            ],
            [
              125.573865,
              38.767479
            ],
            [
              125.576139,
              38.761278
            ],
            [
              125.580583,
              38.753165
            ],
            [
              125.591849,
              38.741847
            ],
            [
              125.610142,
              38.727275
            ],
            [
              125.613759,
              38.721719
            ],
            [
              125.615723,
              38.714201
            ],
            [
              125.617583,
              38.68844
            ],
            [
              125.630089,
              38.659009
            ]
          ]
        ]
      }
    },
    {
      "type": "Feature",
      "properties": {
        "featurecla": "Admin-1 states provinces",
        "scalerank": 6,
        "adm1_code": "PRK-3304",
        "diss_me": 3304,
        "iso_3166_2": "KP-05",
        "wikipedia": null,
        "iso_a2": "KP",
        "adm0_sr": 5,
        "name": "Hwanghae-namdo",
        "name_alt": "South Hwanghae|South Hwanghai",
        "name_local": "\t황해남도",
        "type": "Do",
        "type_en": "Province",
        "code_local": null,
        "code_hasc": "KP.WN",
        "note": null,
        "hasc_maybe": null,
        "region": null,
        "region_cod": null,
        "provnum_ne": 20005,
        "gadm_level": 1,
        "check_me": 0,
        "datarank": 6,
        "abbrev": null,
        "postal": "WN",
        "area_sqkm": 0,
        "sameascity": -99,
        "labelrank": 6,
        "name_len": 14,
        "mapcolor9": 3,
        "mapcolor13": 9,
        "fips": "KN06",
        "fips_alt": null,
        "woe_id": 2345952,
        "woe_label": "Hwanghae-namdo, KP, North Korea",
        "woe_name": "Hwanghae-namdo",
        "latitude": 37.7337,
        "longitude": 125.279,
        "sov_a3": "PRK",
        "adm0_a3": "PRK",
        "adm0_label": 2,
        "admin": "North Korea",
        "geonunit": "North Korea",
        "gu_a3": "PRK",
        "gn_id": 1876884,
        "gn_name": "Hwanghae-namdo",
        "gns_id": -176113,
        "gns_name": "Hwanghae-namdo",
        "gn_level": 1,
        "gn_region": null,
        "gn_a1_code": "KP.06",
        "region_sub": null,
        "sub_code": null,
        "gns_level": 1,
        "gns_lang": "kor",
        "gns_adm1": "KN06",
        "gns_region": null,
        "min_label": 8,
        "max_label": 11,
        "min_zoom": 8,
        "wikidataid": "Q626052",
        "name_ar": "جنوب مقاطعة هوانغاي",
        "name_bn": "দক্ষিন হয়াংহে প্রদেশ",
        "name_de": "Hwanghae-namdo",
        "name_en": "South Hwanghae",
        "name_es": "Hwanghae del Sur",
        "name_fr": "Hwanghae du Sud",
        "name_el": "Νότιο Χουάνγκχε",
        "name_hi": "दक्षिण ह्वांगे प्रांत",
        "name_hu": "Dél-Hvanghe",
        "name_id": "Hwanghae Selatan",
        "name_it": "Sud Hwanghae",
        "name_ja": "黄海南道",
        "name_ko": "황해남도",
        "name_nl": "Hwanghae-namdo",
        "name_pl": "Hwanghae Południowe",
        "name_pt": "Hwanghae Sul",
        "name_ru": "Хванхэ-Намдо",
        "name_sv": "Södra Hwanghae",
        "name_tr": "Güney Hwanghae",
        "name_vi": "Hwanghae Nam",
        "name_zh": "黄海南道",
        "ne_id": 1159315261,
        "name_he": "הוואנגה-נאמדו",
        "name_uk": "Південна провінція Хванхе",
        "name_ur": "جنوبی ہوانگہائے صوبہ",
        "name_fa": "استان هوانگهائه جنوبی",
        "name_zht": "黃海南道",
        "FCLASS_ISO": null,
        "FCLASS_US": null,
        "FCLASS_FR": null,
        "FCLASS_RU": null,
        "FCLASS_ES": null,
        "FCLASS_CN": null,
        "FCLASS_TW": null,
        "FCLASS_IN": null,
        "FCLASS_NP": null,
        "FCLASS_PK": null,
        "FCLASS_DE": null,
        "FCLASS_GB": null,
        "FCLASS_BR": null,
        "FCLASS_IL": null,
        "FCLASS_PS": null,
        "FCLASS_SA": null,
        "FCLASS_EG": null,
        "FCLASS_MA": null,
        "FCLASS_PT": null,
        "FCLASS_AR": null,
        "FCLASS_JP": null,
        "FCLASS_KO": null,
        "FCLASS_VN": null,
        "FCLASS_TR": null,
        "FCLASS_ID": null,
        "FCLASS_PL": null,
        "FCLASS_GR": null,
        "FCLASS_IT": null,
        "FCLASS_NL": null,
        "FCLASS_SE": null,
        "FCLASS_BD": null,
        "FCLASS_UA": null,
        "FCLASS_TLC": null
      },
      "bbox": [
        124.667247,
        37.675605,
        126.439445,
        38.707261
      ],
      "geometry": {
        "type": "MultiPolygon",
        "coordinates": [
          [
            [
              [
                126.401638,
                37.889015
              ],
              [
                126.397716,
                37.89175
              ],
              [
                126.378673,
                37.889594
              ],
              [
                126.358002,
                37.884345
              ],
              [
                126.279552,
                37.851264
              ],
              [
                126.259532,
                37.845445
              ],
              [
                126.236908,
                37.843329
              ],
              [
                126.199962,
                37.844224
              ],
              [
                126.178477,
                37.840522
              ],
              [
                126.158214,
                37.829657
              ],
              [
                126.149181,
                37.82217
              ],
              [
                126.147716,
                37.819037
              ],
              [
                126.14975,
                37.815253
              ],
              [
                126.152843,
                37.799709
              ],
              [
                126.159679,
                37.778876
              ],
              [
                126.165375,
                37.768256
              ],
              [
                126.164317,
                37.754625
              ],
              [
                126.161225,
                37.740668
              ],
              [
                126.158214,
                37.733466
              ],
              [
                126.110362,
                37.740912
              ],
              [
                126.096934,
                37.781399
              ],
              [
                126.086925,
                37.80036
              ],
              [
                126.072113,
                37.799262
              ],
              [
                126.062836,
                37.802232
              ],
              [
                126.058604,
                37.824693
              ],
              [
                126.055756,
                37.870592
              ],
              [
                126.026134,
                37.853664
              ],
              [
                126.012787,
                37.854315
              ],
              [
                126.007335,
                37.874335
              ],
              [
                126.000743,
                37.885565
              ],
              [
                125.985932,
                37.898383
              ],
              [
                125.969819,
                37.908677
              ],
              [
                125.959483,
                37.912177
              ],
              [
                125.944102,
                37.901923
              ],
              [
                125.950531,
                37.88935
              ],
              [
                125.96461,
                37.878648
              ],
              [
                125.972504,
                37.874335
              ],
              [
                125.974457,
                37.864163
              ],
              [
                125.983653,
                37.837104
              ],
              [
                125.986176,
                37.822821
              ],
              [
                125.977875,
                37.829332
              ],
              [
                125.967133,
                37.835435
              ],
              [
                125.955903,
                37.840318
              ],
              [
                125.945893,
                37.843329
              ],
              [
                125.93336,
                37.844631
              ],
              [
                125.927013,
                37.84398
              ],
              [
                125.921641,
                37.844875
              ],
              [
                125.911632,
                37.850775
              ],
              [
                125.895518,
                37.864814
              ],
              [
                125.84547,
                37.9265
              ],
              [
                125.841075,
                37.936347
              ],
              [
                125.834972,
                37.943549
              ],
              [
                125.81129,
                37.947577
              ],
              [
                125.805186,
                37.951565
              ],
              [
                125.802501,
                37.95893
              ],
              [
                125.801768,
                37.970201
              ],
              [
                125.803966,
                37.988959
              ],
              [
                125.799327,
                37.992906
              ],
              [
                125.78419,
                37.994086
              ],
              [
                125.773774,
                37.99608
              ],
              [
                125.756358,
                38.005072
              ],
              [
                125.746593,
                38.007758
              ],
              [
                125.70517,
                38.009345
              ],
              [
                125.687348,
                38.012274
              ],
              [
                125.647309,
                38.027289
              ],
              [
                125.622162,
                38.031928
              ],
              [
                125.596934,
                38.032213
              ],
              [
                125.578949,
                38.025133
              ],
              [
                125.578217,
                38.009019
              ],
              [
                125.596528,
                37.992255
              ],
              [
                125.62143,
                37.97899
              ],
              [
                125.640717,
                37.973619
              ],
              [
                125.675385,
                37.977607
              ],
              [
                125.685313,
                37.972113
              ],
              [
                125.678315,
                37.952541
              ],
              [
                125.688813,
                37.956041
              ],
              [
                125.698985,
                37.958197
              ],
              [
                125.708832,
                37.957424
              ],
              [
                125.71933,
                37.952541
              ],
              [
                125.70753,
                37.939765
              ],
              [
                125.698822,
                37.925238
              ],
              [
                125.71754,
                37.925279
              ],
              [
                125.72519,
                37.927476
              ],
              [
                125.732921,
                37.932685
              ],
              [
                125.739757,
                37.925238
              ],
              [
                125.727794,
                37.91592
              ],
              [
                125.715343,
                37.908271
              ],
              [
                125.701508,
                37.902493
              ],
              [
                125.685069,
                37.898586
              ],
              [
                125.668956,
                37.899156
              ],
              [
                125.657074,
                37.905829
              ],
              [
                125.645518,
                37.915473
              ],
              [
                125.630626,
                37.925238
              ],
              [
                125.627452,
                37.902167
              ],
              [
                125.636811,
                37.878648
              ],
              [
                125.641205,
                37.856391
              ],
              [
                125.623057,
                37.837104
              ],
              [
                125.637787,
                37.825344
              ],
              [
                125.644135,
                37.822821
              ],
              [
                125.640147,
                37.813422
              ],
              [
                125.633556,
                37.809556
              ],
              [
                125.613536,
                37.809149
              ],
              [
                125.609223,
                37.806301
              ],
              [
                125.611095,
                37.79975
              ],
              [
                125.616954,
                37.788723
              ],
              [
                125.620372,
                37.774115
              ],
              [
                125.620128,
                37.765326
              ],
              [
                125.613536,
                37.761379
              ],
              [
                125.602794,
                37.761786
              ],
              [
                125.593028,
                37.763617
              ],
              [
                125.583995,
                37.767524
              ],
              [
                125.575206,
                37.7744
              ],
              [
                125.579356,
                37.776679
              ],
              [
                125.580089,
                37.777655
              ],
              [
                125.580414,
                37.778795
              ],
              [
                125.582774,
                37.781887
              ],
              [
                125.570567,
                37.787095
              ],
              [
                125.559581,
                37.787746
              ],
              [
                125.551606,
                37.782701
              ],
              [
                125.548595,
                37.771308
              ],
              [
                125.54184,
                37.770453
              ],
              [
                125.528901,
                37.772528
              ],
              [
                125.520518,
                37.780178
              ],
              [
                125.527599,
                37.796129
              ],
              [
                125.50351,
                37.778795
              ],
              [
                125.490977,
                37.754055
              ],
              [
                125.47462,
                37.731187
              ],
              [
                125.438731,
                37.719794
              ],
              [
                125.403656,
                37.719062
              ],
              [
                125.385265,
                37.716376
              ],
              [
                125.377289,
                37.71015
              ],
              [
                125.372651,
                37.693549
              ],
              [
                125.361583,
                37.68008
              ],
              [
                125.347504,
                37.675605
              ],
              [
                125.335053,
                37.686265
              ],
              [
                125.348643,
                37.737982
              ],
              [
                125.36378,
                37.760891
              ],
              [
                125.390391,
                37.754543
              ],
              [
                125.444916,
                37.7744
              ],
              [
                125.429454,
                37.781562
              ],
              [
                125.395112,
                37.776435
              ],
              [
                125.377289,
                37.781887
              ],
              [
                125.389903,
                37.796129
              ],
              [
                125.410981,
                37.809394
              ],
              [
                125.434906,
                37.819037
              ],
              [
                125.455821,
                37.822821
              ],
              [
                125.505138,
                37.813178
              ],
              [
                125.524181,
                37.817816
              ],
              [
                125.527599,
                37.843329
              ],
              [
                125.510834,
                37.837714
              ],
              [
                125.497325,
                37.839667
              ],
              [
                125.486664,
                37.847073
              ],
              [
                125.479096,
                37.857611
              ],
              [
                125.508637,
                37.883734
              ],
              [
                125.510102,
                37.894273
              ],
              [
                125.483165,
                37.898586
              ],
              [
                125.463878,
                37.90412
              ],
              [
                125.455089,
                37.914618
              ],
              [
                125.445649,
                37.920396
              ],
              [
                125.424408,
                37.912177
              ],
              [
                125.427501,
                37.908352
              ],
              [
                125.430024,
                37.902004
              ],
              [
                125.431895,
                37.898586
              ],
              [
                125.406261,
                37.898627
              ],
              [
                125.394542,
                37.896674
              ],
              [
                125.383556,
                37.89175
              ],
              [
                125.402843,
                37.885565
              ],
              [
                125.427989,
                37.874498
              ],
              [
                125.4463,
                37.860012
              ],
              [
                125.444916,
                37.843329
              ],
              [
                125.42628,
                37.856024
              ],
              [
                125.399669,
                37.865465
              ],
              [
                125.371837,
                37.869127
              ],
              [
                125.349376,
                37.864407
              ],
              [
                125.354015,
                37.857001
              ],
              [
                125.360362,
                37.85106
              ],
              [
                125.368012,
                37.846625
              ],
              [
                125.377289,
                37.843329
              ],
              [
                125.345958,
                37.822577
              ],
              [
                125.326671,
                37.812974
              ],
              [
                125.30836,
                37.809149
              ],
              [
                125.309093,
                37.811103
              ],
              [
                125.308116,
                37.815497
              ],
              [
                125.305431,
                37.820217
              ],
              [
                125.301036,
                37.822821
              ],
              [
                125.239513,
                37.822821
              ],
              [
                125.25172,
                37.837836
              ],
              [
                125.294932,
                37.859849
              ],
              [
                125.30836,
                37.878079
              ],
              [
                125.300629,
                37.895209
              ],
              [
                125.257091,
                37.914618
              ],
              [
                125.26002,
                37.932685
              ],
              [
                125.240082,
                37.929592
              ],
              [
                125.228526,
                37.915229
              ],
              [
                125.219574,
                37.896715
              ],
              [
                125.208507,
                37.881171
              ],
              [
                125.193126,
                37.871772
              ],
              [
                125.176606,
                37.867621
              ],
              [
                125.158214,
                37.86758
              ],
              [
                125.100352,
                37.875067
              ],
              [
                125.089366,
                37.878079
              ],
              [
                125.062104,
                37.896145
              ],
              [
                125.051524,
                37.898586
              ],
              [
                125.029389,
                37.900092
              ],
              [
                125.013194,
                37.905992
              ],
              [
                125.006602,
                37.918443
              ],
              [
                125.01352,
                37.939521
              ],
              [
                124.989024,
                37.927436
              ],
              [
                124.979503,
                37.925238
              ],
              [
                124.983653,
                37.942328
              ],
              [
                124.992198,
                37.952948
              ],
              [
                125.005463,
                37.958441
              ],
              [
                125.024181,
                37.960028
              ],
              [
                125.036632,
                37.963609
              ],
              [
                125.062022,
                37.978583
              ],
              [
                125.075694,
                37.980455
              ],
              [
                125.08961,
                37.975816
              ],
              [
                125.115977,
                37.962714
              ],
              [
                125.1338,
                37.960028
              ],
              [
                125.149913,
                37.960761
              ],
              [
                125.163829,
                37.963772
              ],
              [
                125.175385,
                37.969916
              ],
              [
                125.184906,
                37.980455
              ],
              [
                125.177501,
                37.987942
              ],
              [
                125.166515,
                37.981269
              ],
              [
                125.155284,
                37.979967
              ],
              [
                125.144298,
                37.983466
              ],
              [
                125.123302,
                37.99844
              ],
              [
                125.1185,
                37.999457
              ],
              [
                125.115326,
                38.002387
              ],
              [
                125.109711,
                38.015286
              ],
              [
                125.1067,
                38.034613
              ],
              [
                125.116222,
                38.041938
              ],
              [
                125.157563,
                38.042548
              ],
              [
                125.201671,
                38.049384
              ],
              [
                125.213227,
                38.045722
              ],
              [
                125.217296,
                38.037177
              ],
              [
                125.219574,
                38.027818
              ],
              [
                125.22519,
                38.02143
              ],
              [
                125.246349,
                38.020087
              ],
              [
                125.253184,
                38.053941
              ],
              [
                125.273692,
                38.062405
              ],
              [
                125.264903,
                38.077948
              ],
              [
                125.248302,
                38.083808
              ],
              [
                125.208507,
                38.083482
              ],
              [
                125.19044,
                38.085761
              ],
              [
                125.155854,
                38.095526
              ],
              [
                125.140636,
                38.097805
              ],
              [
                125.124522,
                38.09512
              ],
              [
                125.075694,
                38.076077
              ],
              [
                125.027354,
                38.068996
              ],
              [
                125.01352,
                38.062405
              ],
              [
                124.937836,
                38.097805
              ],
              [
                124.904877,
                38.124823
              ],
              [
                124.885265,
                38.131659
              ],
              [
                124.876475,
                38.113959
              ],
              [
                124.865489,
                38.107082
              ],
              [
                124.840099,
                38.101996
              ],
              [
                124.793793,
                38.097805
              ],
              [
                124.677094,
                38.115383
              ],
              [
                124.667247,
                38.125718
              ],
              [
                124.673595,
                38.137193
              ],
              [
                124.697765,
                38.144965
              ],
              [
                124.745128,
                38.147935
              ],
              [
                124.765147,
                38.156073
              ],
              [
                124.773285,
                38.175971
              ],
              [
                124.78004,
                38.178616
              ],
              [
                124.821788,
                38.18594
              ],
              [
                124.829112,
                38.193793
              ],
              [
                124.84547,
                38.218411
              ],
              [
                124.855968,
                38.226955
              ],
              [
                124.879161,
                38.230658
              ],
              [
                124.895274,
                38.221503
              ],
              [
                124.920909,
                38.189358
              ],
              [
                124.931,
                38.192939
              ],
              [
                124.993012,
                38.226955
              ],
              [
                124.967621,
                38.235338
              ],
              [
                124.91505,
                38.229071
              ],
              [
                124.886567,
                38.244574
              ],
              [
                124.872325,
                38.257636
              ],
              [
                124.870128,
                38.265448
              ],
              [
                124.86964,
                38.282131
              ],
              [
                124.879731,
                38.345201
              ],
              [
                124.883881,
                38.355292
              ],
              [
                124.927989,
                38.409084
              ],
              [
                124.935069,
                38.4206
              ],
              [
                124.947276,
                38.450507
              ],
              [
                124.958995,
                38.460883
              ],
              [
                124.966563,
                38.463365
              ],
              [
                124.972179,
                38.462144
              ],
              [
                124.974864,
                38.455146
              ],
              [
                124.972667,
                38.440375
              ],
              [
                124.985199,
                38.451361
              ],
              [
                125.002045,
                38.473619
              ],
              [
                125.016368,
                38.497952
              ],
              [
                125.021007,
                38.514879
              ],
              [
                125.01474,
                38.52497
              ],
              [
                124.996837,
                38.535875
              ],
              [
                124.993012,
                38.545885
              ],
              [
                124.994884,
                38.557685
              ],
              [
                124.997081,
                38.566148
              ],
              [
                124.995697,
                38.574042
              ],
              [
                124.980866,
                38.584157
              ],
              [
                124.983949,
                38.591942
              ],
              [
                124.997747,
                38.592522
              ],
              [
                125.017686,
                38.583523
              ],
              [
                125.0292,
                38.589495
              ],
              [
                125.037625,
                38.591271
              ],
              [
                125.042966,
                38.581683
              ],
              [
                125.058241,
                38.568468
              ],
              [
                125.079744,
                38.583989
              ],
              [
                125.102769,
                38.593523
              ],
              [
                125.128009,
                38.580281
              ],
              [
                125.134532,
                38.591254
              ],
              [
                125.134044,
                38.610012
              ],
              [
                125.137218,
                38.624742
              ],
              [
                125.126069,
                38.633246
              ],
              [
                125.118419,
                38.645168
              ],
              [
                125.116547,
                38.657213
              ],
              [
                125.123383,
                38.666327
              ],
              [
                125.13756,
                38.662332
              ],
              [
                125.148229,
                38.646128
              ],
              [
                125.1566,
                38.631727
              ],
              [
                125.179623,
                38.634655
              ],
              [
                125.183496,
                38.642432
              ],
              [
                125.178198,
                38.656826
              ],
              [
                125.179797,
                38.670002
              ],
              [
                125.18899,
                38.666979
              ],
              [
                125.193545,
                38.657379
              ],
              [
                125.203485,
                38.652553
              ],
              [
                125.220381,
                38.656092
              ],
              [
                125.235734,
                38.657837
              ],
              [
                125.259614,
                38.669739
              ],
              [
                125.267295,
                38.67031
              ],
              [
                125.277983,
                38.663078
              ],
              [
                125.301036,
                38.656806
              ],
              [
                125.311324,
                38.665017
              ],
              [
                125.319791,
                38.668584
              ],
              [
                125.330605,
                38.678747
              ],
              [
                125.346016,
                38.687079
              ],
              [
                125.369108,
                38.694761
              ],
              [
                125.397227,
                38.693671
              ],
              [
                125.406749,
                38.692857
              ],
              [
                125.429698,
                38.687486
              ],
              [
                125.441905,
                38.686225
              ],
              [
                125.444428,
                38.689521
              ],
              [
                125.446137,
                38.696723
              ],
              [
                125.45102,
                38.704006
              ],
              [
                125.462657,
                38.707261
              ],
              [
                125.507091,
                38.686225
              ],
              [
                125.511811,
                38.676703
              ],
              [
                125.514659,
                38.657864
              ],
              [
                125.520763,
                38.652655
              ],
              [
                125.532725,
                38.65412
              ],
              [
                125.537934,
                38.663642
              ],
              [
                125.540782,
                38.674262
              ],
              [
                125.545177,
                38.679389
              ],
              [
                125.555186,
                38.676663
              ],
              [
                125.564952,
                38.670111
              ],
              [
                125.572358,
                38.662299
              ],
              [
                125.575206,
                38.655748
              ],
              [
                125.585948,
                38.641913
              ],
              [
                125.610362,
                38.63109
              ],
              [
                125.63795,
                38.62641
              ],
              [
                125.647231,
                38.628559
              ],
              [
                125.652413,
                38.624387
              ],
              [
                125.655514,
                38.611881
              ],
              [
                125.655927,
                38.584596
              ],
              [
                125.657168,
                38.57948
              ],
              [
                125.662542,
                38.569248
              ],
              [
                125.664299,
                38.563848
              ],
              [
                125.664609,
                38.558448
              ],
              [
                125.663265,
                38.537364
              ],
              [
                125.664919,
                38.531008
              ],
              [
                125.668536,
                38.52416
              ],
              [
                125.676805,
                38.513851
              ],
              [
                125.680939,
                38.505686
              ],
              [
                125.683833,
                38.497237
              ],
              [
                125.692411,
                38.485868
              ],
              [
                125.700266,
                38.47251
              ],
              [
                125.701093,
                38.467523
              ],
              [
                125.699956,
                38.462278
              ],
              [
                125.697682,
                38.457059
              ],
              [
                125.696545,
                38.451658
              ],
              [
                125.696132,
                38.44631
              ],
              [
                125.696545,
                38.430342
              ],
              [
                125.698405,
                38.420653
              ],
              [
                125.699852,
                38.416312
              ],
              [
                125.701816,
                38.41272
              ],
              [
                125.704297,
                38.409568
              ],
              [
                125.722073,
                38.391843
              ],
              [
                125.723934,
                38.388742
              ],
              [
                125.725174,
                38.384789
              ],
              [
                125.723727,
                38.380578
              ],
              [
                125.720833,
                38.37572
              ],
              [
                125.716595,
                38.371224
              ],
              [
                125.711841,
                38.367503
              ],
              [
                125.703986,
                38.363473
              ],
              [
                125.703986,
                38.360114
              ],
              [
                125.710911,
                38.354326
              ],
              [
                125.731065,
                38.346161
              ],
              [
                125.743467,
                38.337376
              ],
              [
                125.749462,
                38.332131
              ],
              [
                125.751219,
                38.327325
              ],
              [
                125.750082,
                38.323682
              ],
              [
                125.747808,
                38.321253
              ],
              [
                125.743261,
                38.317894
              ],
              [
                125.7414,
                38.314277
              ],
              [
                125.743881,
                38.310788
              ],
              [
                125.758453,
                38.309083
              ],
              [
                125.774783,
                38.313967
              ],
              [
                125.782638,
                38.314535
              ],
              [
                125.805066,
                38.310866
              ],
              [
                125.81075,
                38.312726
              ],
              [
                125.815918,
                38.315672
              ],
              [
                125.821085,
                38.317972
              ],
              [
                125.826976,
                38.318592
              ],
              [
                125.832971,
                38.31655
              ],
              [
                125.837932,
                38.310556
              ],
              [
                125.842893,
                38.300479
              ],
              [
                125.855192,
                38.288077
              ],
              [
                125.857155,
                38.283116
              ],
              [
                125.857982,
                38.278051
              ],
              [
                125.863253,
                38.271334
              ],
              [
                125.870798,
                38.26397
              ],
              [
                125.898497,
                38.245702
              ],
              [
                125.904181,
                38.239914
              ],
              [
                125.907902,
                38.230225
              ],
              [
                125.916893,
                38.191158
              ],
              [
                125.91896,
                38.186171
              ],
              [
                125.921751,
                38.181339
              ],
              [
                125.927642,
                38.176611
              ],
              [
                125.936324,
                38.172632
              ],
              [
                125.95193,
                38.170151
              ],
              [
                125.961955,
                38.169608
              ],
              [
                125.970327,
                38.170099
              ],
              [
                126.00743,
                38.177463
              ],
              [
                126.031718,
                38.187979
              ],
              [
                126.03823,
                38.190072
              ],
              [
                126.047738,
                38.189943
              ],
              [
                126.079261,
                38.183949
              ],
              [
                126.090113,
                38.185241
              ],
              [
                126.098588,
                38.188367
              ],
              [
                126.108406,
                38.19816
              ],
              [
                126.113677,
                38.202371
              ],
              [
                126.119775,
                38.205317
              ],
              [
                126.12608,
                38.206996
              ],
              [
                126.132487,
                38.206996
              ],
              [
                126.14489,
                38.204051
              ],
              [
                126.151401,
                38.203379
              ],
              [
                126.157602,
                38.204568
              ],
              [
                126.163803,
                38.207875
              ],
              [
                126.195119,
                38.22821
              ],
              [
                126.20101,
                38.231129
              ],
              [
                126.206178,
                38.233015
              ],
              [
                126.249793,
                38.240276
              ],
              [
                126.272117,
                38.240767
              ],
              [
                126.28514,
                38.238597
              ],
              [
                126.308084,
                38.231284
              ],
              [
                126.336816,
                38.218546
              ],
              [
                126.388182,
                38.201131
              ],
              [
                126.39428,
                38.198366
              ],
              [
                126.400171,
                38.194491
              ],
              [
                126.405752,
                38.189995
              ],
              [
                126.415054,
                38.180099
              ],
              [
                126.421565,
                38.170409
              ],
              [
                126.429007,
                38.155062
              ],
              [
                126.436345,
                38.144261
              ],
              [
                126.439445,
                38.13713
              ],
              [
                126.439239,
                38.127156
              ],
              [
                126.437585,
                38.121627
              ],
              [
                126.433141,
                38.119405
              ],
              [
                126.430247,
                38.120671
              ],
              [
                126.42632,
                38.124547
              ],
              [
                126.423736,
                38.129327
              ],
              [
                126.418361,
                38.143719
              ],
              [
                126.415778,
                38.146845
              ],
              [
                126.411333,
                38.147465
              ],
              [
                126.406476,
                38.144649
              ],
              [
                126.401722,
                38.140334
              ],
              [
                126.396244,
                38.136251
              ],
              [
                126.383532,
                38.129404
              ],
              [
                126.378261,
                38.123126
              ],
              [
                126.37485,
                38.111498
              ],
              [
                126.375263,
                38.104212
              ],
              [
                126.381671,
                38.097701
              ],
              [
                126.386839,
                38.093567
              ],
              [
                126.389939,
                38.086099
              ],
              [
                126.386839,
                38.060494
              ],
              [
                126.398001,
                38.038996
              ],
              [
                126.390043,
                38.022718
              ],
              [
                126.393867,
                38.00675
              ],
              [
                126.400791,
                37.995562
              ],
              [
                126.401412,
                37.987527
              ],
              [
                126.399655,
                37.981635
              ],
              [
                126.397071,
                37.977243
              ],
              [
                126.394694,
                37.969957
              ],
              [
                126.39087,
                37.938227
              ],
              [
                126.39242,
                37.928331
              ],
              [
                126.397277,
                37.921897
              ],
              [
                126.403375,
                37.918177
              ],
              [
                126.409473,
                37.912802
              ],
              [
                126.411023,
                37.907583
              ],
              [
                126.409576,
                37.901718
              ],
              [
                126.407613,
                37.897532
              ],
              [
                126.401722,
                37.889135
              ],
              [
                126.401638,
                37.889015
              ]
            ]
          ],
          [
            [
              [
                124.883474,
                38.528551
              ],
              [
                124.900401,
                38.505316
              ],
              [
                124.903982,
                38.494371
              ],
              [
                124.861095,
                38.503852
              ],
              [
                124.840831,
                38.510688
              ],
              [
                124.822032,
                38.522366
              ],
              [
                124.79949,
                38.50849
              ],
              [
                124.790294,
                38.517401
              ],
              [
                124.794444,
                38.533922
              ],
              [
                124.832205,
                38.553046
              ],
              [
                124.844249,
                38.555162
              ],
              [
                124.849376,
                38.545885
              ],
              [
                124.865733,
                38.54149
              ],
              [
                124.877208,
                38.536322
              ],
              [
                124.883474,
                38.528551
              ]
            ]
          ],
          [
            [
              [
                125.328787,
                37.766669
              ],
              [
                125.337738,
                37.768704
              ],
              [
                125.312755,
                37.7414
              ],
              [
                125.295746,
                37.727607
              ],
              [
                125.269379,
                37.714097
              ],
              [
                125.260997,
                37.707424
              ],
              [
                125.246837,
                37.699856
              ],
              [
                125.226329,
                37.696357
              ],
              [
                125.220551,
                37.703762
              ],
              [
                125.250173,
                37.731676
              ],
              [
                125.264334,
                37.737209
              ],
              [
                125.274587,
                37.733832
              ],
              [
                125.27711,
                37.740465
              ],
              [
                125.27947,
                37.749416
              ],
              [
                125.284841,
                37.749498
              ],
              [
                125.287446,
                37.750678
              ],
              [
                125.288748,
                37.753648
              ],
              [
                125.292735,
                37.755439
              ],
              [
                125.299327,
                37.756171
              ],
              [
                125.328787,
                37.766669
              ]
            ]
          ],
          [
            [
              [
                125.147716,
                37.78559
              ],
              [
                125.142833,
                37.794135
              ],
              [
                125.141368,
                37.799506
              ],
              [
                125.146495,
                37.802232
              ],
              [
                125.166189,
                37.813707
              ],
              [
                125.183849,
                37.818834
              ],
              [
                125.188487,
                37.819078
              ],
              [
                125.191417,
                37.815497
              ],
              [
                125.192882,
                37.811103
              ],
              [
                125.190278,
                37.809027
              ],
              [
                125.185069,
                37.808173
              ],
              [
                125.171723,
                37.797187
              ],
              [
                125.156261,
                37.786689
              ],
              [
                125.147716,
                37.78559
              ]
            ]
          ],
          [
            [
              [
                125.030447,
                37.836168
              ],
              [
                125.040782,
                37.834459
              ],
              [
                125.044607,
                37.824612
              ],
              [
                125.041759,
                37.817288
              ],
              [
                125.039561,
                37.817613
              ],
              [
                125.036388,
                37.81745
              ],
              [
                125.025645,
                37.808295
              ],
              [
                125.01588,
                37.80565
              ],
              [
                125.005056,
                37.805569
              ],
              [
                124.997732,
                37.808417
              ],
              [
                124.997813,
                37.813056
              ],
              [
                125.002615,
                37.815416
              ],
              [
                125.006847,
                37.819281
              ],
              [
                125.011974,
                37.821845
              ],
              [
                125.019054,
                37.820299
              ],
              [
                125.025401,
                37.817857
              ],
              [
                125.028494,
                37.818834
              ],
              [
                125.02947,
                37.822984
              ],
              [
                125.030121,
                37.8251
              ],
              [
                125.027843,
                37.830024
              ],
              [
                125.030447,
                37.836168
              ]
            ]
          ]
        ]
      }
    },
    {
      "type": "Feature",
      "properties": {
        "featurecla": "Admin-1 states provinces",
        "scalerank": 6,
        "adm1_code": "KOR-2495",
        "diss_me": 2495,
        "iso_3166_2": "KR-28",
        "wikipedia": "http://en.wikipedia.org/wiki/Incheon",
        "iso_a2": "KR",
        "adm0_sr": 5,
        "name": "Incheon",
        "name_alt": "Inchon|IInch'on-gwangyoksi|Jinsen",
        "name_local": "인천광역시",
        "type": "Gwangyeoksi",
        "type_en": "Metropolitan City",
        "code_local": "23",
        "code_hasc": "KR.IN",
        "note": "23 (NSO Code)",
        "hasc_maybe": null,
        "region": "Incheon",
        "region_cod": null,
        "provnum_ne": 20005,
        "gadm_level": 1,
        "check_me": 20,
        "datarank": 3,
        "abbrev": null,
        "postal": "IN",
        "area_sqkm": 0,
        "sameascity": -99,
        "labelrank": 6,
        "name_len": 7,
        "mapcolor9": 1,
        "mapcolor13": 5,
        "fips": "KS12",
        "fips_alt": null,
        "woe_id": 20069922,
        "woe_label": "Incheon, KR, South Korea",
        "woe_name": "Inch'on-gwangyoksi",
        "latitude": 37.4983,
        "longitude": 126.507,
        "sov_a3": "KOR",
        "adm0_a3": "KOR",
        "adm0_label": 4,
        "admin": "South Korea",
        "geonunit": "South Korea",
        "gu_a3": "KOR",
        "gn_id": 1843561,
        "gn_name": "Incheon",
        "gns_id": -708817,
        "gns_name": "Incheon-gwangyeoksi",
        "gn_level": 1,
        "gn_region": null,
        "gn_a1_code": "KR.12",
        "region_sub": null,
        "sub_code": null,
        "gns_level": 1,
        "gns_lang": "kor",
        "gns_adm1": "KS12",
        "gns_region": null,
        "min_label": 8,
        "max_label": 11,
        "min_zoom": 8,
        "wikidataid": "Q20934",
        "name_ar": "إنتشون",
        "name_bn": "ইন্ছন",
        "name_de": "Incheon",
        "name_en": "Incheon",
        "name_es": "Incheon",
        "name_fr": "Incheon",
        "name_el": "Ίντσον",
        "name_hi": "इंचियोन",
        "name_hu": "Incshon",
        "name_id": "Incheon",
        "name_it": "Incheon",
        "name_ja": "仁川広域市",
        "name_ko": "인천광역시",
        "name_nl": "Incheon",
        "name_pl": "Inczon",
        "name_pt": "Incheon",
        "name_ru": "Инчхон",
        "name_sv": "Incheon",
        "name_tr": "İncheon",
        "name_vi": "Incheon",
        "name_zh": "仁川廣域市",
        "ne_id": 1159312029,
        "name_he": "אינצ'ון",
        "name_uk": "Інчхон",
        "name_ur": "ان چیون",
        "name_fa": "اینچئون",
        "name_zht": "仁川廣域市",
        "FCLASS_ISO": null,
        "FCLASS_US": null,
        "FCLASS_FR": null,
        "FCLASS_RU": null,
        "FCLASS_ES": null,
        "FCLASS_CN": null,
        "FCLASS_TW": null,
        "FCLASS_IN": null,
        "FCLASS_NP": null,
        "FCLASS_PK": null,
        "FCLASS_DE": null,
        "FCLASS_GB": null,
        "FCLASS_BR": null,
        "FCLASS_IL": null,
        "FCLASS_PS": null,
        "FCLASS_SA": null,
        "FCLASS_EG": null,
        "FCLASS_MA": null,
        "FCLASS_PT": null,
        "FCLASS_AR": null,
        "FCLASS_JP": null,
        "FCLASS_KO": null,
        "FCLASS_VN": null,
        "FCLASS_TR": null,
        "FCLASS_ID": null,
        "FCLASS_PL": null,
        "FCLASS_GR": null,
        "FCLASS_IT": null,
        "FCLASS_NL": null,
        "FCLASS_SE": null,
        "FCLASS_BD": null,
        "FCLASS_UA": null,
        "FCLASS_TLC": null
      },
      "bbox": [
        126.355511,
        37.36439,
        126.795806,
        37.552023
      ],
      "geometry": {
        "type": "MultiPolygon",
        "coordinates": [
          [
            [
              [
                126.720045,
                37.377053
              ],
              [
                126.717162,
                37.383839
              ],
              [
                126.66475,
                37.389168
              ],
              [
                126.64034,
                37.36439
              ],
              [
                126.615087,
                37.379745
              ],
              [
                126.625382,
                37.397918
              ],
              [
                126.638629,
                37.413791
              ],
              [
                126.630308,
                37.425013
              ],
              [
                126.612405,
                37.432741
              ],
              [
                126.595985,
                37.439657
              ],
              [
                126.598291,
                37.457928
              ],
              [
                126.595018,
                37.472273
              ],
              [
                126.604761,
                37.485697
              ],
              [
                126.633444,
                37.492571
              ],
              [
                126.642022,
                37.496062
              ],
              [
                126.644163,
                37.504385
              ],
              [
                126.630675,
                37.507301
              ],
              [
                126.627025,
                37.498595
              ],
              [
                126.606451,
                37.496812
              ],
              [
                126.601106,
                37.506802
              ],
              [
                126.598905,
                37.525107
              ],
              [
                126.603792,
                37.549297
              ],
              [
                126.64933,
                37.550579
              ],
              [
                126.700618,
                37.552023
              ],
              [
                126.759529,
                37.507065
              ],
              [
                126.759426,
                37.483449
              ],
              [
                126.770175,
                37.463838
              ],
              [
                126.786298,
                37.45544
              ],
              [
                126.795806,
                37.443038
              ],
              [
                126.786401,
                37.418388
              ],
              [
                126.772138,
                37.396477
              ],
              [
                126.759011,
                37.388759
              ],
              [
                126.751571,
                37.384385
              ],
              [
                126.720045,
                37.377053
              ]
            ]
          ],
          [
            [
              [
                126.563303,
                37.514443
              ],
              [
                126.56723,
                37.511231
              ],
              [
                126.57114,
                37.506348
              ],
              [
                126.57644,
                37.50237
              ],
              [
                126.580579,
                37.495627
              ],
              [
                126.583066,
                37.490384
              ],
              [
                126.577626,
                37.488585
              ],
              [
                126.569184,
                37.483588
              ],
              [
                126.565766,
                37.479967
              ],
              [
                126.548291,
                37.476637
              ],
              [
                126.540559,
                37.477657
              ],
              [
                126.529933,
                37.473683
              ],
              [
                126.506572,
                37.465568
              ],
              [
                126.493984,
                37.456585
              ],
              [
                126.487012,
                37.446796
              ],
              [
                126.443413,
                37.420625
              ],
              [
                126.433595,
                37.422406
              ],
              [
                126.424434,
                37.421569
              ],
              [
                126.420461,
                37.422356
              ],
              [
                126.416278,
                37.434555
              ],
              [
                126.408367,
                37.438537
              ],
              [
                126.404727,
                37.435368
              ],
              [
                126.401427,
                37.43447
              ],
              [
                126.400289,
                37.43653
              ],
              [
                126.401992,
                37.440053
              ],
              [
                126.399492,
                37.444921
              ],
              [
                126.393412,
                37.445545
              ],
              [
                126.389386,
                37.441316
              ],
              [
                126.3832,
                37.437455
              ],
              [
                126.375731,
                37.440137
              ],
              [
                126.364973,
                37.442291
              ],
              [
                126.371327,
                37.447311
              ],
              [
                126.369115,
                37.452736
              ],
              [
                126.358178,
                37.461012
              ],
              [
                126.355511,
                37.466223
              ],
              [
                126.359342,
                37.47363
              ],
              [
                126.365292,
                37.475064
              ],
              [
                126.373568,
                37.471643
              ],
              [
                126.418885,
                37.496861
              ],
              [
                126.451327,
                37.499682
              ],
              [
                126.47338,
                37.499257
              ],
              [
                126.493709,
                37.507781
              ],
              [
                126.500661,
                37.530185
              ],
              [
                126.51483,
                37.534347
              ],
              [
                126.526378,
                37.525092
              ],
              [
                126.531993,
                37.523342
              ],
              [
                126.537771,
                37.520738
              ],
              [
                126.543468,
                37.518866
              ],
              [
                126.549083,
                37.518622
              ],
              [
                126.555111,
                37.517684
              ],
              [
                126.563303,
                37.514443
              ]
            ]
          ]
        ]
      }
    },
    {
      "type": "Feature",
      "properties": {
        "featurecla": "Admin-1 states provinces",
        "scalerank": 6,
        "adm1_code": "KOR-2499",
        "diss_me": 2499,
        "iso_3166_2": "KR-45",
        "wikipedia": "http://en.wikipedia.org/wiki/North_Jeolla_Province",
        "iso_a2": "KR",
        "adm0_sr": 5,
        "name": "North Jeolla",
        "name_alt": "Chollabuk-Do|Cholla-bukto|Jeonrabugdo|North Cholla|Zenra Hoku-do",
        "name_local": "전라북도",
        "type": "Do",
        "type_en": "Province",
        "code_local": "35",
        "code_hasc": "KR.CB",
        "note": "35 (NSO Code)",
        "hasc_maybe": null,
        "region": null,
        "region_cod": null,
        "provnum_ne": 20003,
        "gadm_level": 1,
        "check_me": 20,
        "datarank": 3,
        "abbrev": null,
        "postal": "CB",
        "area_sqkm": 0,
        "sameascity": -99,
        "labelrank": 6,
        "name_len": 12,
        "mapcolor9": 1,
        "mapcolor13": 5,
        "fips": "KS03",
        "fips_alt": null,
        "woe_id": 2345964,
        "woe_label": "Jeollabuk-Do, KR, South Korea",
        "woe_name": "Jeollabuk-do",
        "latitude": 35.679,
        "longitude": 127.081,
        "sov_a3": "KOR",
        "adm0_a3": "KOR",
        "adm0_label": 4,
        "admin": "South Korea",
        "geonunit": "South Korea",
        "gu_a3": "KOR",
        "gn_id": 1845789,
        "gn_name": "Jeollabuk-do",
        "gns_id": -706574,
        "gns_name": "Jeonbuk",
        "gn_level": 1,
        "gn_region": null,
        "gn_a1_code": "KR.03",
        "region_sub": null,
        "sub_code": null,
        "gns_level": 1,
        "gns_lang": "kor",
        "gns_adm1": "KS03",
        "gns_region": null,
        "min_label": 8,
        "max_label": 11,
        "min_zoom": 8,
        "wikidataid": "Q41157",
        "name_ar": "مقاطعة جولا الشمالية",
        "name_bn": "উত্তর জেওলা",
        "name_de": "Jeollabuk-do",
        "name_en": "North Jeolla",
        "name_es": "Jeolla del Norte",
        "name_fr": "Jeolla du Nord",
        "name_el": "Τζόλαμπουκ-ντο",
        "name_hi": "उत्तरी जेओला प्रांत",
        "name_hu": "Észak-Csolla",
        "name_id": "Jeolla Utara",
        "name_it": "Nord Jeolla",
        "name_ja": "全羅北道",
        "name_ko": "전라북도",
        "name_nl": "Jeollabuk-do",
        "name_pl": "Jeolla Północna",
        "name_pt": "Jeolla do Norte",
        "name_ru": "Чолла-Пукто",
        "name_sv": "Nordjeolla",
        "name_tr": "Kuzey Jeolla",
        "name_vi": "Jeolla Bắc",
        "name_zh": "全罗北道",
        "ne_id": 1159313521,
        "name_he": "צפון ג'אולה",
        "name_uk": "Північна провінція Чолла",
        "name_ur": "شمالی جئولا صوبہ",
        "name_fa": "جئولابوک-دو",
        "name_zht": "全羅北道",
        "FCLASS_ISO": null,
        "FCLASS_US": null,
        "FCLASS_FR": null,
        "FCLASS_RU": null,
        "FCLASS_ES": null,
        "FCLASS_CN": null,
        "FCLASS_TW": null,
        "FCLASS_IN": null,
        "FCLASS_NP": null,
        "FCLASS_PK": null,
        "FCLASS_DE": null,
        "FCLASS_GB": null,
        "FCLASS_BR": null,
        "FCLASS_IL": null,
        "FCLASS_PS": null,
        "FCLASS_SA": null,
        "FCLASS_EG": null,
        "FCLASS_MA": null,
        "FCLASS_PT": null,
        "FCLASS_AR": null,
        "FCLASS_JP": null,
        "FCLASS_KO": null,
        "FCLASS_VN": null,
        "FCLASS_TR": null,
        "FCLASS_ID": null,
        "FCLASS_PL": null,
        "FCLASS_GR": null,
        "FCLASS_IT": null,
        "FCLASS_NL": null,
        "FCLASS_SE": null,
        "FCLASS_BD": null,
        "FCLASS_UA": null,
        "FCLASS_TLC": null
      },
      "bbox": [
        126.250499,
        35.276633,
        127.918528,
        36.132627
      ],
      "geometry": {
        "type": "MultiPolygon",
        "coordinates": [
          [
            [
              [
                126.4369,
                35.370562
              ],
              [
                126.423106,
                35.383368
              ],
              [
                126.418224,
                35.394029
              ],
              [
                126.425548,
                35.41767
              ],
              [
                126.442719,
                35.446926
              ],
              [
                126.469814,
                35.498526
              ],
              [
                126.492663,
                35.525333
              ],
              [
                126.525283,
                35.534858
              ],
              [
                126.56245,
                35.541087
              ],
              [
                126.594233,
                35.542488
              ],
              [
                126.608894,
                35.552056
              ],
              [
                126.622977,
                35.568612
              ],
              [
                126.642889,
                35.572775
              ],
              [
                126.660737,
                35.556464
              ],
              [
                126.679047,
                35.538031
              ],
              [
                126.692475,
                35.534369
              ],
              [
                126.679454,
                35.571723
              ],
              [
                126.670177,
                35.58869
              ],
              [
                126.65504,
                35.595771
              ],
              [
                126.513158,
                35.576897
              ],
              [
                126.463736,
                35.601973
              ],
              [
                126.466744,
                35.628875
              ],
              [
                126.467559,
                35.639638
              ],
              [
                126.490977,
                35.649115
              ],
              [
                126.511416,
                35.665533
              ],
              [
                126.530335,
                35.683164
              ],
              [
                126.560346,
                35.697392
              ],
              [
                126.597168,
                35.71389
              ],
              [
                126.625132,
                35.745626
              ],
              [
                126.629389,
                35.775481
              ],
              [
                126.644755,
                35.782902
              ],
              [
                126.656117,
                35.788736
              ],
              [
                126.662154,
                35.792998
              ],
              [
                126.698023,
                35.795939
              ],
              [
                126.733127,
                35.792415
              ],
              [
                126.755382,
                35.778469
              ],
              [
                126.771332,
                35.775214
              ],
              [
                126.781993,
                35.76024
              ],
              [
                126.786143,
                35.768378
              ],
              [
                126.789561,
                35.77969
              ],
              [
                126.791026,
                35.791449
              ],
              [
                126.777668,
                35.800092
              ],
              [
                126.768465,
                35.805555
              ],
              [
                126.749344,
                35.813257
              ],
              [
                126.727622,
                35.825278
              ],
              [
                126.709972,
                35.836005
              ],
              [
                126.700694,
                35.83983
              ],
              [
                126.70338,
                35.848456
              ],
              [
                126.711681,
                35.857733
              ],
              [
                126.719981,
                35.863267
              ],
              [
                126.729096,
                35.864976
              ],
              [
                126.784923,
                35.862047
              ],
              [
                126.79713,
                35.86286
              ],
              [
                126.806163,
                35.866685
              ],
              [
                126.812266,
                35.875678
              ],
              [
                126.814545,
                35.883043
              ],
              [
                126.819347,
                35.888129
              ],
              [
                126.8331,
                35.890041
              ],
              [
                126.837494,
                35.893297
              ],
              [
                126.832286,
                35.900621
              ],
              [
                126.821625,
                35.908149
              ],
              [
                126.809825,
                35.911689
              ],
              [
                126.806651,
                35.909654
              ],
              [
                126.733165,
                35.885565
              ],
              [
                126.708507,
                35.884589
              ],
              [
                126.660091,
                35.887158
              ],
              [
                126.612289,
                35.890224
              ],
              [
                126.611838,
                35.90744
              ],
              [
                126.608809,
                35.931127
              ],
              [
                126.599576,
                35.937654
              ],
              [
                126.56974,
                35.945952
              ],
              [
                126.525736,
                35.940359
              ],
              [
                126.521417,
                35.97052
              ],
              [
                126.612046,
                35.97843
              ],
              [
                126.661335,
                35.983399
              ],
              [
                126.711192,
                35.985785
              ],
              [
                126.727306,
                35.993638
              ],
              [
                126.744477,
                35.989569
              ],
              [
                126.765473,
                35.998277
              ],
              [
                126.802338,
                36.020941
              ],
              [
                126.849132,
                36.036038
              ],
              [
                126.868907,
                36.047512
              ],
              [
                126.870697,
                36.061957
              ],
              [
                126.812084,
                36.047304
              ],
              [
                126.857094,
                36.092216
              ],
              [
                126.904947,
                36.096453
              ],
              [
                126.961171,
                36.10622
              ],
              [
                127.06473,
                36.132627
              ],
              [
                127.101627,
                36.126658
              ],
              [
                127.092739,
                36.082527
              ],
              [
                127.11403,
                36.055706
              ],
              [
                127.143588,
                36.060176
              ],
              [
                127.171597,
                36.068961
              ],
              [
                127.226684,
                36.077643
              ],
              [
                127.241154,
                36.081726
              ],
              [
                127.255313,
                36.086842
              ],
              [
                127.276294,
                36.090356
              ],
              [
                127.289729,
                36.10728
              ],
              [
                127.306473,
                36.121155
              ],
              [
                127.338409,
                36.09821
              ],
              [
                127.383367,
                36.032659
              ],
              [
                127.416543,
                36.019145
              ],
              [
                127.429359,
                36.01651
              ],
              [
                127.435354,
                36.006536
              ],
              [
                127.428326,
                35.995116
              ],
              [
                127.43246,
                35.98708
              ],
              [
                127.490337,
                35.980931
              ],
              [
                127.511938,
                35.98522
              ],
              [
                127.541394,
                35.986331
              ],
              [
                127.571056,
                35.992997
              ],
              [
                127.595344,
                36.010283
              ],
              [
                127.619012,
                36.029507
              ],
              [
                127.62759,
                36.021161
              ],
              [
                127.637098,
                36.014107
              ],
              [
                127.64516,
                36.015709
              ],
              [
                127.651671,
                36.022763
              ],
              [
                127.668621,
                36.014675
              ],
              [
                127.683607,
                36.000284
              ],
              [
                127.728359,
                35.988372
              ],
              [
                127.737661,
                35.978941
              ],
              [
                127.75368,
                35.97522
              ],
              [
                127.785823,
                35.991163
              ],
              [
                127.82272,
                36.00465
              ],
              [
                127.837293,
                35.993385
              ],
              [
                127.851969,
                35.986951
              ],
              [
                127.864785,
                35.996459
              ],
              [
                127.877601,
                36.007363
              ],
              [
                127.918528,
                35.950752
              ],
              [
                127.913877,
                35.88706
              ],
              [
                127.87729,
                35.855202
              ],
              [
                127.867575,
                35.834195
              ],
              [
                127.817863,
                35.81275
              ],
              [
                127.793265,
                35.806626
              ],
              [
                127.779622,
                35.807815
              ],
              [
                127.769804,
                35.802673
              ],
              [
                127.750993,
                35.769626
              ],
              [
                127.729393,
                35.751281
              ],
              [
                127.706552,
                35.734822
              ],
              [
                127.695389,
                35.708622
              ],
              [
                127.692496,
                35.677874
              ],
              [
                127.679887,
                35.655447
              ],
              [
                127.664384,
                35.631856
              ],
              [
                127.652705,
                35.601703
              ],
              [
                127.644126,
                35.570542
              ],
              [
                127.630174,
                35.54734
              ],
              [
                127.62914,
                35.522173
              ],
              [
                127.654772,
                35.513336
              ],
              [
                127.658492,
                35.502304
              ],
              [
                127.660353,
                35.489669
              ],
              [
                127.671412,
                35.466104
              ],
              [
                127.669655,
                35.440524
              ],
              [
                127.679887,
                35.421637
              ],
              [
                127.694253,
                35.413808
              ],
              [
                127.688258,
                35.386367
              ],
              [
                127.646504,
                35.345595
              ],
              [
                127.639889,
                35.318826
              ],
              [
                127.638442,
                35.294151
              ],
              [
                127.617461,
                35.276633
              ],
              [
                127.560411,
                35.314227
              ],
              [
                127.496435,
                35.333115
              ],
              [
                127.460158,
                35.316604
              ],
              [
                127.431013,
                35.290973
              ],
              [
                127.399697,
                35.287407
              ],
              [
                127.366521,
                35.2872
              ],
              [
                127.330244,
                35.283221
              ],
              [
                127.29345,
                35.283764
              ],
              [
                127.276397,
                35.291903
              ],
              [
                127.261204,
                35.301489
              ],
              [
                127.243634,
                35.29782
              ],
              [
                127.22286,
                35.298052
              ],
              [
                127.192681,
                35.29397
              ],
              [
                127.163949,
                35.279914
              ],
              [
                127.126742,
                35.284436
              ],
              [
                127.102661,
                35.305391
              ],
              [
                127.104004,
                35.338463
              ],
              [
                127.083644,
                35.357248
              ],
              [
                127.077546,
                35.3758
              ],
              [
                127.086434,
                35.404635
              ],
              [
                127.066281,
                35.429698
              ],
              [
                127.036825,
                35.42838
              ],
              [
                127.02959,
                35.418097
              ],
              [
                127.019772,
                35.410397
              ],
              [
                127.013364,
                35.397168
              ],
              [
                127.010987,
                35.382905
              ],
              [
                126.980084,
                35.382595
              ],
              [
                126.933162,
                35.434478
              ],
              [
                126.90257,
                35.454916
              ],
              [
                126.885103,
                35.460962
              ],
              [
                126.866913,
                35.462022
              ],
              [
                126.850273,
                35.445899
              ],
              [
                126.816373,
                35.448612
              ],
              [
                126.791259,
                35.430215
              ],
              [
                126.791155,
                35.416702
              ],
              [
                126.792085,
                35.403162
              ],
              [
                126.782887,
                35.391794
              ],
              [
                126.770278,
                35.384223
              ],
              [
                126.771001,
                35.373552
              ],
              [
                126.772965,
                35.36332
              ],
              [
                126.764594,
                35.34916
              ],
              [
                126.751364,
                35.339781
              ],
              [
                126.735035,
                35.333347
              ],
              [
                126.717878,
                35.329265
              ],
              [
                126.703409,
                35.322082
              ],
              [
                126.689973,
                35.313969
              ],
              [
                126.656486,
                35.309886
              ],
              [
                126.624757,
                35.300481
              ],
              [
                126.594991,
                35.294383
              ],
              [
                126.570083,
                35.301231
              ],
              [
                126.57153,
                35.328335
              ],
              [
                126.577938,
                35.355258
              ],
              [
                126.583726,
                35.391845
              ],
              [
                126.554891,
                35.398176
              ],
              [
                126.457739,
                35.376032
              ],
              [
                126.437068,
                35.370606
              ],
              [
                126.4369,
                35.370562
              ]
            ]
          ],
          [
            [
              [
                126.258067,
                35.570624
              ],
              [
                126.253673,
                35.574368
              ],
              [
                126.250499,
                35.580959
              ],
              [
                126.252452,
                35.587307
              ],
              [
                126.26295,
                35.591783
              ],
              [
                126.261485,
                35.593411
              ],
              [
                126.256521,
                35.596015
              ],
              [
                126.258962,
                35.598375
              ],
              [
                126.264496,
                35.600898
              ],
              [
                126.26824,
                35.605211
              ],
              [
                126.274262,
                35.606024
              ],
              [
                126.277843,
                35.607367
              ],
              [
                126.276134,
                35.61286
              ],
              [
                126.280447,
                35.612698
              ],
              [
                126.291759,
                35.611029
              ],
              [
                126.299327,
                35.616034
              ],
              [
                126.302989,
                35.61933
              ],
              [
                126.307302,
                35.616645
              ],
              [
                126.309418,
                35.610663
              ],
              [
                126.305675,
                35.603217
              ],
              [
                126.287283,
                35.590277
              ],
              [
                126.274913,
                35.579047
              ],
              [
                126.2671,
                35.574123
              ],
              [
                126.263845,
                35.571682
              ],
              [
                126.258067,
                35.570624
              ]
            ]
          ]
        ]
      }
    },
    {
      "type": "Feature",
      "properties": {
        "featurecla": "Admin-1 states provinces",
        "scalerank": 6,
        "adm1_code": "KOR-2506",
        "diss_me": 2506,
        "iso_3166_2": "KR-46",
        "wikipedia": "http://en.wikipedia.org/wiki/South_Jeolla_Province",
        "iso_a2": "KR",
        "adm0_sr": 1,
        "name": "South Jeolla",
        "name_alt": "Kwangju|Kwangju-gwangyoksi",
        "name_local": "전라남도",
        "type": "Gwangyeoksi",
        "type_en": "Metropolitan City",
        "code_local": "24",
        "code_hasc": "KR.KJ",
        "note": "24 (NSO Code)",
        "hasc_maybe": null,
        "region": null,
        "region_cod": null,
        "provnum_ne": 20013,
        "gadm_level": 1,
        "check_me": 20,
        "datarank": 3,
        "abbrev": null,
        "postal": "KJ",
        "area_sqkm": 0,
        "sameascity": -99,
        "labelrank": 6,
        "name_len": 12,
        "mapcolor9": 1,
        "mapcolor13": 5,
        "fips": "KS18",
        "fips_alt": null,
        "woe_id": 2345972,
        "woe_label": "Jeollanam-Do, KR, South Korea",
        "woe_name": null,
        "latitude": 34.8166,
        "longitude": 126.884,
        "sov_a3": "KOR",
        "adm0_a3": "KOR",
        "adm0_label": 2,
        "admin": "South Korea",
        "geonunit": "South Korea",
        "gu_a3": "KOR",
        "gn_id": 1845788,
        "gn_name": "Jeollanam-do",
        "gns_id": -706575,
        "gns_name": "Jeollanam-do",
        "gn_level": 1,
        "gn_region": null,
        "gn_a1_code": "KR.16",
        "region_sub": null,
        "sub_code": null,
        "gns_level": 1,
        "gns_lang": "kor",
        "gns_adm1": "KS16",
        "gns_region": null,
        "min_label": 8,
        "max_label": 11,
        "min_zoom": 8,
        "wikidataid": "Q41161",
        "name_ar": "مقاطعة جولا الجنوبية",
        "name_bn": "দক্ষিণ জেওলা",
        "name_de": "Jeollanam-do",
        "name_en": "South Jeolla",
        "name_es": "Jeolla del Sur",
        "name_fr": "Jeolla du Sud",
        "name_el": "Τζόλαναμ-ντο",
        "name_hi": "दक्षिण जेओला प्रांत",
        "name_hu": "Dél-Csolla",
        "name_id": "Jeolla Selatan",
        "name_it": "Sud Jeolla",
        "name_ja": "全羅南道",
        "name_ko": "전라남도",
        "name_nl": "Jeollanam-do",
        "name_pl": "Jeolla Południowa",
        "name_pt": "Jeolla do Sul",
        "name_ru": "Чолла-Намдо",
        "name_sv": "Sydjeolla",
        "name_tr": "Güney Jeolla",
        "name_vi": "Jeolla Nam",
        "name_zh": "全罗南道",
        "ne_id": 1159313529,
        "name_he": "דרום ג'אולה",
        "name_uk": "Південна провінція Чолла",
        "name_ur": "جنوبی جئولا صوبہ",
        "name_fa": "جئولانام-دو",
        "name_zht": "全羅南道",
        "FCLASS_ISO": null,
        "FCLASS_US": null,
        "FCLASS_FR": null,
        "FCLASS_RU": null,
        "FCLASS_ES": null,
        "FCLASS_CN": null,
        "FCLASS_TW": null,
        "FCLASS_IN": null,
        "FCLASS_NP": null,
        "FCLASS_PK": null,
        "FCLASS_DE": null,
        "FCLASS_GB": null,
        "FCLASS_BR": null,
        "FCLASS_IL": null,
        "FCLASS_PS": null,
        "FCLASS_SA": null,
        "FCLASS_EG": null,
        "FCLASS_MA": null,
        "FCLASS_PT": null,
        "FCLASS_AR": null,
        "FCLASS_JP": null,
        "FCLASS_KO": null,
        "FCLASS_VN": null,
        "FCLASS_TR": null,
        "FCLASS_ID": null,
        "FCLASS_PL": null,
        "FCLASS_GR": null,
        "FCLASS_IT": null,
        "FCLASS_NL": null,
        "FCLASS_SE": null,
        "FCLASS_BD": null,
        "FCLASS_UA": null,
        "FCLASS_TLC": null
      },
      "bbox": [
        125.089692,
        34.005764,
        127.818126,
        35.462022
      ],
      "geometry": {
        "type": "MultiPolygon",
        "coordinates": [
          [
            [
              [
                127.80499,
                34.957147
              ],
              [
                127.798432,
                34.958645
              ],
              [
                127.757904,
                34.958319
              ],
              [
                127.744395,
                34.960191
              ],
              [
                127.739024,
                34.965277
              ],
              [
                127.736583,
                34.972886
              ],
              [
                127.730724,
                34.982571
              ],
              [
                127.719249,
                34.990058
              ],
              [
                127.716563,
                34.982367
              ],
              [
                127.718272,
                34.970404
              ],
              [
                127.72047,
                34.965155
              ],
              [
                127.713227,
                34.946723
              ],
              [
                127.709239,
                34.940416
              ],
              [
                127.699962,
                34.931627
              ],
              [
                127.66212,
                34.906806
              ],
              [
                127.641124,
                34.899115
              ],
              [
                127.626069,
                34.909735
              ],
              [
                127.607188,
                34.941311
              ],
              [
                127.591563,
                34.946438
              ],
              [
                127.580658,
                34.933661
              ],
              [
                127.575287,
                34.913642
              ],
              [
                127.576427,
                34.896918
              ],
              [
                127.585704,
                34.879218
              ],
              [
                127.601166,
                34.85635
              ],
              [
                127.618907,
                34.836412
              ],
              [
                127.634776,
                34.82803
              ],
              [
                127.646007,
                34.816067
              ],
              [
                127.656505,
                34.811916
              ],
              [
                127.668956,
                34.818345
              ],
              [
                127.699962,
                34.842271
              ],
              [
                127.721446,
                34.844631
              ],
              [
                127.739757,
                34.841702
              ],
              [
                127.756847,
                34.840806
              ],
              [
                127.775645,
                34.849066
              ],
              [
                127.774506,
                34.829332
              ],
              [
                127.771251,
                34.815334
              ],
              [
                127.761322,
                34.787055
              ],
              [
                127.749848,
                34.737128
              ],
              [
                127.741547,
                34.725572
              ],
              [
                127.706391,
                34.715888
              ],
              [
                127.678559,
                34.727362
              ],
              [
                127.656261,
                34.731269
              ],
              [
                127.63795,
                34.698228
              ],
              [
                127.632091,
                34.701402
              ],
              [
                127.630626,
                34.701117
              ],
              [
                127.629242,
                34.699286
              ],
              [
                127.624278,
                34.698228
              ],
              [
                127.632091,
                34.685045
              ],
              [
                127.63795,
                34.670966
              ],
              [
                127.645274,
                34.626288
              ],
              [
                127.640717,
                34.617987
              ],
              [
                127.630382,
                34.622707
              ],
              [
                127.614024,
                34.636868
              ],
              [
                127.590099,
                34.639309
              ],
              [
                127.572276,
                34.647406
              ],
              [
                127.560802,
                34.662177
              ],
              [
                127.555919,
                34.684556
              ],
              [
                127.562022,
                34.705715
              ],
              [
                127.575043,
                34.726549
              ],
              [
                127.584483,
                34.746243
              ],
              [
                127.579845,
                34.763129
              ],
              [
                127.571788,
                34.772528
              ],
              [
                127.555919,
                34.800727
              ],
              [
                127.551768,
                34.802924
              ],
              [
                127.546153,
                34.803046
              ],
              [
                127.540294,
                34.803778
              ],
              [
                127.535411,
                34.808092
              ],
              [
                127.534923,
                34.813218
              ],
              [
                127.536632,
                34.819241
              ],
              [
                127.539561,
                34.823065
              ],
              [
                127.524425,
                34.84927
              ],
              [
                127.521821,
                34.859036
              ],
              [
                127.522716,
                34.864936
              ],
              [
                127.52711,
                34.874701
              ],
              [
                127.528087,
                34.879828
              ],
              [
                127.52589,
                34.885443
              ],
              [
                127.521251,
                34.889838
              ],
              [
                127.516612,
                34.891099
              ],
              [
                127.514415,
                34.886949
              ],
              [
                127.510997,
                34.884711
              ],
              [
                127.493907,
                34.849066
              ],
              [
                127.487315,
                34.841498
              ],
              [
                127.483897,
                34.839545
              ],
              [
                127.47877,
                34.839057
              ],
              [
                127.444672,
                34.829169
              ],
              [
                127.424815,
                34.827135
              ],
              [
                127.381602,
                34.82803
              ],
              [
                127.365326,
                34.824042
              ],
              [
                127.37851,
                34.815131
              ],
              [
                127.404307,
                34.805854
              ],
              [
                127.425548,
                34.800727
              ],
              [
                127.425548,
                34.79442
              ],
              [
                127.383067,
                34.783271
              ],
              [
                127.361583,
                34.773342
              ],
              [
                127.357921,
                34.759711
              ],
              [
                127.366466,
                34.753974
              ],
              [
                127.385265,
                34.760199
              ],
              [
                127.395274,
                34.756659
              ],
              [
                127.402354,
                34.747138
              ],
              [
                127.400238,
                34.743638
              ],
              [
                127.394867,
                34.742499
              ],
              [
                127.3921,
                34.739814
              ],
              [
                127.406016,
                34.700019
              ],
              [
                127.434906,
                34.678697
              ],
              [
                127.466156,
                34.662177
              ],
              [
                127.487559,
                34.636868
              ],
              [
                127.477306,
                34.63817
              ],
              [
                127.459727,
                34.638251
              ],
              [
                127.45224,
                34.636868
              ],
              [
                127.495209,
                34.623236
              ],
              [
                127.500759,
                34.612164
              ],
              [
                127.50359,
                34.591325
              ],
              [
                127.49444,
                34.583777
              ],
              [
                127.484141,
                34.576565
              ],
              [
                127.46461,
                34.577338
              ],
              [
                127.45224,
                34.574774
              ],
              [
                127.406749,
                34.598131
              ],
              [
                127.3921,
                34.602037
              ],
              [
                127.379161,
                34.600002
              ],
              [
                127.363048,
                34.593899
              ],
              [
                127.349376,
                34.585842
              ],
              [
                127.343598,
                34.578192
              ],
              [
                127.345958,
                34.575019
              ],
              [
                127.357921,
                34.554267
              ],
              [
                127.37194,
                34.551733
              ],
              [
                127.380408,
                34.547105
              ],
              [
                127.418419,
                34.55528
              ],
              [
                127.43922,
                34.540676
              ],
              [
                127.391788,
                34.50478
              ],
              [
                127.374941,
                34.485037
              ],
              [
                127.356618,
                34.491965
              ],
              [
                127.327802,
                34.473929
              ],
              [
                127.330821,
                34.456488
              ],
              [
                127.343598,
                34.445014
              ],
              [
                127.315926,
                34.444901
              ],
              [
                127.275082,
                34.489453
              ],
              [
                127.260997,
                34.513332
              ],
              [
                127.223481,
                34.54682
              ],
              [
                127.212006,
                34.544664
              ],
              [
                127.172374,
                34.527574
              ],
              [
                127.176362,
                34.51732
              ],
              [
                127.17921,
                34.513332
              ],
              [
                127.162934,
                34.517971
              ],
              [
                127.147227,
                34.520494
              ],
              [
                127.1338,
                34.526313
              ],
              [
                127.124522,
                34.540676
              ],
              [
                127.123302,
                34.555365
              ],
              [
                127.129649,
                34.56391
              ],
              [
                127.151866,
                34.574774
              ],
              [
                127.159028,
                34.580024
              ],
              [
                127.17921,
                34.602037
              ],
              [
                127.191661,
                34.623603
              ],
              [
                127.198822,
                34.631008
              ],
              [
                127.21339,
                34.636868
              ],
              [
                127.212413,
                34.620185
              ],
              [
                127.20753,
                34.60399
              ],
              [
                127.192882,
                34.574774
              ],
              [
                127.222179,
                34.576361
              ],
              [
                127.246674,
                34.583726
              ],
              [
                127.261322,
                34.600409
              ],
              [
                127.260997,
                34.62995
              ],
              [
                127.255138,
                34.641506
              ],
              [
                127.247406,
                34.648098
              ],
              [
                127.241466,
                34.655829
              ],
              [
                127.240571,
                34.670966
              ],
              [
                127.245942,
                34.6789
              ],
              [
                127.27475,
                34.705146
              ],
              [
                127.285167,
                34.700629
              ],
              [
                127.292003,
                34.694525
              ],
              [
                127.293712,
                34.686713
              ],
              [
                127.288422,
                34.677191
              ],
              [
                127.294444,
                34.66413
              ],
              [
                127.302989,
                34.655015
              ],
              [
                127.314464,
                34.651923
              ],
              [
                127.329926,
                34.656684
              ],
              [
                127.336436,
                34.663642
              ],
              [
                127.350108,
                34.687812
              ],
              [
                127.357921,
                34.698228
              ],
              [
                127.344005,
                34.715277
              ],
              [
                127.338634,
                34.7331
              ],
              [
                127.331554,
                34.741156
              ],
              [
                127.312592,
                34.72899
              ],
              [
                127.290782,
                34.721381
              ],
              [
                127.272716,
                34.733791
              ],
              [
                127.248057,
                34.766547
              ],
              [
                127.233897,
                34.748236
              ],
              [
                127.213715,
                34.705552
              ],
              [
                127.199718,
                34.691474
              ],
              [
                127.185313,
                34.686672
              ],
              [
                127.173106,
                34.687201
              ],
              [
                127.148041,
                34.691474
              ],
              [
                127.136241,
                34.688056
              ],
              [
                127.125255,
                34.679755
              ],
              [
                127.107188,
                34.660102
              ],
              [
                127.099132,
                34.654486
              ],
              [
                127.062511,
                34.636868
              ],
              [
                127.042735,
                34.624457
              ],
              [
                127.03004,
                34.618354
              ],
              [
                127.017833,
                34.615709
              ],
              [
                127.010265,
                34.612494
              ],
              [
                127.008556,
                34.604234
              ],
              [
                127.009044,
                34.593207
              ],
              [
                127.007172,
                34.581529
              ],
              [
                127.00058,
                34.57331
              ],
              [
                126.991303,
                34.564358
              ],
              [
                126.986664,
                34.553697
              ],
              [
                126.994151,
                34.540676
              ],
              [
                126.938975,
                34.495917
              ],
              [
                126.940766,
                34.454576
              ],
              [
                126.931407,
                34.447699
              ],
              [
                126.904796,
                34.458686
              ],
              [
                126.896007,
                34.449937
              ],
              [
                126.891856,
                34.440131
              ],
              [
                126.892345,
                34.429389
              ],
              [
                126.89796,
                34.417711
              ],
              [
                126.88502,
                34.421088
              ],
              [
                126.857026,
                34.437567
              ],
              [
                126.818614,
                34.446845
              ],
              [
                126.809825,
                34.451239
              ],
              [
                126.802013,
                34.470404
              ],
              [
                126.806163,
                34.521064
              ],
              [
                126.802338,
                34.540676
              ],
              [
                126.807872,
                34.553168
              ],
              [
                126.806651,
                34.568549
              ],
              [
                126.800059,
                34.582017
              ],
              [
                126.788666,
                34.589057
              ],
              [
                126.777843,
                34.586493
              ],
              [
                126.766938,
                34.57803
              ],
              [
                126.758556,
                34.567206
              ],
              [
                126.755219,
                34.557685
              ],
              [
                126.759288,
                34.54385
              ],
              [
                126.765636,
                34.531806
              ],
              [
                126.765961,
                34.523383
              ],
              [
                126.735118,
                34.514879
              ],
              [
                126.739106,
                34.502672
              ],
              [
                126.761485,
                34.479193
              ],
              [
                126.723155,
                34.460842
              ],
              [
                126.708751,
                34.449897
              ],
              [
                126.723643,
                34.445014
              ],
              [
                126.727061,
                34.442776
              ],
              [
                126.728038,
                34.437893
              ],
              [
                126.726899,
                34.43301
              ],
              [
                126.723643,
                34.430813
              ],
              [
                126.71754,
                34.43183
              ],
              [
                126.708263,
                34.436469
              ],
              [
                126.70338,
                34.437567
              ],
              [
                126.690196,
                34.43594
              ],
              [
                126.687511,
                34.431342
              ],
              [
                126.687348,
                34.423896
              ],
              [
                126.682221,
                34.414008
              ],
              [
                126.674408,
                34.409654
              ],
              [
                126.644786,
                34.403469
              ],
              [
                126.633637,
                34.395697
              ],
              [
                126.629649,
                34.389228
              ],
              [
                126.605317,
                34.321682
              ],
              [
                126.603282,
                34.311998
              ],
              [
                126.603282,
                34.300442
              ],
              [
                126.578868,
                34.304755
              ],
              [
                126.532807,
                34.292222
              ],
              [
                126.521251,
                34.294176
              ],
              [
                126.519867,
                34.305976
              ],
              [
                126.529307,
                34.330024
              ],
              [
                126.527436,
                34.341376
              ],
              [
                126.518321,
                34.347846
              ],
              [
                126.505707,
                34.349921
              ],
              [
                126.479584,
                34.348822
              ],
              [
                126.479584,
                34.355048
              ],
              [
                126.484874,
                34.360826
              ],
              [
                126.486583,
                34.364814
              ],
              [
                126.488536,
                34.380561
              ],
              [
                126.491954,
                34.38109
              ],
              [
                126.49643,
                34.379869
              ],
              [
                126.500743,
                34.38231
              ],
              [
                126.514903,
                34.403551
              ],
              [
                126.517589,
                34.413764
              ],
              [
                126.513764,
                34.423977
              ],
              [
                126.5088,
                34.427232
              ],
              [
                126.501475,
                34.429348
              ],
              [
                126.486583,
                34.430813
              ],
              [
                126.475841,
                34.433254
              ],
              [
                126.474376,
                34.438666
              ],
              [
                126.477306,
                34.44359
              ],
              [
                126.479584,
                34.445014
              ],
              [
                126.479991,
                34.457831
              ],
              [
                126.483735,
                34.47016
              ],
              [
                126.481944,
                34.476752
              ],
              [
                126.465912,
                34.472357
              ],
              [
                126.470307,
                34.496487
              ],
              [
                126.490245,
                34.508612
              ],
              [
                126.516856,
                34.512844
              ],
              [
                126.541759,
                34.513332
              ],
              [
                126.537201,
                34.521064
              ],
              [
                126.531016,
                34.527004
              ],
              [
                126.523204,
                34.531155
              ],
              [
                126.513764,
                34.53384
              ],
              [
                126.529552,
                34.542955
              ],
              [
                126.539317,
                34.553616
              ],
              [
                126.539643,
                34.562974
              ],
              [
                126.527436,
                34.568549
              ],
              [
                126.52296,
                34.567084
              ],
              [
                126.513927,
                34.557807
              ],
              [
                126.507579,
                34.554267
              ],
              [
                126.499278,
                34.554348
              ],
              [
                126.486339,
                34.56094
              ],
              [
                126.479584,
                34.561103
              ],
              [
                126.473481,
                34.556545
              ],
              [
                126.46933,
                34.549709
              ],
              [
                126.465912,
                34.540676
              ],
              [
                126.457042,
                34.539049
              ],
              [
                126.448497,
                34.539293
              ],
              [
                126.438731,
                34.540676
              ],
              [
                126.417328,
                34.540351
              ],
              [
                126.40561,
                34.538642
              ],
              [
                126.39088,
                34.53384
              ],
              [
                126.389008,
                34.549709
              ],
              [
                126.380463,
                34.558905
              ],
              [
                126.3567,
                34.568549
              ],
              [
                126.357026,
                34.571723
              ],
              [
                126.352061,
                34.579779
              ],
              [
                126.346039,
                34.584621
              ],
              [
                126.343028,
                34.578192
              ],
              [
                126.340099,
                34.574368
              ],
              [
                126.333018,
                34.57099
              ],
              [
                126.324962,
                34.569648
              ],
              [
                126.318614,
                34.571682
              ],
              [
                126.297862,
                34.588039
              ],
              [
                126.295258,
                34.589057
              ],
              [
                126.29184,
                34.599107
              ],
              [
                126.293549,
                34.601996
              ],
              [
                126.297618,
                34.603339
              ],
              [
                126.301524,
                34.608873
              ],
              [
                126.305512,
                34.604193
              ],
              [
                126.315522,
                34.604071
              ],
              [
                126.322765,
                34.608873
              ],
              [
                126.318614,
                34.619127
              ],
              [
                126.29184,
                34.62995
              ],
              [
                126.271088,
                34.642483
              ],
              [
                126.269379,
                34.671291
              ],
              [
                126.278087,
                34.703315
              ],
              [
                126.288585,
                34.725572
              ],
              [
                126.289643,
                34.73314
              ],
              [
                126.288829,
                34.742418
              ],
              [
                126.290294,
                34.75023
              ],
              [
                126.298432,
                34.753485
              ],
              [
                126.305919,
                34.752875
              ],
              [
                126.313731,
                34.751044
              ],
              [
                126.319591,
                34.747748
              ],
              [
                126.326182,
                34.735826
              ],
              [
                126.3567,
                34.698228
              ],
              [
                126.347179,
                34.687893
              ],
              [
                126.344249,
                34.677883
              ],
              [
                126.345958,
                34.66767
              ],
              [
                126.349213,
                34.656684
              ],
              [
                126.369884,
                34.608873
              ],
              [
                126.382335,
                34.602729
              ],
              [
                126.431895,
                34.595893
              ],
              [
                126.453136,
                34.583808
              ],
              [
                126.46461,
                34.584662
              ],
              [
                126.472748,
                34.602037
              ],
              [
                126.461518,
                34.600653
              ],
              [
                126.455577,
                34.603095
              ],
              [
                126.434997,
                34.606786
              ],
              [
                126.425299,
                34.619272
              ],
              [
                126.412567,
                34.629766
              ],
              [
                126.416108,
                34.652737
              ],
              [
                126.402902,
                34.650748
              ],
              [
                126.396519,
                34.636604
              ],
              [
                126.386134,
                34.635835
              ],
              [
                126.379855,
                34.654506
              ],
              [
                126.376775,
                34.67947
              ],
              [
                126.384379,
                34.693699
              ],
              [
                126.378613,
                34.711182
              ],
              [
                126.405969,
                34.713408
              ],
              [
                126.447881,
                34.705879
              ],
              [
                126.453336,
                34.697884
              ],
              [
                126.450694,
                34.684882
              ],
              [
                126.450938,
                34.680854
              ],
              [
                126.450531,
                34.676988
              ],
              [
                126.452891,
                34.670966
              ],
              [
                126.463306,
                34.665421
              ],
              [
                126.469362,
                34.658674
              ],
              [
                126.4824,
                34.65167
              ],
              [
                126.500345,
                34.645819
              ],
              [
                126.511193,
                34.637155
              ],
              [
                126.525126,
                34.628902
              ],
              [
                126.535711,
                34.623178
              ],
              [
                126.54005,
                34.62759
              ],
              [
                126.519111,
                34.65037
              ],
              [
                126.531556,
                34.652597
              ],
              [
                126.550038,
                34.64383
              ],
              [
                126.573873,
                34.633111
              ],
              [
                126.602701,
                34.625532
              ],
              [
                126.623627,
                34.62995
              ],
              [
                126.60255,
                34.63288
              ],
              [
                126.58546,
                34.641791
              ],
              [
                126.555431,
                34.66352
              ],
              [
                126.562755,
                34.670966
              ],
              [
                126.541108,
                34.683987
              ],
              [
                126.508393,
                34.718492
              ],
              [
                126.490245,
                34.725572
              ],
              [
                126.465343,
                34.729682
              ],
              [
                126.435767,
                34.728105
              ],
              [
                126.415375,
                34.739
              ],
              [
                126.390179,
                34.733397
              ],
              [
                126.36706,
                34.739664
              ],
              [
                126.364017,
                34.74916
              ],
              [
                126.378317,
                34.763888
              ],
              [
                126.392328,
                34.768607
              ],
              [
                126.422128,
                34.764784
              ],
              [
                126.460149,
                34.778755
              ],
              [
                126.50587,
                34.751044
              ],
              [
                126.521251,
                34.753485
              ],
              [
                126.525157,
                34.751288
              ],
              [
                126.527599,
                34.749254
              ],
              [
                126.530284,
                34.747504
              ],
              [
                126.534923,
                34.746039
              ],
              [
                126.530528,
                34.765286
              ],
              [
                126.532481,
                34.782864
              ],
              [
                126.544444,
                34.795722
              ],
              [
                126.56894,
                34.800727
              ],
              [
                126.614757,
                34.789455
              ],
              [
                126.638194,
                34.788031
              ],
              [
                126.631114,
                34.800727
              ],
              [
                126.646576,
                34.807115
              ],
              [
                126.654877,
                34.808539
              ],
              [
                126.665294,
                34.808092
              ],
              [
                126.650401,
                34.82217
              ],
              [
                126.627696,
                34.825588
              ],
              [
                126.575776,
                34.821763
              ],
              [
                126.579682,
                34.831448
              ],
              [
                126.57838,
                34.838039
              ],
              [
                126.575776,
                34.844875
              ],
              [
                126.575776,
                34.855292
              ],
              [
                126.579438,
                34.861884
              ],
              [
                126.584727,
                34.866767
              ],
              [
                126.589122,
                34.87287
              ],
              [
                126.589447,
                34.883246
              ],
              [
                126.581391,
                34.898017
              ],
              [
                126.567638,
                34.901435
              ],
              [
                126.552745,
                34.895697
              ],
              [
                126.541759,
                34.883246
              ],
              [
                126.540538,
                34.874945
              ],
              [
                126.54713,
                34.8581
              ],
              [
                126.548595,
                34.849066
              ],
              [
                126.546886,
                34.847724
              ],
              [
                126.534923,
                34.82803
              ],
              [
                126.523692,
                34.793931
              ],
              [
                126.513276,
                34.782294
              ],
              [
                126.493419,
                34.780829
              ],
              [
                126.493419,
                34.783149
              ],
              [
                126.487153,
                34.787055
              ],
              [
                126.491222,
                34.792385
              ],
              [
                126.496593,
                34.802802
              ],
              [
                126.500743,
                34.808092
              ],
              [
                126.487153,
                34.813788
              ],
              [
                126.478038,
                34.810452
              ],
              [
                126.469249,
                34.804104
              ],
              [
                126.456065,
                34.800727
              ],
              [
                126.429454,
                34.805609
              ],
              [
                126.42099,
                34.802314
              ],
              [
                126.419318,
                34.791988
              ],
              [
                126.40561,
                34.792182
              ],
              [
                126.384044,
                34.786322
              ],
              [
                126.373546,
                34.790717
              ],
              [
                126.370128,
                34.801337
              ],
              [
                126.377289,
                34.811265
              ],
              [
                126.397716,
                34.82803
              ],
              [
                126.405121,
                34.837226
              ],
              [
                126.409272,
                34.844468
              ],
              [
                126.410981,
                34.851264
              ],
              [
                126.411388,
                34.859036
              ],
              [
                126.408702,
                34.873969
              ],
              [
                126.41212,
                34.881334
              ],
              [
                126.425059,
                34.890692
              ],
              [
                126.412608,
                34.898749
              ],
              [
                126.401703,
                34.915473
              ],
              [
                126.395763,
                34.935045
              ],
              [
                126.397716,
                34.951483
              ],
              [
                126.411632,
                34.961982
              ],
              [
                126.430512,
                34.972602
              ],
              [
                126.436371,
                34.981391
              ],
              [
                126.411388,
                34.986274
              ],
              [
                126.399994,
                34.984565
              ],
              [
                126.393321,
                34.979804
              ],
              [
                126.38795,
                34.97484
              ],
              [
                126.380382,
                34.972602
              ],
              [
                126.370616,
                34.968492
              ],
              [
                126.372081,
                34.958726
              ],
              [
                126.376964,
                34.947252
              ],
              [
                126.377289,
                34.937893
              ],
              [
                126.363292,
                34.927436
              ],
              [
                126.345225,
                34.926418
              ],
              [
                126.327729,
                34.931098
              ],
              [
                126.315196,
                34.937893
              ],
              [
                126.324718,
                34.943264
              ],
              [
                126.328868,
                34.944729
              ],
              [
                126.320079,
                34.949897
              ],
              [
                126.312592,
                34.956122
              ],
              [
                126.306407,
                34.963568
              ],
              [
                126.301524,
                34.972602
              ],
              [
                126.312999,
                34.977444
              ],
              [
                126.324229,
                34.976955
              ],
              [
                126.349213,
                34.972602
              ],
              [
                126.346202,
                34.994086
              ],
              [
                126.374115,
                35.016832
              ],
              [
                126.36671,
                35.037787
              ],
              [
                126.338227,
                35.070136
              ],
              [
                126.320649,
                35.083319
              ],
              [
                126.301524,
                35.08869
              ],
              [
                126.309418,
                35.06623
              ],
              [
                126.302501,
                35.053371
              ],
              [
                126.288341,
                35.052965
              ],
              [
                126.274181,
                35.068183
              ],
              [
                126.283539,
                35.078843
              ],
              [
                126.257823,
                35.106838
              ],
              [
                126.254242,
                35.12344
              ],
              [
                126.268647,
                35.137152
              ],
              [
                126.289073,
                35.13939
              ],
              [
                126.307221,
                35.131781
              ],
              [
                126.315196,
                35.115953
              ],
              [
                126.327891,
                35.122626
              ],
              [
                126.334972,
                35.134101
              ],
              [
                126.343028,
                35.156968
              ],
              [
                126.350108,
                35.145575
              ],
              [
                126.35141,
                35.135972
              ],
              [
                126.348725,
                35.117499
              ],
              [
                126.344249,
                35.10814
              ],
              [
                126.343028,
                35.102362
              ],
              [
                126.344981,
                35.096422
              ],
              [
                126.348969,
                35.096422
              ],
              [
                126.353608,
                35.097846
              ],
              [
                126.3567,
                35.096137
              ],
              [
                126.360688,
                35.082953
              ],
              [
                126.361664,
                35.077297
              ],
              [
                126.365326,
                35.074042
              ],
              [
                126.377289,
                35.068183
              ],
              [
                126.386974,
                35.065375
              ],
              [
                126.403819,
                35.064887
              ],
              [
                126.411388,
                35.061347
              ],
              [
                126.40561,
                35.049954
              ],
              [
                126.407237,
                35.038967
              ],
              [
                126.414399,
                35.028754
              ],
              [
                126.425059,
                35.019761
              ],
              [
                126.450287,
                35.066596
              ],
              [
                126.452891,
                35.082465
              ],
              [
                126.452403,
                35.100287
              ],
              [
                126.44752,
                35.106676
              ],
              [
                126.428722,
                35.110541
              ],
              [
                126.420746,
                35.114203
              ],
              [
                126.414154,
                35.119696
              ],
              [
                126.403901,
                35.142157
              ],
              [
                126.371104,
                35.173529
              ],
              [
                126.363536,
                35.187974
              ],
              [
                126.365733,
                35.192857
              ],
              [
                126.370372,
                35.196967
              ],
              [
                126.375092,
                35.202379
              ],
              [
                126.377289,
                35.211615
              ],
              [
                126.36671,
                35.217719
              ],
              [
                126.361583,
                35.225653
              ],
              [
                126.363536,
                35.239488
              ],
              [
                126.350678,
                35.235338
              ],
              [
                126.337413,
                35.233588
              ],
              [
                126.30893,
                35.233303
              ],
              [
                126.320079,
                35.244574
              ],
              [
                126.33839,
                35.248033
              ],
              [
                126.359141,
                35.248969
              ],
              [
                126.377289,
                35.25259
              ],
              [
                126.371349,
                35.254462
              ],
              [
                126.368175,
                35.256741
              ],
              [
                126.364513,
                35.258734
              ],
              [
                126.3567,
                35.259996
              ],
              [
                126.361583,
                35.269029
              ],
              [
                126.367442,
                35.274319
              ],
              [
                126.373871,
                35.278388
              ],
              [
                126.380382,
                35.284166
              ],
              [
                126.3838,
                35.291734
              ],
              [
                126.382172,
                35.298285
              ],
              [
                126.378998,
                35.304592
              ],
              [
                126.377289,
                35.31151
              ],
              [
                126.380707,
                35.327094
              ],
              [
                126.389415,
                35.342475
              ],
              [
                126.411388,
                35.369859
              ],
              [
                126.417247,
                35.364895
              ],
              [
                126.431895,
                35.349351
              ],
              [
                126.449555,
                35.344957
              ],
              [
                126.458507,
                35.345445
              ],
              [
                126.456065,
                35.352769
              ],
              [
                126.4369,
                35.370562
              ],
              [
                126.437068,
                35.370606
              ],
              [
                126.457739,
                35.376032
              ],
              [
                126.554891,
                35.398176
              ],
              [
                126.583726,
                35.391845
              ],
              [
                126.577938,
                35.355258
              ],
              [
                126.57153,
                35.328335
              ],
              [
                126.570083,
                35.301231
              ],
              [
                126.594991,
                35.294383
              ],
              [
                126.624757,
                35.300481
              ],
              [
                126.656486,
                35.309886
              ],
              [
                126.689973,
                35.313969
              ],
              [
                126.703409,
                35.322082
              ],
              [
                126.717878,
                35.329265
              ],
              [
                126.735035,
                35.333347
              ],
              [
                126.751364,
                35.339781
              ],
              [
                126.764594,
                35.34916
              ],
              [
                126.772965,
                35.36332
              ],
              [
                126.771001,
                35.373552
              ],
              [
                126.770278,
                35.384223
              ],
              [
                126.782887,
                35.391794
              ],
              [
                126.792085,
                35.403162
              ],
              [
                126.791155,
                35.416702
              ],
              [
                126.791259,
                35.430215
              ],
              [
                126.816373,
                35.448612
              ],
              [
                126.850273,
                35.445899
              ],
              [
                126.866913,
                35.462022
              ],
              [
                126.885103,
                35.460962
              ],
              [
                126.90257,
                35.454916
              ],
              [
                126.933162,
                35.434478
              ],
              [
                126.980084,
                35.382595
              ],
              [
                127.010987,
                35.382905
              ],
              [
                127.013364,
                35.397168
              ],
              [
                127.019772,
                35.410397
              ],
              [
                127.02959,
                35.418097
              ],
              [
                127.036825,
                35.42838
              ],
              [
                127.066281,
                35.429698
              ],
              [
                127.086434,
                35.404635
              ],
              [
                127.077546,
                35.3758
              ],
              [
                127.083644,
                35.357248
              ],
              [
                127.104004,
                35.338463
              ],
              [
                127.102661,
                35.305391
              ],
              [
                127.126742,
                35.284436
              ],
              [
                127.163949,
                35.279914
              ],
              [
                127.192681,
                35.29397
              ],
              [
                127.22286,
                35.298052
              ],
              [
                127.243634,
                35.29782
              ],
              [
                127.261204,
                35.301489
              ],
              [
                127.276397,
                35.291903
              ],
              [
                127.29345,
                35.283764
              ],
              [
                127.330244,
                35.283221
              ],
              [
                127.366521,
                35.2872
              ],
              [
                127.399697,
                35.287407
              ],
              [
                127.431013,
                35.290973
              ],
              [
                127.460158,
                35.316604
              ],
              [
                127.496435,
                35.333115
              ],
              [
                127.560411,
                35.314227
              ],
              [
                127.617461,
                35.276633
              ],
              [
                127.612087,
                35.254825
              ],
              [
                127.632654,
                35.235007
              ],
              [
                127.642679,
                35.209402
              ],
              [
                127.646917,
                35.156252
              ],
              [
                127.660456,
                35.136357
              ],
              [
                127.685054,
                35.121681
              ],
              [
                127.707378,
                35.102509
              ],
              [
                127.71606,
                35.081373
              ],
              [
                127.726809,
                35.062925
              ],
              [
                127.78913,
                35.007295
              ],
              [
                127.802566,
                34.980165
              ],
              [
                127.802463,
                34.961587
              ],
              [
                127.80499,
                34.957147
              ]
            ],
            [
              [
                126.985562,
                35.23878
              ],
              [
                126.933989,
                35.254593
              ],
              [
                126.9066,
                35.247875
              ],
              [
                126.880349,
                35.242991
              ],
              [
                126.844485,
                35.250769
              ],
              [
                126.822885,
                35.234077
              ],
              [
                126.850273,
                35.184881
              ],
              [
                126.90474,
                35.158139
              ],
              [
                126.966442,
                35.150077
              ],
              [
                127.005819,
                35.193046
              ],
              [
                126.985562,
                35.23878
              ]
            ]
          ],
          [
            [
              [
                127.173025,
                34.48371
              ],
              [
                127.204275,
                34.486762
              ],
              [
                127.220551,
                34.485745
              ],
              [
                127.234223,
                34.480292
              ],
              [
                127.245128,
                34.464057
              ],
              [
                127.241873,
                34.445461
              ],
              [
                127.228689,
                34.430243
              ],
              [
                127.210216,
                34.423977
              ],
              [
                127.168956,
                34.417711
              ],
              [
                127.153005,
                34.419582
              ],
              [
                127.141287,
                34.424302
              ],
              [
                127.117361,
                34.437567
              ],
              [
                127.117361,
                34.445014
              ],
              [
                127.122813,
                34.450588
              ],
              [
                127.12379,
                34.455227
              ],
              [
                127.119884,
                34.459703
              ],
              [
                127.110525,
                34.464911
              ],
              [
                127.12436,
                34.473334
              ],
              [
                127.14031,
                34.478705
              ],
              [
                127.173025,
                34.48371
              ]
            ]
          ],
          [
            [
              [
                126.380056,
                34.49844
              ],
              [
                126.381602,
                34.484687
              ],
              [
                126.378917,
                34.469306
              ],
              [
                126.373546,
                34.454413
              ],
              [
                126.353852,
                34.419582
              ],
              [
                126.345876,
                34.409003
              ],
              [
                126.335948,
                34.403469
              ],
              [
                126.334239,
                34.406562
              ],
              [
                126.317149,
                34.419908
              ],
              [
                126.309255,
                34.423977
              ],
              [
                126.309255,
                34.417711
              ],
              [
                126.305186,
                34.401679
              ],
              [
                126.209972,
                34.358791
              ],
              [
                126.198497,
                34.355536
              ],
              [
                126.156423,
                34.352607
              ],
              [
                126.144786,
                34.355048
              ],
              [
                126.142589,
                34.363756
              ],
              [
                126.148204,
                34.37108
              ],
              [
                126.15561,
                34.377183
              ],
              [
                126.158458,
                34.38231
              ],
              [
                126.153087,
                34.388495
              ],
              [
                126.124278,
                34.403469
              ],
              [
                126.124278,
                34.38231
              ],
              [
                126.103282,
                34.402777
              ],
              [
                126.115733,
                34.436184
              ],
              [
                126.144216,
                34.463202
              ],
              [
                126.17213,
                34.464911
              ],
              [
                126.181163,
                34.486518
              ],
              [
                126.187022,
                34.494208
              ],
              [
                126.1963,
                34.502753
              ],
              [
                126.207042,
                34.507636
              ],
              [
                126.216563,
                34.508979
              ],
              [
                126.223806,
                34.513414
              ],
              [
                126.226573,
                34.527574
              ],
              [
                126.238292,
                34.515692
              ],
              [
                126.254161,
                34.51435
              ],
              [
                126.268321,
                34.52204
              ],
              [
                126.274425,
                34.537258
              ],
              [
                126.266775,
                34.54975
              ],
              [
                126.241059,
                34.566474
              ],
              [
                126.247732,
                34.574774
              ],
              [
                126.263927,
                34.575751
              ],
              [
                126.280447,
                34.568305
              ],
              [
                126.29477,
                34.558905
              ],
              [
                126.305431,
                34.554267
              ],
              [
                126.307872,
                34.551459
              ],
              [
                126.310802,
                34.545152
              ],
              [
                126.315603,
                34.538275
              ],
              [
                126.322276,
                34.53384
              ],
              [
                126.326834,
                34.535061
              ],
              [
                126.349457,
                34.54682
              ],
              [
                126.350352,
                34.538153
              ],
              [
                126.380056,
                34.49844
              ]
            ]
          ],
          [
            [
              [
                127.782074,
                34.684556
              ],
              [
                127.792491,
                34.682359
              ],
              [
                127.801606,
                34.670478
              ],
              [
                127.808767,
                34.655829
              ],
              [
                127.817231,
                34.630764
              ],
              [
                127.818126,
                34.616156
              ],
              [
                127.815115,
                34.601955
              ],
              [
                127.807872,
                34.588202
              ],
              [
                127.797862,
                34.579739
              ],
              [
                127.786632,
                34.579006
              ],
              [
                127.775401,
                34.58397
              ],
              [
                127.740001,
                34.613674
              ],
              [
                127.73585,
                34.62523
              ],
              [
                127.741873,
                34.643622
              ],
              [
                127.746267,
                34.648424
              ],
              [
                127.764985,
                34.660102
              ],
              [
                127.768321,
                34.666083
              ],
              [
                127.77589,
                34.691474
              ],
              [
                127.760753,
                34.704739
              ],
              [
                127.762543,
                34.712836
              ],
              [
                127.773448,
                34.716986
              ],
              [
                127.785899,
                34.718166
              ],
              [
                127.796641,
                34.714179
              ],
              [
                127.799327,
                34.70482
              ],
              [
                127.7942,
                34.693793
              ],
              [
                127.782074,
                34.684556
              ]
            ]
          ],
          [
            [
              [
                125.989024,
                34.713324
              ],
              [
                126.000987,
                34.704413
              ],
              [
                126.00408,
                34.700263
              ],
              [
                126.005382,
                34.692613
              ],
              [
                126.003184,
                34.68476
              ],
              [
                125.999034,
                34.677436
              ],
              [
                125.983897,
                34.660631
              ],
              [
                125.976899,
                34.656399
              ],
              [
                125.969981,
                34.655911
              ],
              [
                125.959727,
                34.656684
              ],
              [
                125.959646,
                34.659817
              ],
              [
                125.94516,
                34.666815
              ],
              [
                125.929454,
                34.672309
              ],
              [
                125.925059,
                34.670966
              ],
              [
                125.916026,
                34.687649
              ],
              [
                125.922862,
                34.69538
              ],
              [
                125.952403,
                34.705146
              ],
              [
                125.970551,
                34.725653
              ],
              [
                125.976736,
                34.728258
              ],
              [
                125.980479,
                34.726223
              ],
              [
                125.989024,
                34.713324
              ]
            ]
          ],
          [
            [
              [
                126.007172,
                34.780951
              ],
              [
                126.007579,
                34.759711
              ],
              [
                126.00294,
                34.761461
              ],
              [
                125.991547,
                34.764106
              ],
              [
                125.986501,
                34.766547
              ],
              [
                125.977875,
                34.757148
              ],
              [
                125.964203,
                34.757066
              ],
              [
                125.951671,
                34.759263
              ],
              [
                125.946137,
                34.756659
              ],
              [
                125.944102,
                34.743232
              ],
              [
                125.938731,
                34.731431
              ],
              [
                125.930024,
                34.722602
              ],
              [
                125.918142,
                34.718166
              ],
              [
                125.906423,
                34.719306
              ],
              [
                125.897797,
                34.72602
              ],
              [
                125.892589,
                34.73664
              ],
              [
                125.89088,
                34.749823
              ],
              [
                125.893891,
                34.762274
              ],
              [
                125.901866,
                34.771064
              ],
              [
                125.912852,
                34.776923
              ],
              [
                125.925059,
                34.780829
              ],
              [
                125.93865,
                34.776516
              ],
              [
                125.956554,
                34.779731
              ],
              [
                125.989268,
                34.790025
              ],
              [
                125.995942,
                34.790758
              ],
              [
                126.000743,
                34.790107
              ],
              [
                126.004405,
                34.787177
              ],
              [
                126.007172,
                34.780951
              ]
            ]
          ],
          [
            [
              [
                126.056,
                34.913642
              ],
              [
                126.060313,
                34.926907
              ],
              [
                126.070079,
                34.9289
              ],
              [
                126.081228,
                34.922593
              ],
              [
                126.089122,
                34.911322
              ],
              [
                126.091482,
                34.896918
              ],
              [
                126.08839,
                34.882961
              ],
              [
                126.08074,
                34.870998
              ],
              [
                126.069102,
                34.862738
              ],
              [
                126.054698,
                34.859198
              ],
              [
                126.046397,
                34.861802
              ],
              [
                126.039887,
                34.866441
              ],
              [
                126.031423,
                34.868964
              ],
              [
                125.99879,
                34.862942
              ],
              [
                125.986501,
                34.862738
              ],
              [
                125.986501,
                34.868964
              ],
              [
                125.996349,
                34.876044
              ],
              [
                126.014334,
                34.899644
              ],
              [
                126.028005,
                34.909898
              ],
              [
                126.034434,
                34.909573
              ],
              [
                126.043956,
                34.907416
              ],
              [
                126.052257,
                34.907538
              ],
              [
                126.056,
                34.913642
              ]
            ]
          ],
          [
            [
              [
                126.110606,
                35.051174
              ],
              [
                126.105235,
                35.050035
              ],
              [
                126.078624,
                35.055854
              ],
              [
                126.069102,
                35.054592
              ],
              [
                126.06544,
                35.05683
              ],
              [
                126.062999,
                35.059027
              ],
              [
                126.060395,
                35.060736
              ],
              [
                126.056,
                35.061347
              ],
              [
                126.063813,
                35.093085
              ],
              [
                126.069102,
                35.102362
              ],
              [
                126.07602,
                35.105618
              ],
              [
                126.087901,
                35.108873
              ],
              [
                126.098888,
                35.113267
              ],
              [
                126.10377,
                35.119696
              ],
              [
                126.111339,
                35.133287
              ],
              [
                126.129405,
                35.14289
              ],
              [
                126.149913,
                35.146877
              ],
              [
                126.165212,
                35.1435
              ],
              [
                126.134776,
                35.128974
              ],
              [
                126.127778,
                35.120551
              ],
              [
                126.126964,
                35.110541
              ],
              [
                126.131358,
                35.100246
              ],
              [
                126.144786,
                35.082465
              ],
              [
                126.134044,
                35.078803
              ],
              [
                126.122813,
                35.06981
              ],
              [
                126.114268,
                35.059312
              ],
              [
                126.110606,
                35.051174
              ]
            ]
          ],
          [
            [
              [
                127.309093,
                34.020087
              ],
              [
                127.314952,
                34.015774
              ],
              [
                127.322113,
                34.014106
              ],
              [
                127.324718,
                34.010688
              ],
              [
                127.323497,
                34.005764
              ],
              [
                127.309337,
                34.011461
              ],
              [
                127.295665,
                34.014106
              ],
              [
                127.293224,
                34.017239
              ],
              [
                127.289806,
                34.024075
              ],
              [
                127.287608,
                34.032416
              ],
              [
                127.283865,
                34.034613
              ],
              [
                127.280772,
                34.037787
              ],
              [
                127.278331,
                34.044623
              ],
              [
                127.279796,
                34.048651
              ],
              [
                127.279307,
                34.05329
              ],
              [
                127.28004,
                34.05744
              ],
              [
                127.283214,
                34.058295
              ],
              [
                127.286876,
                34.057278
              ],
              [
                127.291515,
                34.058498
              ],
              [
                127.2942,
                34.061103
              ],
              [
                127.295665,
                34.061469
              ],
              [
                127.298106,
                34.057196
              ],
              [
                127.294688,
                34.047919
              ],
              [
                127.296397,
                34.037584
              ],
              [
                127.309093,
                34.020087
              ]
            ]
          ],
          [
            [
              [
                127.531912,
                34.450588
              ],
              [
                127.536388,
                34.44066
              ],
              [
                127.536388,
                34.43476
              ],
              [
                127.528819,
                34.428046
              ],
              [
                127.51059,
                34.41828
              ],
              [
                127.49464,
                34.414252
              ],
              [
                127.488943,
                34.416938
              ],
              [
                127.488536,
                34.425482
              ],
              [
                127.481781,
                34.431342
              ],
              [
                127.47169,
                34.434027
              ],
              [
                127.467052,
                34.439195
              ],
              [
                127.469737,
                34.443183
              ],
              [
                127.458832,
                34.44892
              ],
              [
                127.452159,
                34.45303
              ],
              [
                127.45574,
                34.460517
              ],
              [
                127.455089,
                34.466132
              ],
              [
                127.45338,
                34.470608
              ],
              [
                127.458263,
                34.472886
              ],
              [
                127.465343,
                34.470364
              ],
              [
                127.47283,
                34.466783
              ],
              [
                127.486827,
                34.463853
              ],
              [
                127.487071,
                34.461249
              ],
              [
                127.49171,
                34.462226
              ],
              [
                127.500743,
                34.469631
              ],
              [
                127.509939,
                34.470038
              ],
              [
                127.531912,
                34.450588
              ]
            ]
          ],
          [
            [
              [
                127.78297,
                34.506985
              ],
              [
                127.789561,
                34.503974
              ],
              [
                127.793956,
                34.498236
              ],
              [
                127.791759,
                34.492011
              ],
              [
                127.779307,
                34.488471
              ],
              [
                127.771169,
                34.488186
              ],
              [
                127.769054,
                34.489936
              ],
              [
                127.765798,
                34.493964
              ],
              [
                127.756521,
                34.498236
              ],
              [
                127.741954,
                34.502265
              ],
              [
                127.732188,
                34.50849
              ],
              [
                127.727712,
                34.516995
              ],
              [
                127.72283,
                34.523179
              ],
              [
                127.71461,
                34.526842
              ],
              [
                127.70753,
                34.533881
              ],
              [
                127.712901,
                34.542426
              ],
              [
                127.729747,
                34.549058
              ],
              [
                127.748057,
                34.551093
              ],
              [
                127.761078,
                34.543118
              ],
              [
                127.776215,
                34.518785
              ],
              [
                127.774425,
                34.511786
              ],
              [
                127.774913,
                34.508205
              ],
              [
                127.78297,
                34.506985
              ]
            ]
          ],
          [
            [
              [
                126.100108,
                34.596747
              ],
              [
                126.102387,
                34.594875
              ],
              [
                126.104259,
                34.589789
              ],
              [
                126.103363,
                34.579413
              ],
              [
                126.100271,
                34.568305
              ],
              [
                126.099376,
                34.558661
              ],
              [
                126.093761,
                34.553656
              ],
              [
                126.085704,
                34.548733
              ],
              [
                126.077322,
                34.542182
              ],
              [
                126.057628,
                34.532538
              ],
              [
                126.046723,
                34.531155
              ],
              [
                126.035167,
                34.533922
              ],
              [
                126.031586,
                34.539049
              ],
              [
                126.037364,
                34.540717
              ],
              [
                126.043468,
                34.540961
              ],
              [
                126.048513,
                34.545152
              ],
              [
                126.054454,
                34.548896
              ],
              [
                126.053477,
                34.552314
              ],
              [
                126.031261,
                34.556383
              ],
              [
                126.036632,
                34.561672
              ],
              [
                126.050466,
                34.563422
              ],
              [
                126.064952,
                34.563788
              ],
              [
                126.076345,
                34.57099
              ],
              [
                126.081309,
                34.580756
              ],
              [
                126.076427,
                34.590766
              ],
              [
                126.066417,
                34.60399
              ],
              [
                126.060069,
                34.620795
              ],
              [
                126.067638,
                34.625474
              ],
              [
                126.079845,
                34.617377
              ],
              [
                126.087087,
                34.611151
              ],
              [
                126.099376,
                34.605455
              ],
              [
                126.100108,
                34.596747
              ]
            ]
          ],
          [
            [
              [
                126.038097,
                34.569485
              ],
              [
                126.028575,
                34.565863
              ],
              [
                126.020518,
                34.571438
              ],
              [
                126.016612,
                34.606147
              ],
              [
                126.020193,
                34.625434
              ],
              [
                126.028575,
                34.634223
              ],
              [
                126.041352,
                34.611151
              ],
              [
                126.052013,
                34.598334
              ],
              [
                126.060395,
                34.584296
              ],
              [
                126.057628,
                34.572577
              ],
              [
                126.048595,
                34.570054
              ],
              [
                126.038097,
                34.569485
              ]
            ]
          ],
          [
            [
              [
                125.445811,
                34.688463
              ],
              [
                125.457286,
                34.690904
              ],
              [
                125.459239,
                34.686835
              ],
              [
                125.45045,
                34.679674
              ],
              [
                125.445811,
                34.675116
              ],
              [
                125.443207,
                34.66942
              ],
              [
                125.427419,
                34.654242
              ],
              [
                125.424327,
                34.647203
              ],
              [
                125.417735,
                34.638129
              ],
              [
                125.412608,
                34.63231
              ],
              [
                125.408539,
                34.628607
              ],
              [
                125.398774,
                34.631985
              ],
              [
                125.392345,
                34.646308
              ],
              [
                125.393403,
                34.659654
              ],
              [
                125.398936,
                34.67182
              ],
              [
                125.40561,
                34.682563
              ],
              [
                125.412852,
                34.691962
              ],
              [
                125.421235,
                34.697089
              ],
              [
                125.429454,
                34.698432
              ],
              [
                125.43393,
                34.695543
              ],
              [
                125.437266,
                34.6883
              ],
              [
                125.445811,
                34.688463
              ]
            ]
          ],
          [
            [
              [
                126.174083,
                34.732815
              ],
              [
                126.177501,
                34.724066
              ],
              [
                126.177908,
                34.713365
              ],
              [
                126.17213,
                34.703803
              ],
              [
                126.159434,
                34.702786
              ],
              [
                126.147716,
                34.712348
              ],
              [
                126.138438,
                34.723456
              ],
              [
                126.127696,
                34.723578
              ],
              [
                126.122325,
                34.719631
              ],
              [
                126.118826,
                34.718248
              ],
              [
                126.111339,
                34.717719
              ],
              [
                126.104259,
                34.721991
              ],
              [
                126.10255,
                34.730536
              ],
              [
                126.093435,
                34.744289
              ],
              [
                126.073741,
                34.761379
              ],
              [
                126.069591,
                34.76968
              ],
              [
                126.079275,
                34.767564
              ],
              [
                126.087169,
                34.767524
              ],
              [
                126.094574,
                34.770657
              ],
              [
                126.105235,
                34.771552
              ],
              [
                126.117849,
                34.769965
              ],
              [
                126.127208,
                34.766547
              ],
              [
                126.133149,
                34.761217
              ],
              [
                126.141938,
                34.757554
              ],
              [
                126.153819,
                34.756903
              ],
              [
                126.163585,
                34.75495
              ],
              [
                126.170258,
                34.749945
              ],
              [
                126.173839,
                34.744452
              ],
              [
                126.173106,
                34.739447
              ],
              [
                126.174083,
                34.732815
              ]
            ]
          ],
          [
            [
              [
                126.168712,
                34.792304
              ],
              [
                126.165538,
                34.7897
              ],
              [
                126.16212,
                34.783271
              ],
              [
                126.164236,
                34.769761
              ],
              [
                126.158214,
                34.764472
              ],
              [
                126.146251,
                34.761868
              ],
              [
                126.134613,
                34.76732
              ],
              [
                126.121593,
                34.776516
              ],
              [
                126.104828,
                34.781643
              ],
              [
                126.09254,
                34.787584
              ],
              [
                126.102387,
                34.794379
              ],
              [
                126.127289,
                34.797756
              ],
              [
                126.141856,
                34.802965
              ],
              [
                126.149425,
                34.808092
              ],
              [
                126.159028,
                34.804592
              ],
              [
                126.16627,
                34.796454
              ],
              [
                126.168712,
                34.792304
              ]
            ]
          ],
          [
            [
              [
                126.079438,
                34.822659
              ],
              [
                126.071056,
                34.83218
              ],
              [
                126.064138,
                34.842597
              ],
              [
                126.067149,
                34.850531
              ],
              [
                126.081798,
                34.856594
              ],
              [
                126.093761,
                34.857611
              ],
              [
                126.103282,
                34.853176
              ],
              [
                126.112559,
                34.85342
              ],
              [
                126.115245,
                34.859442
              ],
              [
                126.113292,
                34.871161
              ],
              [
                126.122813,
                34.878811
              ],
              [
                126.135916,
                34.878607
              ],
              [
                126.142263,
                34.879136
              ],
              [
                126.147227,
                34.876858
              ],
              [
                126.152029,
                34.871161
              ],
              [
                126.153087,
                34.864976
              ],
              [
                126.139659,
                34.857896
              ],
              [
                126.144542,
                34.842353
              ],
              [
                126.1421,
                34.832913
              ],
              [
                126.13502,
                34.829291
              ],
              [
                126.125173,
                34.829657
              ],
              [
                126.118907,
                34.823798
              ],
              [
                126.119151,
                34.812649
              ],
              [
                126.115896,
                34.803127
              ],
              [
                126.105235,
                34.798163
              ],
              [
                126.096202,
                34.798774
              ],
              [
                126.094005,
                34.804674
              ],
              [
                126.094412,
                34.808661
              ],
              [
                126.079438,
                34.822659
              ]
            ]
          ],
          [
            [
              [
                126.24643,
                34.916246
              ],
              [
                126.237559,
                34.913072
              ],
              [
                126.225352,
                34.913398
              ],
              [
                126.220388,
                34.922431
              ],
              [
                126.222423,
                34.931952
              ],
              [
                126.230235,
                34.935452
              ],
              [
                126.247325,
                34.935452
              ],
              [
                126.253184,
                34.933498
              ],
              [
                126.253429,
                34.929185
              ],
              [
                126.250173,
                34.91885
              ],
              [
                126.24643,
                34.916246
              ]
            ]
          ],
          [
            [
              [
                126.178396,
                35.048489
              ],
              [
                126.180919,
                35.044013
              ],
              [
                126.181895,
                35.038886
              ],
              [
                126.181651,
                35.02912
              ],
              [
                126.177419,
                35.025946
              ],
              [
                126.172374,
                35.023627
              ],
              [
                126.167003,
                35.025295
              ],
              [
                126.158051,
                35.033433
              ],
              [
                126.153982,
                35.035712
              ],
              [
                126.148611,
                35.033515
              ],
              [
                126.143809,
                35.033922
              ],
              [
                126.142345,
                35.038275
              ],
              [
                126.13852,
                35.039862
              ],
              [
                126.133556,
                35.03974
              ],
              [
                126.132172,
                35.041938
              ],
              [
                126.139415,
                35.046454
              ],
              [
                126.136567,
                35.047756
              ],
              [
                126.132091,
                35.047105
              ],
              [
                126.127778,
                35.048163
              ],
              [
                126.129649,
                35.05268
              ],
              [
                126.13738,
                35.056871
              ],
              [
                126.143809,
                35.057685
              ],
              [
                126.152517,
                35.054389
              ],
              [
                126.165294,
                35.055243
              ],
              [
                126.174164,
                35.053168
              ],
              [
                126.178396,
                35.048489
              ]
            ]
          ],
          [
            [
              [
                125.127696,
                34.04857
              ],
              [
                125.122813,
                34.051174
              ],
              [
                125.103282,
                34.066067
              ],
              [
                125.092133,
                34.071763
              ],
              [
                125.089692,
                34.079535
              ],
              [
                125.094574,
                34.090074
              ],
              [
                125.102224,
                34.095933
              ],
              [
                125.113292,
                34.092841
              ],
              [
                125.122081,
                34.083808
              ],
              [
                125.136404,
                34.059272
              ],
              [
                125.13738,
                34.051337
              ],
              [
                125.134288,
                34.046861
              ],
              [
                125.129893,
                34.047553
              ],
              [
                125.127696,
                34.04857
              ]
            ]
          ],
          [
            [
              [
                126.598969,
                34.168647
              ],
              [
                126.607677,
                34.165595
              ],
              [
                126.615977,
                34.156968
              ],
              [
                126.613536,
                34.152533
              ],
              [
                126.609386,
                34.155666
              ],
              [
                126.605805,
                34.156155
              ],
              [
                126.604015,
                34.152248
              ],
              [
                126.600271,
                34.153469
              ],
              [
                126.591156,
                34.15762
              ],
              [
                126.581798,
                34.157416
              ],
              [
                126.576427,
                34.153062
              ],
              [
                126.573009,
                34.147691
              ],
              [
                126.56186,
                34.141425
              ],
              [
                126.551931,
                34.133979
              ],
              [
                126.536876,
                34.126451
              ],
              [
                126.517751,
                34.127143
              ],
              [
                126.507091,
                34.138861
              ],
              [
                126.506358,
                34.153998
              ],
              [
                126.515147,
                34.16885
              ],
              [
                126.532888,
                34.179104
              ],
              [
                126.548106,
                34.179104
              ],
              [
                126.567882,
                34.168647
              ],
              [
                126.573741,
                34.168036
              ],
              [
                126.582042,
                34.170152
              ],
              [
                126.593272,
                34.169989
              ],
              [
                126.598969,
                34.168647
              ]
            ]
          ],
          [
            [
              [
                126.672048,
                34.153266
              ],
              [
                126.676036,
                34.151435
              ],
              [
                126.679454,
                34.146552
              ],
              [
                126.67628,
                34.143541
              ],
              [
                126.671886,
                34.142971
              ],
              [
                126.670421,
                34.13703
              ],
              [
                126.670421,
                34.126939
              ],
              [
                126.665375,
                34.119086
              ],
              [
                126.655528,
                34.116848
              ],
              [
                126.650401,
                34.119371
              ],
              [
                126.648611,
                34.12401
              ],
              [
                126.643809,
                34.127183
              ],
              [
                126.638682,
                34.128119
              ],
              [
                126.636485,
                34.141547
              ],
              [
                126.642833,
                34.164618
              ],
              [
                126.64503,
                34.177476
              ],
              [
                126.638438,
                34.182563
              ],
              [
                126.636485,
                34.187161
              ],
              [
                126.644786,
                34.193752
              ],
              [
                126.645274,
                34.19717
              ],
              [
                126.653819,
                34.197089
              ],
              [
                126.670746,
                34.189887
              ],
              [
                126.673106,
                34.180121
              ],
              [
                126.663585,
                34.173326
              ],
              [
                126.661876,
                34.165717
              ],
              [
                126.672048,
                34.153266
              ]
            ]
          ],
          [
            [
              [
                126.909353,
                34.197699
              ],
              [
                126.918956,
                34.190497
              ],
              [
                126.924978,
                34.184882
              ],
              [
                126.922374,
                34.172349
              ],
              [
                126.919932,
                34.166978
              ],
              [
                126.913585,
                34.15766
              ],
              [
                126.901866,
                34.152411
              ],
              [
                126.886974,
                34.151353
              ],
              [
                126.875987,
                34.156073
              ],
              [
                126.866954,
                34.162828
              ],
              [
                126.860362,
                34.162177
              ],
              [
                126.856944,
                34.157172
              ],
              [
                126.853201,
                34.159003
              ],
              [
                126.849132,
                34.174384
              ],
              [
                126.855317,
                34.18476
              ],
              [
                126.856944,
                34.194281
              ],
              [
                126.86085,
                34.20185
              ],
              [
                126.867931,
                34.207465
              ],
              [
                126.882172,
                34.213284
              ],
              [
                126.899262,
                34.209662
              ],
              [
                126.909353,
                34.197699
              ]
            ]
          ],
          [
            [
              [
                126.612153,
                34.218166
              ],
              [
                126.616222,
                34.213284
              ],
              [
                126.617035,
                34.204535
              ],
              [
                126.610118,
                34.199693
              ],
              [
                126.606619,
                34.1883
              ],
              [
                126.592052,
                34.187649
              ],
              [
                126.583995,
                34.186265
              ],
              [
                126.588878,
                34.179104
              ],
              [
                126.583832,
                34.175605
              ],
              [
                126.568614,
                34.179023
              ],
              [
                126.56072,
                34.185126
              ],
              [
                126.558767,
                34.189154
              ],
              [
                126.554535,
                34.190416
              ],
              [
                126.549815,
                34.19123
              ],
              [
                126.548839,
                34.194566
              ],
              [
                126.553966,
                34.206529
              ],
              [
                126.556895,
                34.211005
              ],
              [
                126.557302,
                34.214057
              ],
              [
                126.555349,
                34.216457
              ],
              [
                126.556163,
                34.218655
              ],
              [
                126.559825,
                34.22016
              ],
              [
                126.562185,
                34.222317
              ],
              [
                126.561534,
                34.225165
              ],
              [
                126.556407,
                34.232123
              ],
              [
                126.559744,
                34.234524
              ],
              [
                126.567638,
                34.232408
              ],
              [
                126.575369,
                34.228949
              ],
              [
                126.596202,
                34.22602
              ],
              [
                126.606944,
                34.221381
              ],
              [
                126.612153,
                34.218166
              ]
            ]
          ],
          [
            [
              [
                126.088715,
                34.307929
              ],
              [
                126.087738,
                34.29682
              ],
              [
                126.089366,
                34.289618
              ],
              [
                126.084646,
                34.283881
              ],
              [
                126.074962,
                34.282864
              ],
              [
                126.069347,
                34.278998
              ],
              [
                126.064952,
                34.280707
              ],
              [
                126.060802,
                34.286078
              ],
              [
                126.057384,
                34.285956
              ],
              [
                126.055675,
                34.280992
              ],
              [
                126.049327,
                34.280219
              ],
              [
                126.028656,
                34.28734
              ],
              [
                126.021658,
                34.29564
              ],
              [
                126.021007,
                34.301093
              ],
              [
                126.025238,
                34.305854
              ],
              [
                126.025727,
                34.310777
              ],
              [
                126.033214,
                34.314887
              ],
              [
                126.067638,
                34.308905
              ],
              [
                126.082042,
                34.310736
              ],
              [
                126.088715,
                34.307929
              ]
            ]
          ],
          [
            [
              [
                126.853852,
                34.308539
              ],
              [
                126.84962,
                34.304918
              ],
              [
                126.840587,
                34.303371
              ],
              [
                126.835704,
                34.309149
              ],
              [
                126.833669,
                34.31684
              ],
              [
                126.828298,
                34.322903
              ],
              [
                126.820567,
                34.325629
              ],
              [
                126.810313,
                34.324368
              ],
              [
                126.79835,
                34.320868
              ],
              [
                126.788748,
                34.32095
              ],
              [
                126.784923,
                34.322577
              ],
              [
                126.781098,
                34.324652
              ],
              [
                126.758962,
                34.33275
              ],
              [
                126.757579,
                34.336127
              ],
              [
                126.767833,
                34.337226
              ],
              [
                126.777843,
                34.339667
              ],
              [
                126.782237,
                34.341783
              ],
              [
                126.785899,
                34.343248
              ],
              [
                126.793793,
                34.342231
              ],
              [
                126.802908,
                34.33869
              ],
              [
                126.813975,
                34.342515
              ],
              [
                126.827485,
                34.35163
              ],
              [
                126.837657,
                34.353746
              ],
              [
                126.843516,
                34.350043
              ],
              [
                126.850759,
                34.348456
              ],
              [
                126.854991,
                34.3487
              ],
              [
                126.859223,
                34.349351
              ],
              [
                126.870372,
                34.348375
              ],
              [
                126.884532,
                34.345526
              ],
              [
                126.893321,
                34.341254
              ],
              [
                126.891368,
                34.33393
              ],
              [
                126.88559,
                34.328315
              ],
              [
                126.884044,
                34.324897
              ],
              [
                126.883067,
                34.317939
              ],
              [
                126.876801,
                34.312242
              ],
              [
                126.868175,
                34.313625
              ],
              [
                126.858897,
                34.312201
              ],
              [
                126.853852,
                34.308539
              ]
            ]
          ],
          [
            [
              [
                127.091563,
                34.344916
              ],
              [
                127.094981,
                34.342475
              ],
              [
                127.096934,
                34.337795
              ],
              [
                127.090831,
                34.336737
              ],
              [
                127.082367,
                34.340277
              ],
              [
                127.072439,
                34.342108
              ],
              [
                127.065278,
                34.339789
              ],
              [
                127.067882,
                34.337063
              ],
              [
                127.073985,
                34.334174
              ],
              [
                127.066742,
                34.328192
              ],
              [
                127.049083,
                34.316718
              ],
              [
                127.038829,
                34.312893
              ],
              [
                127.037852,
                34.321723
              ],
              [
                127.042817,
                34.327948
              ],
              [
                127.049164,
                34.331448
              ],
              [
                127.045584,
                34.335435
              ],
              [
                127.023692,
                34.339179
              ],
              [
                127.026622,
                34.343166
              ],
              [
                127.024262,
                34.348212
              ],
              [
                127.017589,
                34.351549
              ],
              [
                127.000824,
                34.352851
              ],
              [
                126.994314,
                34.354682
              ],
              [
                126.991466,
                34.356269
              ],
              [
                126.993826,
                34.35814
              ],
              [
                127.001231,
                34.359361
              ],
              [
                127.007009,
                34.362616
              ],
              [
                127.016287,
                34.371894
              ],
              [
                127.026215,
                34.37873
              ],
              [
                127.025401,
                34.381334
              ],
              [
                127.028575,
                34.380439
              ],
              [
                127.035655,
                34.374742
              ],
              [
                127.042166,
                34.366685
              ],
              [
                127.045909,
                34.357652
              ],
              [
                127.053722,
                34.354804
              ],
              [
                127.067393,
                34.358385
              ],
              [
                127.077403,
                34.35932
              ],
              [
                127.082042,
                34.355943
              ],
              [
                127.08546,
                34.351386
              ],
              [
                127.091563,
                34.344916
              ]
            ]
          ],
          [
            [
              [
                126.763927,
                34.309231
              ],
              [
                126.76588,
                34.303046
              ],
              [
                126.771495,
                34.291897
              ],
              [
                126.768077,
                34.289211
              ],
              [
                126.763194,
                34.289781
              ],
              [
                126.758311,
                34.29092
              ],
              [
                126.74936,
                34.294135
              ],
              [
                126.74171,
                34.298245
              ],
              [
                126.737478,
                34.297553
              ],
              [
                126.736501,
                34.291693
              ],
              [
                126.7317,
                34.289374
              ],
              [
                126.722911,
                34.292711
              ],
              [
                126.707774,
                34.29564
              ],
              [
                126.688975,
                34.301093
              ],
              [
                126.688813,
                34.307563
              ],
              [
                126.69809,
                34.313422
              ],
              [
                126.695649,
                34.320787
              ],
              [
                126.687022,
                34.322699
              ],
              [
                126.676606,
                34.320461
              ],
              [
                126.663585,
                34.323432
              ],
              [
                126.651866,
                34.329779
              ],
              [
                126.644867,
                34.337104
              ],
              [
                126.641938,
                34.347968
              ],
              [
                126.640961,
                34.360338
              ],
              [
                126.641775,
                34.372952
              ],
              [
                126.645763,
                34.385565
              ],
              [
                126.653656,
                34.395209
              ],
              [
                126.664399,
                34.399482
              ],
              [
                126.670177,
                34.40058
              ],
              [
                126.687755,
                34.402045
              ],
              [
                126.699229,
                34.398912
              ],
              [
                126.709972,
                34.39289
              ],
              [
                126.721853,
                34.381293
              ],
              [
                126.73113,
                34.362006
              ],
              [
                126.733897,
                34.346177
              ],
              [
                126.737071,
                34.338853
              ],
              [
                126.742524,
                34.33275
              ],
              [
                126.745616,
                34.324205
              ],
              [
                126.763927,
                34.309231
              ]
            ]
          ],
          [
            [
              [
                126.762462,
                34.382961
              ],
              [
                126.757579,
                34.383246
              ],
              [
                126.753184,
                34.386949
              ],
              [
                126.756847,
                34.39289
              ],
              [
                126.761485,
                34.398749
              ],
              [
                126.768403,
                34.411363
              ],
              [
                126.782481,
                34.426744
              ],
              [
                126.802257,
                34.435777
              ],
              [
                126.823009,
                34.439846
              ],
              [
                126.83546,
                34.438056
              ],
              [
                126.84018,
                34.432074
              ],
              [
                126.840994,
                34.425482
              ],
              [
                126.835785,
                34.421047
              ],
              [
                126.836599,
                34.418647
              ],
              [
                126.845876,
                34.413967
              ],
              [
                126.853526,
                34.406887
              ],
              [
                126.860199,
                34.398871
              ],
              [
                126.861095,
                34.392768
              ],
              [
                126.85377,
                34.39175
              ],
              [
                126.833263,
                34.396959
              ],
              [
                126.824718,
                34.395209
              ],
              [
                126.819672,
                34.389065
              ],
              [
                126.793305,
                34.378892
              ],
              [
                126.784028,
                34.368598
              ],
              [
                126.781098,
                34.357856
              ],
              [
                126.775727,
                34.354722
              ],
              [
                126.769216,
                34.360989
              ],
              [
                126.769379,
                34.371324
              ],
              [
                126.767263,
                34.380032
              ],
              [
                126.762462,
                34.382961
              ]
            ]
          ],
          [
            [
              [
                126.340668,
                34.864081
              ],
              [
                126.35963,
                34.858588
              ],
              [
                126.361664,
                34.837388
              ],
              [
                126.342052,
                34.822496
              ],
              [
                126.331309,
                34.825832
              ],
              [
                126.337657,
                34.831732
              ],
              [
                126.340831,
                34.83747
              ],
              [
                126.338227,
                34.841457
              ],
              [
                126.310313,
                34.854071
              ],
              [
                126.306163,
                34.855902
              ],
              [
                126.276622,
                34.851955
              ],
              [
                126.26352,
                34.846666
              ],
              [
                126.248709,
                34.844713
              ],
              [
                126.236827,
                34.848049
              ],
              [
                126.230724,
                34.85456
              ],
              [
                126.236095,
                34.859809
              ],
              [
                126.251964,
                34.860663
              ],
              [
                126.272309,
                34.866767
              ],
              [
                126.27589,
                34.87051
              ],
              [
                126.279145,
                34.873277
              ],
              [
                126.280121,
                34.877509
              ],
              [
                126.292654,
                34.880683
              ],
              [
                126.29713,
                34.886908
              ],
              [
                126.297618,
                34.894232
              ],
              [
                126.289806,
                34.903022
              ],
              [
                126.286469,
                34.912909
              ],
              [
                126.297374,
                34.917548
              ],
              [
                126.314708,
                34.91413
              ],
              [
                126.33253,
                34.906724
              ],
              [
                126.345225,
                34.896226
              ],
              [
                126.343923,
                34.890326
              ],
              [
                126.335216,
                34.88939
              ],
              [
                126.319998,
                34.88109
              ],
              [
                126.318126,
                34.876451
              ],
              [
                126.318696,
                34.870551
              ],
              [
                126.320079,
                34.865871
              ],
              [
                126.326508,
                34.864203
              ],
              [
                126.340668,
                34.864081
              ]
            ]
          ],
          [
            [
              [
                126.234223,
                35.047065
              ],
              [
                126.236095,
                35.051947
              ],
              [
                126.229259,
                35.053656
              ],
              [
                126.203624,
                35.057196
              ],
              [
                126.197927,
                35.061265
              ],
              [
                126.189138,
                35.061957
              ],
              [
                126.184825,
                35.06269
              ],
              [
                126.180512,
                35.065904
              ],
              [
                126.174815,
                35.068264
              ],
              [
                126.169444,
                35.073676
              ],
              [
                126.158702,
                35.094224
              ],
              [
                126.164806,
                35.102281
              ],
              [
                126.177501,
                35.10578
              ],
              [
                126.18922,
                35.10224
              ],
              [
                126.198578,
                35.097113
              ],
              [
                126.207042,
                35.099514
              ],
              [
                126.216645,
                35.103664
              ],
              [
                126.22283,
                35.101142
              ],
              [
                126.224946,
                35.096747
              ],
              [
                126.229828,
                35.09691
              ],
              [
                126.236013,
                35.098375
              ],
              [
                126.238536,
                35.091864
              ],
              [
                126.231619,
                35.086127
              ],
              [
                126.222423,
                35.085639
              ],
              [
                126.218516,
                35.081936
              ],
              [
                126.218516,
                35.076606
              ],
              [
                126.229503,
                35.067328
              ],
              [
                126.23878,
                35.06387
              ],
              [
                126.249197,
                35.0633
              ],
              [
                126.255138,
                35.056383
              ],
              [
                126.258149,
                35.047512
              ],
              [
                126.263194,
                35.041897
              ],
              [
                126.264985,
                35.034247
              ],
              [
                126.261078,
                35.024563
              ],
              [
                126.257172,
                35.021959
              ],
              [
                126.254568,
                35.025092
              ],
              [
                126.242931,
                35.027289
              ],
              [
                126.238048,
                35.032416
              ],
              [
                126.23406,
                35.038316
              ],
              [
                126.234223,
                35.047065
              ]
            ]
          ]
        ]
      }
    },
    {
      "type": "Feature",
      "properties": {
        "featurecla": "Admin-1 states provinces",
        "scalerank": 6,
        "adm1_code": "KOR-2505",
        "diss_me": 2505,
        "iso_3166_2": "KR-48",
        "wikipedia": "http://en.wikipedia.org/wiki/South_Gyeongsang_Province",
        "iso_a2": "KR",
        "adm0_sr": 5,
        "name": "South Gyeongsang",
        "name_alt": "Kyongsangnam-Do|Kyongsang-namdo|Keisho Nan-do|South Kyongsang",
        "name_local": "경상남도",
        "type": "Do",
        "type_en": "Province",
        "code_local": "38",
        "code_hasc": "KR.KN",
        "note": "38 (NSO Code)",
        "hasc_maybe": null,
        "region": null,
        "region_cod": null,
        "provnum_ne": 20001,
        "gadm_level": 1,
        "check_me": 20,
        "datarank": 3,
        "abbrev": null,
        "postal": "KN",
        "area_sqkm": 0,
        "sameascity": -99,
        "labelrank": 6,
        "name_len": 16,
        "mapcolor9": 1,
        "mapcolor13": 5,
        "fips": "KS20",
        "fips_alt": null,
        "woe_id": 2345967,
        "woe_label": "Gyeongsangnam-Do, KR, South Korea",
        "woe_name": "Gyeongsangnam-do",
        "latitude": 35.3192,
        "longitude": 128.217,
        "sov_a3": "KOR",
        "adm0_a3": "KOR",
        "adm0_label": 4,
        "admin": "South Korea",
        "geonunit": "South Korea",
        "gu_a3": "KOR",
        "gn_id": 1902028,
        "gn_name": "Gyeongsangnam-do",
        "gns_id": 315815,
        "gns_name": "Gyeongsangnam-do",
        "gn_level": 1,
        "gn_region": null,
        "gn_a1_code": "KR.20",
        "region_sub": null,
        "sub_code": null,
        "gns_level": 1,
        "gns_lang": "kor",
        "gns_adm1": "KS20",
        "gns_region": null,
        "min_label": 8,
        "max_label": 11,
        "min_zoom": 8,
        "wikidataid": "Q41151",
        "name_ar": "مقاطعة غيونغسانغ الجنوبية",
        "name_bn": "দক্ষিণ গিয়েওংসাং",
        "name_de": "Gyeongsangnam-do",
        "name_en": "South Gyeongsang",
        "name_es": "Gyeongsang del Sur",
        "name_fr": "Gyeongsang du Sud",
        "name_el": "Γκιόνγκσανγκναμ-ντο",
        "name_hi": "दक्षिण गेयोंग्सेंग प्रांत",
        "name_hu": "Dél-Kjongszang",
        "name_id": "Gyeongsang Selatan",
        "name_it": "Gyeongsang Meridionale",
        "name_ja": "慶尚南道",
        "name_ko": "경상남도",
        "name_nl": "Gyeongsangnam-do",
        "name_pl": "Gyeongsang Południowy",
        "name_pt": "Gyeongsang do Sul",
        "name_ru": "Кёнсан-Намдо",
        "name_sv": "Södra Gyeongsang",
        "name_tr": "Güney Gyeongsang",
        "name_vi": "Gyeongsang Nam",
        "name_zh": "庆尚南道",
        "ne_id": 1159313519,
        "name_he": "דרום גיאונגסאנג",
        "name_uk": "Південна провінція Кьонсан",
        "name_ur": "جنوبی گیئونگسانگ صوبہ",
        "name_fa": "جئونسانگنام-دو",
        "name_zht": "慶尚南道",
        "FCLASS_ISO": null,
        "FCLASS_US": null,
        "FCLASS_FR": null,
        "FCLASS_RU": null,
        "FCLASS_ES": null,
        "FCLASS_CN": null,
        "FCLASS_TW": null,
        "FCLASS_IN": null,
        "FCLASS_NP": null,
        "FCLASS_PK": null,
        "FCLASS_DE": null,
        "FCLASS_GB": null,
        "FCLASS_BR": null,
        "FCLASS_IL": null,
        "FCLASS_PS": null,
        "FCLASS_SA": null,
        "FCLASS_EG": null,
        "FCLASS_MA": null,
        "FCLASS_PT": null,
        "FCLASS_AR": null,
        "FCLASS_JP": null,
        "FCLASS_KO": null,
        "FCLASS_VN": null,
        "FCLASS_TR": null,
        "FCLASS_ID": null,
        "FCLASS_PL": null,
        "FCLASS_GR": null,
        "FCLASS_IT": null,
        "FCLASS_NL": null,
        "FCLASS_SE": null,
        "FCLASS_BD": null,
        "FCLASS_UA": null,
        "FCLASS_TLC": null
      },
      "bbox": [
        127.612087,
        34.61046,
        129.268836,
        35.88706
      ],
      "geometry": {
        "type": "MultiPolygon",
        "coordinates": [
          [
            [
              [
                128.962778,
                35.133386
              ],
              [
                128.95801,
                35.136897
              ],
              [
                128.948944,
                35.125975
              ],
              [
                128.91842,
                35.081882
              ],
              [
                128.904593,
                35.081099
              ],
              [
                128.903635,
                35.10139
              ],
              [
                128.904586,
                35.12051
              ],
              [
                128.897926,
                35.121305
              ],
              [
                128.889252,
                35.105455
              ],
              [
                128.882186,
                35.081485
              ],
              [
                128.857402,
                35.083823
              ],
              [
                128.791555,
                35.082953
              ],
              [
                128.787773,
                35.101319
              ],
              [
                128.781077,
                35.111062
              ],
              [
                128.771988,
                35.083313
              ],
              [
                128.761971,
                35.079392
              ],
              [
                128.738689,
                35.087988
              ],
              [
                128.727794,
                35.104722
              ],
              [
                128.715831,
                35.105862
              ],
              [
                128.70045,
                35.096137
              ],
              [
                128.70045,
                35.139879
              ],
              [
                128.6963,
                35.1435
              ],
              [
                128.687755,
                35.140611
              ],
              [
                128.680512,
                35.131415
              ],
              [
                128.679942,
                35.115953
              ],
              [
                128.664073,
                35.126125
              ],
              [
                128.651703,
                35.140774
              ],
              [
                128.638031,
                35.149848
              ],
              [
                128.617931,
                35.143256
              ],
              [
                128.622325,
                35.157375
              ],
              [
                128.614024,
                35.177436
              ],
              [
                128.617931,
                35.184882
              ],
              [
                128.607921,
                35.211168
              ],
              [
                128.602061,
                35.213935
              ],
              [
                128.590587,
                35.20539
              ],
              [
                128.578136,
                35.189358
              ],
              [
                128.577891,
                35.178656
              ],
              [
                128.590587,
                35.156968
              ],
              [
                128.597667,
                35.13052
              ],
              [
                128.601817,
                35.121243
              ],
              [
                128.610362,
                35.109198
              ],
              [
                128.627045,
                35.090766
              ],
              [
                128.629487,
                35.081488
              ],
              [
                128.624766,
                35.068183
              ],
              [
                128.63266,
                35.067288
              ],
              [
                128.64503,
                35.062893
              ],
              [
                128.65211,
                35.061347
              ],
              [
                128.643321,
                35.056545
              ],
              [
                128.634532,
                35.054633
              ],
              [
                128.614268,
                35.054592
              ],
              [
                128.603608,
                35.056627
              ],
              [
                128.600597,
                35.061916
              ],
              [
                128.600108,
                35.06859
              ],
              [
                128.596772,
                35.075019
              ],
              [
                128.587169,
                35.083319
              ],
              [
                128.580333,
                35.087877
              ],
              [
                128.526378,
                35.103461
              ],
              [
                128.511241,
                35.104234
              ],
              [
                128.478119,
                35.099066
              ],
              [
                128.469086,
                35.095404
              ],
              [
                128.469737,
                35.088365
              ],
              [
                128.481293,
                35.075019
              ],
              [
                128.462738,
                35.071967
              ],
              [
                128.428477,
                35.057807
              ],
              [
                128.389171,
                35.049018
              ],
              [
                128.384044,
                35.036363
              ],
              [
                128.382091,
                35.02261
              ],
              [
                128.37143,
                35.013577
              ],
              [
                128.37143,
                35.006781
              ],
              [
                128.471202,
                35.050238
              ],
              [
                128.488129,
                35.051174
              ],
              [
                128.491547,
                35.033596
              ],
              [
                128.497569,
                35.020697
              ],
              [
                128.499604,
                35.009223
              ],
              [
                128.491547,
                34.995917
              ],
              [
                128.47877,
                34.990058
              ],
              [
                128.459239,
                34.987372
              ],
              [
                128.439708,
                34.988105
              ],
              [
                128.426768,
                34.992499
              ],
              [
                128.420014,
                34.982733
              ],
              [
                128.424653,
                34.978013
              ],
              [
                128.433686,
                34.9737
              ],
              [
                128.44044,
                34.965155
              ],
              [
                128.441417,
                34.959947
              ],
              [
                128.441742,
                34.95246
              ],
              [
                128.44044,
                34.931627
              ],
              [
                128.432953,
                34.890692
              ],
              [
                128.442149,
                34.88349
              ],
              [
                128.450938,
                34.885891
              ],
              [
                128.457856,
                34.893866
              ],
              [
                128.460948,
                34.903713
              ],
              [
                128.474457,
                34.890692
              ],
              [
                128.460541,
                34.870185
              ],
              [
                128.435313,
                34.843166
              ],
              [
                128.41293,
                34.837635
              ],
              [
                128.382883,
                34.83929
              ],
              [
                128.383397,
                34.854587
              ],
              [
                128.40268,
                34.854804
              ],
              [
                128.410899,
                34.856024
              ],
              [
                128.415863,
                34.862738
              ],
              [
                128.35377,
                34.868476
              ],
              [
                128.340831,
                34.872707
              ],
              [
                128.326508,
                34.889065
              ],
              [
                128.324474,
                34.897284
              ],
              [
                128.334727,
                34.902574
              ],
              [
                128.357758,
                34.909898
              ],
              [
                128.335053,
                34.947333
              ],
              [
                128.318696,
                34.934068
              ],
              [
                128.302257,
                34.908026
              ],
              [
                128.279063,
                34.906806
              ],
              [
                128.257904,
                34.930162
              ],
              [
                128.246837,
                34.935981
              ],
              [
                128.224132,
                34.937893
              ],
              [
                128.214122,
                34.932929
              ],
              [
                128.208588,
                34.920844
              ],
              [
                128.206554,
                34.905504
              ],
              [
                128.207042,
                34.890692
              ],
              [
                128.185883,
                34.893622
              ],
              [
                128.139415,
                34.891913
              ],
              [
                128.121104,
                34.900295
              ],
              [
                128.118988,
                34.905707
              ],
              [
                128.118744,
                34.920356
              ],
              [
                128.117686,
                34.924221
              ],
              [
                128.113048,
                34.925198
              ],
              [
                128.101899,
                34.923529
              ],
              [
                128.087494,
                34.926256
              ],
              [
                128.063975,
                34.927924
              ],
              [
                128.055675,
                34.931627
              ],
              [
                128.051036,
                34.939643
              ],
              [
                128.051524,
                34.947496
              ],
              [
                128.054047,
                34.955024
              ],
              [
                128.055675,
                34.961737
              ],
              [
                128.054047,
                35.035834
              ],
              [
                128.055675,
                35.047756
              ],
              [
                128.058604,
                35.05329
              ],
              [
                128.063731,
                35.060614
              ],
              [
                128.068126,
                35.070217
              ],
              [
                128.069347,
                35.082465
              ],
              [
                128.053722,
                35.067125
              ],
              [
                128.040863,
                35.049221
              ],
              [
                128.024994,
                35.035793
              ],
              [
                128.000987,
                35.034084
              ],
              [
                128.019298,
                34.998684
              ],
              [
                128.006847,
                34.991767
              ],
              [
                127.979747,
                34.992255
              ],
              [
                127.953868,
                34.978827
              ],
              [
                127.94337,
                35.002834
              ],
              [
                127.937022,
                35.012641
              ],
              [
                127.925792,
                35.019761
              ],
              [
                127.922862,
                34.987535
              ],
              [
                127.91212,
                34.962063
              ],
              [
                127.891205,
                34.946682
              ],
              [
                127.864513,
                34.944729
              ],
              [
                127.853852,
                34.948188
              ],
              [
                127.84433,
                34.950181
              ],
              [
                127.836436,
                34.949449
              ],
              [
                127.830333,
                34.944729
              ],
              [
                127.81544,
                34.95482
              ],
              [
                127.80499,
                34.957147
              ],
              [
                127.802463,
                34.961587
              ],
              [
                127.802566,
                34.980165
              ],
              [
                127.78913,
                35.007295
              ],
              [
                127.726809,
                35.062925
              ],
              [
                127.71606,
                35.081373
              ],
              [
                127.707378,
                35.102509
              ],
              [
                127.685054,
                35.121681
              ],
              [
                127.660456,
                35.136357
              ],
              [
                127.646917,
                35.156252
              ],
              [
                127.642679,
                35.209402
              ],
              [
                127.632654,
                35.235007
              ],
              [
                127.612087,
                35.254825
              ],
              [
                127.617461,
                35.276633
              ],
              [
                127.638442,
                35.294151
              ],
              [
                127.639889,
                35.318826
              ],
              [
                127.646504,
                35.345595
              ],
              [
                127.688258,
                35.386367
              ],
              [
                127.694253,
                35.413808
              ],
              [
                127.679887,
                35.421637
              ],
              [
                127.669655,
                35.440524
              ],
              [
                127.671412,
                35.466104
              ],
              [
                127.660353,
                35.489669
              ],
              [
                127.658492,
                35.502304
              ],
              [
                127.654772,
                35.513336
              ],
              [
                127.62914,
                35.522173
              ],
              [
                127.630174,
                35.54734
              ],
              [
                127.644126,
                35.570542
              ],
              [
                127.652705,
                35.601703
              ],
              [
                127.664384,
                35.631856
              ],
              [
                127.679887,
                35.655447
              ],
              [
                127.692496,
                35.677874
              ],
              [
                127.695389,
                35.708622
              ],
              [
                127.706552,
                35.734822
              ],
              [
                127.729393,
                35.751281
              ],
              [
                127.750993,
                35.769626
              ],
              [
                127.769804,
                35.802673
              ],
              [
                127.779622,
                35.807815
              ],
              [
                127.793265,
                35.806626
              ],
              [
                127.817863,
                35.81275
              ],
              [
                127.867575,
                35.834195
              ],
              [
                127.87729,
                35.855202
              ],
              [
                127.913877,
                35.88706
              ],
              [
                127.921939,
                35.86484
              ],
              [
                127.942196,
                35.855279
              ],
              [
                127.951498,
                35.849595
              ],
              [
                127.960696,
                35.843239
              ],
              [
                127.961523,
                35.835332
              ],
              [
                127.965554,
                35.827245
              ],
              [
                127.973615,
                35.824274
              ],
              [
                127.98178,
                35.822052
              ],
              [
                128.012063,
                35.820139
              ],
              [
                128.025188,
                35.811199
              ],
              [
                128.041415,
                35.802311
              ],
              [
                128.070147,
                35.800502
              ],
              [
                128.098466,
                35.800709
              ],
              [
                128.124304,
                35.793629
              ],
              [
                128.143321,
                35.776835
              ],
              [
                128.156653,
                35.756267
              ],
              [
                128.178771,
                35.743555
              ],
              [
                128.184352,
                35.734202
              ],
              [
                128.187762,
                35.725597
              ],
              [
                128.203162,
                35.717846
              ],
              [
                128.216495,
                35.705108
              ],
              [
                128.215874,
                35.681517
              ],
              [
                128.203886,
                35.658961
              ],
              [
                128.219595,
                35.612762
              ],
              [
                128.281297,
                35.610643
              ],
              [
                128.311476,
                35.614106
              ],
              [
                128.340311,
                35.610178
              ],
              [
                128.36739,
                35.599584
              ],
              [
                128.393021,
                35.583926
              ],
              [
                128.421443,
                35.579276
              ],
              [
                128.47498,
                35.601652
              ],
              [
                128.502369,
                35.59713
              ],
              [
                128.52707,
                35.625784
              ],
              [
                128.550118,
                35.640305
              ],
              [
                128.558386,
                35.585012
              ],
              [
                128.583604,
                35.559949
              ],
              [
                128.61492,
                35.5438
              ],
              [
                128.651197,
                35.547133
              ],
              [
                128.68861,
                35.552585
              ],
              [
                128.72127,
                35.544446
              ],
              [
                128.752483,
                35.531062
              ],
              [
                128.789793,
                35.530183
              ],
              [
                128.822349,
                35.551215
              ],
              [
                128.836715,
                35.555556
              ],
              [
                128.851185,
                35.557106
              ],
              [
                128.86493,
                35.566796
              ],
              [
                128.876403,
                35.578862
              ],
              [
                128.912576,
                35.590954
              ],
              [
                128.951023,
                35.583177
              ],
              [
                128.980479,
                35.571886
              ],
              [
                129.008488,
                35.579508
              ],
              [
                129.012725,
                35.539743
              ],
              [
                128.987714,
                35.49866
              ],
              [
                129.0027,
                35.473959
              ],
              [
                129.064298,
                35.466259
              ],
              [
                129.09024,
                35.450188
              ],
              [
                129.133441,
                35.40988
              ],
              [
                129.184911,
                35.386755
              ],
              [
                129.207855,
                35.372156
              ],
              [
                129.214573,
                35.344406
              ],
              [
                129.236381,
                35.326785
              ],
              [
                129.264803,
                35.318568
              ],
              [
                129.268836,
                35.315724
              ],
              [
                129.264126,
                35.302428
              ],
              [
                129.2624,
                35.283989
              ],
              [
                129.256484,
                35.274422
              ],
              [
                129.249735,
                35.266228
              ],
              [
                129.255382,
                35.25259
              ],
              [
                129.255707,
                35.246975
              ],
              [
                129.24439,
                35.228218
              ],
              [
                129.228479,
                35.200531
              ],
              [
                129.210693,
                35.183001
              ],
              [
                129.201084,
                35.166628
              ],
              [
                129.199274,
                35.163639
              ],
              [
                129.197313,
                35.167234
              ],
              [
                129.177159,
                35.184054
              ],
              [
                129.159073,
                35.203149
              ],
              [
                129.136232,
                35.218264
              ],
              [
                129.118352,
                35.238573
              ],
              [
                129.112771,
                35.26051
              ],
              [
                129.093134,
                35.270767
              ],
              [
                129.067812,
                35.271568
              ],
              [
                129.044248,
                35.263843
              ],
              [
                129.025231,
                35.252577
              ],
              [
                129.010968,
                35.238108
              ],
              [
                129.000529,
                35.179042
              ],
              [
                128.986267,
                35.161265
              ],
              [
                128.971074,
                35.145814
              ],
              [
                128.962778,
                35.133386
              ]
            ]
          ],
          [
            [
              [
                128.069591,
                34.815009
              ],
              [
                128.074718,
                34.803656
              ],
              [
                128.071788,
                34.793647
              ],
              [
                128.066254,
                34.783026
              ],
              [
                128.063324,
                34.769965
              ],
              [
                128.066091,
                34.749335
              ],
              [
                128.065278,
                34.737535
              ],
              [
                128.059581,
                34.732408
              ],
              [
                128.051606,
                34.728705
              ],
              [
                128.060069,
                34.708401
              ],
              [
                128.055919,
                34.698228
              ],
              [
                128.040538,
                34.695868
              ],
              [
                128.02589,
                34.703111
              ],
              [
                128.010102,
                34.708808
              ],
              [
                127.991547,
                34.701728
              ],
              [
                127.975271,
                34.699937
              ],
              [
                127.965343,
                34.719306
              ],
              [
                127.954112,
                34.759711
              ],
              [
                127.937673,
                34.767035
              ],
              [
                127.924571,
                34.759589
              ],
              [
                127.915701,
                34.742743
              ],
              [
                127.912364,
                34.721869
              ],
              [
                127.906261,
                34.71308
              ],
              [
                127.8921,
                34.712714
              ],
              [
                127.877126,
                34.716946
              ],
              [
                127.868012,
                34.721869
              ],
              [
                127.861827,
                34.730862
              ],
              [
                127.860362,
                34.738267
              ],
              [
                127.860118,
                34.747016
              ],
              [
                127.857921,
                34.759711
              ],
              [
                127.830333,
                34.833564
              ],
              [
                127.826671,
                34.851386
              ],
              [
                127.829356,
                34.868964
              ],
              [
                127.840831,
                34.886949
              ],
              [
                127.848481,
                34.891547
              ],
              [
                127.856293,
                34.892727
              ],
              [
                127.862315,
                34.896064
              ],
              [
                127.867035,
                34.918158
              ],
              [
                127.872895,
                34.924465
              ],
              [
                127.888927,
                34.93476
              ],
              [
                127.90211,
                34.940009
              ],
              [
                127.917247,
                34.936184
              ],
              [
                127.930512,
                34.926459
              ],
              [
                127.938243,
                34.913967
              ],
              [
                127.93686,
                34.900824
              ],
              [
                127.928071,
                34.888251
              ],
              [
                127.90561,
                34.868964
              ],
              [
                127.909679,
                34.862047
              ],
              [
                127.914317,
                34.84455
              ],
              [
                127.919932,
                34.835435
              ],
              [
                127.928477,
                34.830552
              ],
              [
                127.94988,
                34.824652
              ],
              [
                127.961925,
                34.806952
              ],
              [
                127.981293,
                34.80976
              ],
              [
                128.00587,
                34.817694
              ],
              [
                128.029063,
                34.821763
              ],
              [
                128.062755,
                34.817125
              ],
              [
                128.069591,
                34.815009
              ]
            ]
          ],
          [
            [
              [
                128.748546,
                34.868964
              ],
              [
                128.747406,
                34.857123
              ],
              [
                128.742931,
                34.84455
              ],
              [
                128.734141,
                34.837551
              ],
              [
                128.720551,
                34.842271
              ],
              [
                128.726085,
                34.828843
              ],
              [
                128.739024,
                34.80622
              ],
              [
                128.74171,
                34.790717
              ],
              [
                128.73406,
                34.788235
              ],
              [
                128.716563,
                34.793199
              ],
              [
                128.697765,
                34.801337
              ],
              [
                128.686371,
                34.808092
              ],
              [
                128.683279,
                34.794135
              ],
              [
                128.680186,
                34.786566
              ],
              [
                128.662852,
                34.769965
              ],
              [
                128.657237,
                34.756985
              ],
              [
                128.669119,
                34.749498
              ],
              [
                128.685557,
                34.743842
              ],
              [
                128.693858,
                34.736151
              ],
              [
                128.678233,
                34.72484
              ],
              [
                128.605805,
                34.706366
              ],
              [
                128.583995,
                34.705146
              ],
              [
                128.618175,
                34.725572
              ],
              [
                128.604015,
                34.731106
              ],
              [
                128.598643,
                34.739976
              ],
              [
                128.599457,
                34.751899
              ],
              [
                128.604503,
                34.766547
              ],
              [
                128.573497,
                34.753485
              ],
              [
                128.564301,
                34.758734
              ],
              [
                128.559825,
                34.77025
              ],
              [
                128.560395,
                34.781806
              ],
              [
                128.566661,
                34.787055
              ],
              [
                128.591563,
                34.791205
              ],
              [
                128.598643,
                34.802232
              ],
              [
                128.599132,
                34.817816
              ],
              [
                128.604503,
                34.835435
              ],
              [
                128.590831,
                34.842271
              ],
              [
                128.580577,
                34.831855
              ],
              [
                128.544688,
                34.818793
              ],
              [
                128.528819,
                34.808092
              ],
              [
                128.517426,
                34.822659
              ],
              [
                128.503184,
                34.835517
              ],
              [
                128.491547,
                34.849921
              ],
              [
                128.488455,
                34.868964
              ],
              [
                128.494884,
                34.880439
              ],
              [
                128.508067,
                34.891018
              ],
              [
                128.523285,
                34.899156
              ],
              [
                128.536306,
                34.903713
              ],
              [
                128.573741,
                34.910061
              ],
              [
                128.583995,
                34.909898
              ],
              [
                128.600434,
                34.904202
              ],
              [
                128.613536,
                34.897162
              ],
              [
                128.626964,
                34.89175
              ],
              [
                128.645518,
                34.890692
              ],
              [
                128.645518,
                34.896918
              ],
              [
                128.626964,
                34.906928
              ],
              [
                128.616384,
                34.921861
              ],
              [
                128.611664,
                34.93891
              ],
              [
                128.610606,
                34.954901
              ],
              [
                128.62379,
                34.953559
              ],
              [
                128.693858,
                34.986274
              ],
              [
                128.681895,
                35.004625
              ],
              [
                128.687511,
                35.022854
              ],
              [
                128.702891,
                35.032945
              ],
              [
                128.720551,
                35.027248
              ],
              [
                128.724946,
                35.018948
              ],
              [
                128.725271,
                35.009263
              ],
              [
                128.718761,
                34.972154
              ],
              [
                128.719249,
                34.966295
              ],
              [
                128.723888,
                34.954535
              ],
              [
                128.729991,
                34.945136
              ],
              [
                128.734386,
                34.935452
              ],
              [
                128.734141,
                34.922309
              ],
              [
                128.730154,
                34.910386
              ],
              [
                128.714366,
                34.87641
              ],
              [
                128.73463,
                34.88227
              ],
              [
                128.744314,
                34.887763
              ],
              [
                128.747569,
                34.88581
              ],
              [
                128.748546,
                34.868964
              ]
            ]
          ],
          [
            [
              [
                128.072765,
                34.84512
              ],
              [
                128.076834,
                34.842475
              ],
              [
                128.082367,
                34.835598
              ],
              [
                128.071788,
                34.833401
              ],
              [
                128.026541,
                34.843207
              ],
              [
                128.001801,
                34.836656
              ],
              [
                127.987315,
                34.83808
              ],
              [
                127.972423,
                34.845526
              ],
              [
                127.963634,
                34.859768
              ],
              [
                127.97047,
                34.87519
              ],
              [
                127.984141,
                34.889716
              ],
              [
                127.992849,
                34.903388
              ],
              [
                128.001964,
                34.913031
              ],
              [
                128.017833,
                34.916571
              ],
              [
                128.02296,
                34.905504
              ],
              [
                128.015961,
                34.88935
              ],
              [
                128.012462,
                34.878323
              ],
              [
                128.013438,
                34.869127
              ],
              [
                128.018728,
                34.866156
              ],
              [
                128.024587,
                34.877021
              ],
              [
                128.036306,
                34.892279
              ],
              [
                128.045909,
                34.893622
              ],
              [
                128.048839,
                34.886623
              ],
              [
                128.053966,
                34.882636
              ],
              [
                128.05893,
                34.880357
              ],
              [
                128.061209,
                34.868354
              ],
              [
                128.066905,
                34.851752
              ],
              [
                128.072765,
                34.84512
              ]
            ]
          ],
          [
            [
              [
                128.842784,
                35.021877
              ],
              [
                128.83839,
                35.001207
              ],
              [
                128.831798,
                34.993801
              ],
              [
                128.826671,
                34.992377
              ],
              [
                128.824229,
                34.996731
              ],
              [
                128.819347,
                35.014228
              ],
              [
                128.811778,
                35.020738
              ],
              [
                128.809093,
                35.025865
              ],
              [
                128.810313,
                35.032945
              ],
              [
                128.806895,
                35.041246
              ],
              [
                128.801606,
                35.04914
              ],
              [
                128.804373,
                35.056342
              ],
              [
                128.814952,
                35.061265
              ],
              [
                128.826427,
                35.062242
              ],
              [
                128.836436,
                35.059801
              ],
              [
                128.843272,
                35.047187
              ],
              [
                128.842784,
                35.021877
              ]
            ]
          ],
          [
            [
              [
                128.294607,
                34.639553
              ],
              [
                128.29713,
                34.637315
              ],
              [
                128.295665,
                34.631985
              ],
              [
                128.286062,
                34.622219
              ],
              [
                128.281749,
                34.619859
              ],
              [
                128.27532,
                34.619086
              ],
              [
                128.26588,
                34.620836
              ],
              [
                128.258067,
                34.6199
              ],
              [
                128.247406,
                34.615546
              ],
              [
                128.242198,
                34.611518
              ],
              [
                128.236257,
                34.61046
              ],
              [
                128.235281,
                34.614203
              ],
              [
                128.23878,
                34.620592
              ],
              [
                128.237804,
                34.625759
              ],
              [
                128.233409,
                34.629381
              ],
              [
                128.229666,
                34.630072
              ],
              [
                128.225271,
                34.632839
              ],
              [
                128.225678,
                34.637844
              ],
              [
                128.228363,
                34.642401
              ],
              [
                128.22877,
                34.647854
              ],
              [
                128.232758,
                34.651028
              ],
              [
                128.239513,
                34.652411
              ],
              [
                128.271169,
                34.638495
              ],
              [
                128.271251,
                34.63231
              ],
              [
                128.275808,
                34.631903
              ],
              [
                128.294607,
                34.639553
              ]
            ]
          ],
          [
            [
              [
                128.38583,
                34.820125
              ],
              [
                128.395366,
                34.823348
              ],
              [
                128.410764,
                34.826522
              ],
              [
                128.428226,
                34.827448
              ],
              [
                128.437997,
                34.819572
              ],
              [
                128.440635,
                34.806735
              ],
              [
                128.435334,
                34.798709
              ],
              [
                128.438976,
                34.793903
              ],
              [
                128.434636,
                34.787882
              ],
              [
                128.424572,
                34.79122
              ],
              [
                128.420597,
                34.789236
              ],
              [
                128.420886,
                34.78672
              ],
              [
                128.429101,
                34.785397
              ],
              [
                128.437332,
                34.779809
              ],
              [
                128.433294,
                34.773784
              ],
              [
                128.423083,
                34.763253
              ],
              [
                128.406534,
                34.763098
              ],
              [
                128.399281,
                34.770716
              ],
              [
                128.395363,
                34.77854
              ],
              [
                128.38699,
                34.778804
              ],
              [
                128.388957,
                34.785363
              ],
              [
                128.386206,
                34.791917
              ],
              [
                128.373305,
                34.793491
              ],
              [
                128.368702,
                34.796537
              ],
              [
                128.378272,
                34.80279
              ],
              [
                128.380089,
                34.810404
              ],
              [
                128.370416,
                34.816686
              ],
              [
                128.352395,
                34.821804
              ],
              [
                128.340974,
                34.818844
              ],
              [
                128.334192,
                34.819132
              ],
              [
                128.332049,
                34.825702
              ],
              [
                128.340093,
                34.832973
              ],
              [
                128.351831,
                34.835422
              ],
              [
                128.367247,
                34.830274
              ],
              [
                128.379013,
                34.82287
              ],
              [
                128.38583,
                34.820125
              ]
            ]
          ],
          [
            [
              [
                128.239919,
                34.836168
              ],
              [
                128.254893,
                34.822414
              ],
              [
                128.260509,
                34.814643
              ],
              [
                128.256521,
                34.809272
              ],
              [
                128.245779,
                34.809272
              ],
              [
                128.240733,
                34.807074
              ],
              [
                128.241466,
                34.799994
              ],
              [
                128.238455,
                34.796942
              ],
              [
                128.229015,
                34.79914
              ],
              [
                128.223155,
                34.8015
              ],
              [
                128.212169,
                34.807807
              ],
              [
                128.205821,
                34.815619
              ],
              [
                128.207042,
                34.821031
              ],
              [
                128.213878,
                34.830227
              ],
              [
                128.227306,
                34.838568
              ],
              [
                128.239919,
                34.836168
              ]
            ]
          ]
        ]
      }
    },
    {
      "type": "Feature",
      "properties": {
        "featurecla": "Admin-1 states provinces",
        "scalerank": 6,
        "adm1_code": "KOR-2507",
        "diss_me": 2507,
        "iso_3166_2": "KR-26",
        "wikipedia": "http://en.wikipedia.org/wiki/Busan",
        "iso_a2": "KR",
        "adm0_sr": 1,
        "name": "Busan",
        "name_alt": "Pusan|Busan Gwang'yeogsi|Pusan-gwangyoksi|Fusan",
        "name_local": "부산광역시",
        "type": "Gwangyeoksi",
        "type_en": "Metropolitan City",
        "code_local": "21",
        "code_hasc": "KR.PU",
        "note": "21 (NSO Code)",
        "hasc_maybe": null,
        "region": null,
        "region_cod": null,
        "provnum_ne": 20010,
        "gadm_level": 1,
        "check_me": 20,
        "datarank": 3,
        "abbrev": null,
        "postal": "PU",
        "area_sqkm": 0,
        "sameascity": 9,
        "labelrank": 9,
        "name_len": 5,
        "mapcolor9": 1,
        "mapcolor13": 5,
        "fips": "KS10",
        "fips_alt": null,
        "woe_id": 2345968,
        "woe_label": "Busan, KR, South Korea",
        "woe_name": "Busan",
        "latitude": 35.1928,
        "longitude": 129.082,
        "sov_a3": "KOR",
        "adm0_a3": "KOR",
        "adm0_label": 2,
        "admin": "South Korea",
        "geonunit": "South Korea",
        "gu_a3": "KOR",
        "gn_id": 1838519,
        "gn_name": "Busan",
        "gns_id": -713905,
        "gns_name": "Busan-gwangyeoksi",
        "gn_level": 1,
        "gn_region": null,
        "gn_a1_code": "KR.10",
        "region_sub": null,
        "sub_code": null,
        "gns_level": 1,
        "gns_lang": "kor",
        "gns_adm1": "KS10",
        "gns_region": null,
        "min_label": 8,
        "max_label": 11,
        "min_zoom": 8,
        "wikidataid": "Q16520",
        "name_ar": "عين السبع",
        "name_bn": "বুসান",
        "name_de": "Busan",
        "name_en": "Busan",
        "name_es": "Busan",
        "name_fr": "Pusan",
        "name_el": "Μπούσαν",
        "name_hi": "बुसान",
        "name_hu": "Puszan",
        "name_id": "Busan",
        "name_it": "Pusan",
        "name_ja": "釜山広域市",
        "name_ko": "부산광역시",
        "name_nl": "Busan",
        "name_pl": "Pusan",
        "name_pt": "Busan",
        "name_ru": "Пусан",
        "name_sv": "Busan",
        "name_tr": "Busan",
        "name_vi": "Busan",
        "name_zh": "釜山",
        "ne_id": 1159313531,
        "name_he": "פוסאן",
        "name_uk": "Пусан",
        "name_ur": "بوسان",
        "name_fa": "بوسان",
        "name_zht": "釜山廣域市",
        "FCLASS_ISO": null,
        "FCLASS_US": null,
        "FCLASS_FR": null,
        "FCLASS_RU": null,
        "FCLASS_ES": null,
        "FCLASS_CN": null,
        "FCLASS_TW": null,
        "FCLASS_IN": null,
        "FCLASS_NP": null,
        "FCLASS_PK": null,
        "FCLASS_DE": null,
        "FCLASS_GB": null,
        "FCLASS_BR": null,
        "FCLASS_IL": null,
        "FCLASS_PS": null,
        "FCLASS_SA": null,
        "FCLASS_EG": null,
        "FCLASS_MA": null,
        "FCLASS_PT": null,
        "FCLASS_AR": null,
        "FCLASS_JP": null,
        "FCLASS_KO": null,
        "FCLASS_VN": null,
        "FCLASS_TR": null,
        "FCLASS_ID": null,
        "FCLASS_PL": null,
        "FCLASS_GR": null,
        "FCLASS_IT": null,
        "FCLASS_NL": null,
        "FCLASS_SE": null,
        "FCLASS_BD": null,
        "FCLASS_UA": null,
        "FCLASS_TLC": null
      },
      "bbox": [
        128.95036,
        35.043649,
        129.199274,
        35.271568
      ],
      "geometry": {
        "type": "Polygon",
        "coordinates": [
          [
            [
              129.199274,
              35.163639
            ],
            [
              129.194347,
              35.155504
            ],
            [
              129.178896,
              35.155757
            ],
            [
              129.16748,
              35.156168
            ],
            [
              129.153412,
              35.154283
            ],
            [
              129.143077,
              35.154771
            ],
            [
              129.132205,
              35.150766
            ],
            [
              129.120257,
              35.149617
            ],
            [
              129.119297,
              35.135567
            ],
            [
              129.127281,
              35.125825
            ],
            [
              129.128601,
              35.114148
            ],
            [
              129.12347,
              35.100845
            ],
            [
              129.101078,
              35.092276
            ],
            [
              129.082966,
              35.105185
            ],
            [
              129.071998,
              35.112617
            ],
            [
              129.06384,
              35.120847
            ],
            [
              129.037627,
              35.097834
            ],
            [
              129.02569,
              35.079502
            ],
            [
              129.021862,
              35.059983
            ],
            [
              129.013754,
              35.055307
            ],
            [
              129.008957,
              35.065134
            ],
            [
              128.997026,
              35.075728
            ],
            [
              128.998015,
              35.066281
            ],
            [
              129.000402,
              35.04595
            ],
            [
              128.99277,
              35.045963
            ],
            [
              128.989405,
              35.052694
            ],
            [
              128.985112,
              35.054284
            ],
            [
              128.974864,
              35.048651
            ],
            [
              128.965125,
              35.043649
            ],
            [
              128.958447,
              35.050387
            ],
            [
              128.95036,
              35.072913
            ],
            [
              128.953704,
              35.093202
            ],
            [
              128.961341,
              35.118955
            ],
            [
              128.962778,
              35.133386
            ],
            [
              128.971074,
              35.145814
            ],
            [
              128.986267,
              35.161265
            ],
            [
              129.000529,
              35.179042
            ],
            [
              129.010968,
              35.238108
            ],
            [
              129.025231,
              35.252577
            ],
            [
              129.044248,
              35.263843
            ],
            [
              129.067812,
              35.271568
            ],
            [
              129.093134,
              35.270767
            ],
            [
              129.112771,
              35.26051
            ],
            [
              129.118352,
              35.238573
            ],
            [
              129.136232,
              35.218264
            ],
            [
              129.159073,
              35.203149
            ],
            [
              129.177159,
              35.184054
            ],
            [
              129.197313,
              35.167234
            ],
            [
              129.199274,
              35.163639
            ]
          ]
        ]
      }
    },
    {
      "type": "Feature",
      "properties": {
        "featurecla": "Admin-1 states provinces",
        "scalerank": 6,
        "adm1_code": "KOR-2508",
        "diss_me": 2508,
        "iso_3166_2": "KR-31",
        "wikipedia": "http://en.wikipedia.org/wiki/Ulsan",
        "iso_a2": "KR",
        "adm0_sr": 1,
        "name": "Ulsan",
        "name_alt": "Ulsan-gwangyoksi",
        "name_local": "울산광역시",
        "type": "Metropolitan City",
        "type_en": "Metropolitan City",
        "code_local": "26",
        "code_hasc": "KR.UL",
        "note": "26 (NSO Code)",
        "hasc_maybe": null,
        "region": null,
        "region_cod": null,
        "provnum_ne": 20012,
        "gadm_level": 1,
        "check_me": 20,
        "datarank": 3,
        "abbrev": null,
        "postal": "UL",
        "area_sqkm": 0,
        "sameascity": -99,
        "labelrank": 6,
        "name_len": 5,
        "mapcolor9": 1,
        "mapcolor13": 5,
        "fips": "KS21",
        "fips_alt": null,
        "woe_id": 23701285,
        "woe_label": "Ulsan, KR, South Korea",
        "woe_name": "Ulsan",
        "latitude": 35.4997,
        "longitude": 129.232,
        "sov_a3": "KOR",
        "adm0_a3": "KOR",
        "adm0_label": 2,
        "admin": "South Korea",
        "geonunit": "South Korea",
        "gu_a3": "KOR",
        "gn_id": 1833742,
        "gn_name": "Ulsan",
        "gns_id": -718698,
        "gns_name": "Ulsan-gwangyeoksi",
        "gn_level": 1,
        "gn_region": null,
        "gn_a1_code": "KR.21",
        "region_sub": null,
        "sub_code": null,
        "gns_level": 1,
        "gns_lang": "kor",
        "gns_adm1": "KS21",
        "gns_region": null,
        "min_label": 8,
        "max_label": 11,
        "min_zoom": 8,
        "wikidataid": "Q41278",
        "name_ar": "أولسان",
        "name_bn": "উলসান",
        "name_de": "Ulsan",
        "name_en": "Ulsan",
        "name_es": "Ulsan",
        "name_fr": "Ulsan",
        "name_el": "Ούλσαν",
        "name_hi": "उल्सान",
        "name_hu": "Ulszan",
        "name_id": "Ulsan",
        "name_it": "Ulsan",
        "name_ja": "蔚山広域市",
        "name_ko": "울산광역시",
        "name_nl": "Ulsan",
        "name_pl": "Ulsan",
        "name_pt": "Ulsan",
        "name_ru": "Ульсан",
        "name_sv": "Ulsan",
        "name_tr": "Ulsan",
        "name_vi": "Ulsan",
        "name_zh": "蔚山广域市",
        "ne_id": 1159313533,
        "name_he": "אולסן",
        "name_uk": "Ульсан",
        "name_ur": "السان",
        "name_fa": "اولسان",
        "name_zht": "蔚山廣域市",
        "FCLASS_ISO": null,
        "FCLASS_US": null,
        "FCLASS_FR": null,
        "FCLASS_RU": null,
        "FCLASS_ES": null,
        "FCLASS_CN": null,
        "FCLASS_TW": null,
        "FCLASS_IN": null,
        "FCLASS_NP": null,
        "FCLASS_PK": null,
        "FCLASS_DE": null,
        "FCLASS_GB": null,
        "FCLASS_BR": null,
        "FCLASS_IL": null,
        "FCLASS_PS": null,
        "FCLASS_SA": null,
        "FCLASS_EG": null,
        "FCLASS_MA": null,
        "FCLASS_PT": null,
        "FCLASS_AR": null,
        "FCLASS_JP": null,
        "FCLASS_KO": null,
        "FCLASS_VN": null,
        "FCLASS_TR": null,
        "FCLASS_ID": null,
        "FCLASS_PL": null,
        "FCLASS_GR": null,
        "FCLASS_IT": null,
        "FCLASS_NL": null,
        "FCLASS_SE": null,
        "FCLASS_BD": null,
        "FCLASS_UA": null,
        "FCLASS_TLC": null
      },
      "bbox": [
        128.987714,
        35.315724,
        129.467275,
        35.682189
      ],
      "geometry": {
        "type": "Polygon",
        "coordinates": [
          [
            [
              129.459056,
              35.610784
            ],
            [
              129.46059,
              35.609294
            ],
            [
              129.467275,
              35.599668
            ],
            [
              129.463488,
              35.577883
            ],
            [
              129.461351,
              35.552061
            ],
            [
              129.4546,
              35.513251
            ],
            [
              129.444428,
              35.496812
            ],
            [
              129.427989,
              35.478746
            ],
            [
              129.412852,
              35.472073
            ],
            [
              129.406261,
              35.489691
            ],
            [
              129.400401,
              35.512641
            ],
            [
              129.387462,
              35.529853
            ],
            [
              129.373546,
              35.532782
            ],
            [
              129.365245,
              35.513251
            ],
            [
              129.378917,
              35.510688
            ],
            [
              129.387055,
              35.502265
            ],
            [
              129.390961,
              35.489936
            ],
            [
              129.391856,
              35.475735
            ],
            [
              129.387462,
              35.462307
            ],
            [
              129.377208,
              35.459174
            ],
            [
              129.365733,
              35.458319
            ],
            [
              129.357758,
              35.451809
            ],
            [
              129.359223,
              35.444648
            ],
            [
              129.360503,
              35.426056
            ],
            [
              129.364581,
              35.40687
            ],
            [
              129.355262,
              35.394572
            ],
            [
              129.346787,
              35.382273
            ],
            [
              129.35513,
              35.372667
            ],
            [
              129.361814,
              35.367172
            ],
            [
              129.360444,
              35.353583
            ],
            [
              129.339875,
              35.348074
            ],
            [
              129.320513,
              35.338545
            ],
            [
              129.29272,
              35.316049
            ],
            [
              129.269206,
              35.316767
            ],
            [
              129.268836,
              35.315724
            ],
            [
              129.264803,
              35.318568
            ],
            [
              129.236381,
              35.326785
            ],
            [
              129.214573,
              35.344406
            ],
            [
              129.207855,
              35.372156
            ],
            [
              129.184911,
              35.386755
            ],
            [
              129.133441,
              35.40988
            ],
            [
              129.09024,
              35.450188
            ],
            [
              129.064298,
              35.466259
            ],
            [
              129.0027,
              35.473959
            ],
            [
              128.987714,
              35.49866
            ],
            [
              129.012725,
              35.539743
            ],
            [
              129.008488,
              35.579508
            ],
            [
              129.032569,
              35.595373
            ],
            [
              129.058304,
              35.607594
            ],
            [
              129.073703,
              35.607904
            ],
            [
              129.080008,
              35.617723
            ],
            [
              129.070396,
              35.630642
            ],
            [
              129.064918,
              35.644646
            ],
            [
              129.098611,
              35.665911
            ],
            [
              129.140883,
              35.677926
            ],
            [
              129.175506,
              35.682189
            ],
            [
              129.209406,
              35.676401
            ],
            [
              129.244649,
              35.664051
            ],
            [
              129.253847,
              35.651752
            ],
            [
              129.254364,
              35.636817
            ],
            [
              129.256845,
              35.623485
            ],
            [
              129.269247,
              35.616224
            ],
            [
              129.28599,
              35.612684
            ],
            [
              129.379008,
              35.626353
            ],
            [
              129.458176,
              35.610592
            ],
            [
              129.459056,
              35.610784
            ]
          ]
        ]
      }
    },
    {
      "type": "Feature",
      "properties": {
        "featurecla": "Admin-1 states provinces",
        "scalerank": 6,
        "adm1_code": "KOR-2509",
        "diss_me": 2509,
        "iso_3166_2": "KR-47",
        "wikipedia": "http://en.wikipedia.org/wiki/North_Gyeongsang_Province",
        "iso_a2": "KR",
        "adm0_sr": 1,
        "name": "North Gyeongsang",
        "name_alt": "Taegu|Daegu Gwang'yeogsi|Taegu-gwangyoksi|Taikyu",
        "name_local": "경상북도",
        "type": "Gwangyeoksi",
        "type_en": "Metropolitan City",
        "code_local": "22",
        "code_hasc": "KR.TG",
        "note": "22 (NSO Code)",
        "hasc_maybe": null,
        "region": null,
        "region_cod": null,
        "provnum_ne": 20011,
        "gadm_level": 1,
        "check_me": 20,
        "datarank": 3,
        "abbrev": null,
        "postal": "TG",
        "area_sqkm": 0,
        "sameascity": -99,
        "labelrank": 6,
        "name_len": 16,
        "mapcolor9": 1,
        "mapcolor13": 5,
        "fips": "KS15",
        "fips_alt": null,
        "woe_id": 2345970,
        "woe_label": "Gyeongsangbuk-Do, KR, South Korea",
        "woe_name": "Taegu-gwangyoksi",
        "latitude": 36.3396,
        "longitude": 128.708,
        "sov_a3": "KOR",
        "adm0_a3": "KOR",
        "adm0_label": 2,
        "admin": "South Korea",
        "geonunit": "South Korea",
        "gu_a3": "KOR",
        "gn_id": 1841597,
        "gn_name": "Gyeongsangbuk-do",
        "gns_id": -710803,
        "gns_name": "Gyeongsangbuk-do",
        "gn_level": 1,
        "gn_region": null,
        "gn_a1_code": "KR.14",
        "region_sub": null,
        "sub_code": null,
        "gns_level": 1,
        "gns_lang": "kor",
        "gns_adm1": "KS14",
        "gns_region": null,
        "min_label": 8,
        "max_label": 11,
        "min_zoom": 8,
        "wikidataid": "Q41154",
        "name_ar": "مقاطعة غيونغسانغ الشمالية",
        "name_bn": "উত্তর গিয়েওংসাং",
        "name_de": "Gyeongsangbuk-do",
        "name_en": "North Gyeongsang",
        "name_es": "Gyeongsang del Norte",
        "name_fr": "Gyeongsang du Nord",
        "name_el": "Γκιόνγκσανγκμπουκ-ντο",
        "name_hi": "उत्तरी ग्योंगसैंग प्रांत",
        "name_hu": "Észak-Kjongszang",
        "name_id": "Gyeongsang Utara",
        "name_it": "Nord Gyeongsang",
        "name_ja": "慶尚北道",
        "name_ko": "경상북도",
        "name_nl": "Gyeongsangbuk-do",
        "name_pl": "Gyeongsang Północny",
        "name_pt": "Gyeongsang do Norte",
        "name_ru": "Кёнсан-Пукто",
        "name_sv": "Norra Gyeongsang",
        "name_tr": "Kuzey Gyeongsang",
        "name_vi": "Gyeongsang Bắc",
        "name_zh": "庆尚北道",
        "ne_id": 1159313537,
        "name_he": "צפון גיאונגסאנג",
        "name_uk": "Північна провінція Кьонсан",
        "name_ur": "شمالی گیئونگسانگ صوبہ",
        "name_fa": "جئونسانگبوک-دو",
        "name_zht": "慶尚北道",
        "FCLASS_ISO": null,
        "FCLASS_US": null,
        "FCLASS_FR": null,
        "FCLASS_RU": null,
        "FCLASS_ES": null,
        "FCLASS_CN": null,
        "FCLASS_TW": null,
        "FCLASS_IN": null,
        "FCLASS_NP": null,
        "FCLASS_PK": null,
        "FCLASS_DE": null,
        "FCLASS_GB": null,
        "FCLASS_BR": null,
        "FCLASS_IL": null,
        "FCLASS_PS": null,
        "FCLASS_SA": null,
        "FCLASS_EG": null,
        "FCLASS_MA": null,
        "FCLASS_PT": null,
        "FCLASS_AR": null,
        "FCLASS_JP": null,
        "FCLASS_KO": null,
        "FCLASS_VN": null,
        "FCLASS_TR": null,
        "FCLASS_ID": null,
        "FCLASS_PL": null,
        "FCLASS_GR": null,
        "FCLASS_IT": null,
        "FCLASS_NL": null,
        "FCLASS_SE": null,
        "FCLASS_BD": null,
        "FCLASS_UA": null,
        "FCLASS_TLC": null
      },
      "bbox": [
        127.788717,
        35.530183,
        130.920665,
        37.545844
      ],
      "geometry": {
        "type": "MultiPolygon",
        "coordinates": [
          [
            [
              [
                129.422618,
                36.616645
              ],
              [
                129.422862,
                36.614976
              ],
              [
                129.427989,
                36.57567
              ],
              [
                129.441661,
                36.534654
              ],
              [
                129.447113,
                36.493313
              ],
              [
                129.440929,
                36.407945
              ],
              [
                129.434825,
                36.389594
              ],
              [
                129.403901,
                36.359442
              ],
              [
                129.391856,
                36.342475
              ],
              [
                129.386567,
                36.322699
              ],
              [
                129.382335,
                36.20185
              ],
              [
                129.385753,
                36.185452
              ],
              [
                129.391856,
                36.176337
              ],
              [
                129.398529,
                36.172675
              ],
              [
                129.403901,
                36.167629
              ],
              [
                129.409679,
                36.133612
              ],
              [
                129.417084,
                36.107571
              ],
              [
                129.425141,
                36.103013
              ],
              [
                129.430512,
                36.097398
              ],
              [
                129.426768,
                36.081773
              ],
              [
                129.418712,
                36.072984
              ],
              [
                129.408295,
                36.068915
              ],
              [
                129.398448,
                36.066311
              ],
              [
                129.381783,
                36.055175
              ],
              [
                129.380859,
                36.041487
              ],
              [
                129.401937,
                36.02566
              ],
              [
                129.417081,
                36.011913
              ],
              [
                129.433051,
                35.996108
              ],
              [
                129.453331,
                35.993287
              ],
              [
                129.479015,
                36.009589
              ],
              [
                129.542572,
                36.065904
              ],
              [
                129.554795,
                36.082478
              ],
              [
                129.5713,
                36.071845
              ],
              [
                129.574962,
                36.054674
              ],
              [
                129.582042,
                36.036811
              ],
              [
                129.58725,
                36.016913
              ],
              [
                129.571644,
                35.997124
              ],
              [
                129.53559,
                35.939036
              ],
              [
                129.532839,
                35.913013
              ],
              [
                129.522134,
                35.844552
              ],
              [
                129.496216,
                35.785074
              ],
              [
                129.497651,
                35.74787
              ],
              [
                129.471126,
                35.683222
              ],
              [
                129.451576,
                35.651802
              ],
              [
                129.443053,
                35.63609
              ],
              [
                129.451376,
                35.618243
              ],
              [
                129.459056,
                35.610784
              ],
              [
                129.458176,
                35.610592
              ],
              [
                129.379008,
                35.626353
              ],
              [
                129.28599,
                35.612684
              ],
              [
                129.269247,
                35.616224
              ],
              [
                129.256845,
                35.623485
              ],
              [
                129.254364,
                35.636817
              ],
              [
                129.253847,
                35.651752
              ],
              [
                129.244649,
                35.664051
              ],
              [
                129.209406,
                35.676401
              ],
              [
                129.175506,
                35.682189
              ],
              [
                129.140883,
                35.677926
              ],
              [
                129.098611,
                35.665911
              ],
              [
                129.064918,
                35.644646
              ],
              [
                129.070396,
                35.630642
              ],
              [
                129.080008,
                35.617723
              ],
              [
                129.073703,
                35.607904
              ],
              [
                129.058304,
                35.607594
              ],
              [
                129.032569,
                35.595373
              ],
              [
                129.008488,
                35.579508
              ],
              [
                128.980479,
                35.571886
              ],
              [
                128.951023,
                35.583177
              ],
              [
                128.912576,
                35.590954
              ],
              [
                128.876403,
                35.578862
              ],
              [
                128.86493,
                35.566796
              ],
              [
                128.851185,
                35.557106
              ],
              [
                128.836715,
                35.555556
              ],
              [
                128.822349,
                35.551215
              ],
              [
                128.789793,
                35.530183
              ],
              [
                128.752483,
                35.531062
              ],
              [
                128.72127,
                35.544446
              ],
              [
                128.68861,
                35.552585
              ],
              [
                128.651197,
                35.547133
              ],
              [
                128.61492,
                35.5438
              ],
              [
                128.583604,
                35.559949
              ],
              [
                128.558386,
                35.585012
              ],
              [
                128.550118,
                35.640305
              ],
              [
                128.52707,
                35.625784
              ],
              [
                128.502369,
                35.59713
              ],
              [
                128.47498,
                35.601652
              ],
              [
                128.421443,
                35.579276
              ],
              [
                128.393021,
                35.583926
              ],
              [
                128.36739,
                35.599584
              ],
              [
                128.340311,
                35.610178
              ],
              [
                128.311476,
                35.614106
              ],
              [
                128.281297,
                35.610643
              ],
              [
                128.219595,
                35.612762
              ],
              [
                128.203886,
                35.658961
              ],
              [
                128.215874,
                35.681517
              ],
              [
                128.216495,
                35.705108
              ],
              [
                128.203162,
                35.717846
              ],
              [
                128.187762,
                35.725597
              ],
              [
                128.184352,
                35.734202
              ],
              [
                128.178771,
                35.743555
              ],
              [
                128.156653,
                35.756267
              ],
              [
                128.143321,
                35.776835
              ],
              [
                128.124304,
                35.793629
              ],
              [
                128.098466,
                35.800709
              ],
              [
                128.070147,
                35.800502
              ],
              [
                128.041415,
                35.802311
              ],
              [
                128.025188,
                35.811199
              ],
              [
                128.012063,
                35.820139
              ],
              [
                127.98178,
                35.822052
              ],
              [
                127.973615,
                35.824274
              ],
              [
                127.965554,
                35.827245
              ],
              [
                127.961523,
                35.835332
              ],
              [
                127.960696,
                35.843239
              ],
              [
                127.951498,
                35.849595
              ],
              [
                127.942196,
                35.855279
              ],
              [
                127.921939,
                35.86484
              ],
              [
                127.913877,
                35.88706
              ],
              [
                127.918528,
                35.950752
              ],
              [
                127.877601,
                36.007363
              ],
              [
                127.901888,
                36.017001
              ],
              [
                127.927003,
                36.023822
              ],
              [
                127.942506,
                36.048317
              ],
              [
                127.950878,
                36.073974
              ],
              [
                127.958629,
                36.085136
              ],
              [
                127.968241,
                36.094567
              ],
              [
                127.970411,
                36.111026
              ],
              [
                127.970205,
                36.12472
              ],
              [
                127.964624,
                36.151592
              ],
              [
                127.988808,
                36.168335
              ],
              [
                128.012786,
                36.164744
              ],
              [
                128.034077,
                36.16371
              ],
              [
                128.022708,
                36.215852
              ],
              [
                128.000074,
                36.229339
              ],
              [
                127.949017,
                36.219443
              ],
              [
                127.929587,
                36.226885
              ],
              [
                127.901268,
                36.245979
              ],
              [
                127.877084,
                36.252361
              ],
              [
                127.83688,
                36.244713
              ],
              [
                127.830885,
                36.29223
              ],
              [
                127.853003,
                36.307655
              ],
              [
                127.867369,
                36.330703
              ],
              [
                127.85631,
                36.34649
              ],
              [
                127.850005,
                36.363724
              ],
              [
                127.856,
                36.387753
              ],
              [
                127.860031,
                36.442246
              ],
              [
                127.869952,
                36.465113
              ],
              [
                127.888143,
                36.479402
              ],
              [
                127.839153,
                36.536633
              ],
              [
                127.799983,
                36.541982
              ],
              [
                127.788717,
                36.564849
              ],
              [
                127.803497,
                36.570378
              ],
              [
                127.818173,
                36.572522
              ],
              [
                127.832642,
                36.584977
              ],
              [
                127.855173,
                36.60929
              ],
              [
                127.860754,
                36.619496
              ],
              [
                127.860134,
                36.628824
              ],
              [
                127.862718,
                36.64071
              ],
              [
                127.893827,
                36.657685
              ],
              [
                127.92876,
                36.670992
              ],
              [
                127.950464,
                36.696985
              ],
              [
                127.988602,
                36.683704
              ],
              [
                128.059502,
                36.674661
              ],
              [
                128.044929,
                36.69714
              ],
              [
                128.025809,
                36.716932
              ],
              [
                128.032526,
                36.737448
              ],
              [
                128.045032,
                36.759307
              ],
              [
                128.057124,
                36.77574
              ],
              [
                128.073144,
                36.767239
              ],
              [
                128.093091,
                36.768609
              ],
              [
                128.109524,
                36.78636
              ],
              [
                128.126578,
                36.79517
              ],
              [
                128.142701,
                36.786825
              ],
              [
                128.173603,
                36.778117
              ],
              [
                128.202439,
                36.776308
              ],
              [
                128.209467,
                36.792793
              ],
              [
                128.214428,
                36.808374
              ],
              [
                128.224866,
                36.821577
              ],
              [
                128.237889,
                36.831887
              ],
              [
                128.250911,
                36.820182
              ],
              [
                128.267551,
                36.810673
              ],
              [
                128.291115,
                36.794318
              ],
              [
                128.305998,
                36.770159
              ],
              [
                128.341655,
                36.760754
              ],
              [
                128.425371,
                36.788969
              ],
              [
                128.44015,
                36.828217
              ],
              [
                128.426921,
                36.837984
              ],
              [
                128.419893,
                36.847777
              ],
              [
                128.432605,
                36.866432
              ],
              [
                128.443044,
                36.885242
              ],
              [
                128.465058,
                36.910435
              ],
              [
                128.495961,
                36.927979
              ],
              [
                128.504746,
                36.940717
              ],
              [
                128.517148,
                36.948985
              ],
              [
                128.537819,
                36.954179
              ],
              [
                128.554458,
                36.967098
              ],
              [
                128.579883,
                36.984099
              ],
              [
                128.602931,
                37.003633
              ],
              [
                128.612646,
                37.008594
              ],
              [
                128.624532,
                37.004925
              ],
              [
                128.638071,
                37.011178
              ],
              [
                128.650267,
                37.022262
              ],
              [
                128.675898,
                37.011385
              ],
              [
                128.700599,
                37.003091
              ],
              [
                128.730468,
                36.997949
              ],
              [
                128.755997,
                36.996037
              ],
              [
                128.761888,
                37.017405
              ],
              [
                128.765092,
                37.040375
              ],
              [
                128.758477,
                37.064973
              ],
              [
                128.776667,
                37.082698
              ],
              [
                128.803849,
                37.092878
              ],
              [
                128.831134,
                37.091173
              ],
              [
                128.84519,
                37.071458
              ],
              [
                128.864517,
                37.067919
              ],
              [
                128.88188,
                37.06102
              ],
              [
                128.8794,
                37.043631
              ],
              [
                128.881674,
                37.026112
              ],
              [
                128.911646,
                37.035517
              ],
              [
                128.940068,
                37.053217
              ],
              [
                128.952264,
                37.04916
              ],
              [
                128.960739,
                37.040091
              ],
              [
                128.971694,
                37.039006
              ],
              [
                128.984923,
                37.043321
              ],
              [
                129.024094,
                37.03805
              ],
              [
                129.060991,
                37.02451
              ],
              [
                129.087139,
                37.029807
              ],
              [
                129.114321,
                37.041279
              ],
              [
                129.148531,
                37.034897
              ],
              [
                129.179743,
                37.01986
              ],
              [
                129.189458,
                36.996812
              ],
              [
                129.165791,
                36.982652
              ],
              [
                129.136645,
                36.991877
              ],
              [
                129.117938,
                36.98627
              ],
              [
                129.100885,
                36.975935
              ],
              [
                129.09365,
                36.95113
              ],
              [
                129.098095,
                36.918729
              ],
              [
                129.118662,
                36.893821
              ],
              [
                129.151631,
                36.881315
              ],
              [
                129.158969,
                36.860024
              ],
              [
                129.168374,
                36.841628
              ],
              [
                129.191319,
                36.833747
              ],
              [
                129.212816,
                36.823954
              ],
              [
                129.286093,
                36.819562
              ],
              [
                129.282063,
                36.79685
              ],
              [
                129.290641,
                36.790313
              ],
              [
                129.298496,
                36.782871
              ],
              [
                129.287747,
                36.757705
              ],
              [
                129.274415,
                36.731143
              ],
              [
                129.277102,
                36.703135
              ],
              [
                129.285887,
                36.678407
              ],
              [
                129.288987,
                36.656083
              ],
              [
                129.277929,
                36.632286
              ],
              [
                129.347175,
                36.611745
              ],
              [
                129.379214,
                36.62314
              ],
              [
                129.412597,
                36.61699
              ],
              [
                129.422618,
                36.616645
              ]
            ],
            [
              [
                128.74132,
                35.84882
              ],
              [
                128.756927,
                35.861894
              ],
              [
                128.762301,
                35.877707
              ],
              [
                128.761784,
                35.894631
              ],
              [
                128.759717,
                35.910496
              ],
              [
                128.748969,
                35.917911
              ],
              [
                128.740907,
                35.92773
              ],
              [
                128.740597,
                35.953
              ],
              [
                128.745455,
                35.959666
              ],
              [
                128.745971,
                35.967572
              ],
              [
                128.733259,
                35.985504
              ],
              [
                128.693158,
                36.009327
              ],
              [
                128.640345,
                36.006536
              ],
              [
                128.576679,
                35.999612
              ],
              [
                128.529654,
                35.967986
              ],
              [
                128.535958,
                35.922407
              ],
              [
                128.518802,
                35.907111
              ],
              [
                128.508053,
                35.887448
              ],
              [
                128.517561,
                35.886182
              ],
              [
                128.526346,
                35.883546
              ],
              [
                128.524486,
                35.873573
              ],
              [
                128.520249,
                35.864116
              ],
              [
                128.504126,
                35.861972
              ],
              [
                128.489139,
                35.861894
              ],
              [
                128.47529,
                35.84621
              ],
              [
                128.481285,
                35.827736
              ],
              [
                128.496788,
                35.822827
              ],
              [
                128.51136,
                35.811199
              ],
              [
                128.523246,
                35.792544
              ],
              [
                128.540919,
                35.780917
              ],
              [
                128.553218,
                35.774458
              ],
              [
                128.562417,
                35.768282
              ],
              [
                128.570065,
                35.773579
              ],
              [
                128.584327,
                35.793836
              ],
              [
                128.59859,
                35.802983
              ],
              [
                128.63094,
                35.800347
              ],
              [
                128.688714,
                35.788126
              ],
              [
                128.711038,
                35.799107
              ],
              [
                128.714035,
                35.808486
              ],
              [
                128.714139,
                35.814946
              ],
              [
                128.723544,
                35.834945
              ],
              [
                128.724887,
                35.843394
              ],
              [
                128.724371,
                35.849957
              ],
              [
                128.733776,
                35.850629
              ],
              [
                128.74132,
                35.84882
              ]
            ]
          ],
          [
            [
              [
                130.903575,
                37.545844
              ],
              [
                130.920665,
                37.53559
              ],
              [
                130.919444,
                37.510199
              ],
              [
                130.908376,
                37.48192
              ],
              [
                130.896739,
                37.463121
              ],
              [
                130.877696,
                37.455512
              ],
              [
                130.852224,
                37.459459
              ],
              [
                130.827485,
                37.471259
              ],
              [
                130.811046,
                37.487006
              ],
              [
                130.805837,
                37.507392
              ],
              [
                130.814301,
                37.52261
              ],
              [
                130.832286,
                37.532131
              ],
              [
                130.867849,
                37.536933
              ],
              [
                130.891612,
                37.543891
              ],
              [
                130.903575,
                37.545844
              ]
            ]
          ]
        ]
      }
    },
    {
      "type": "Feature",
      "properties": {
        "featurecla": "Admin-1 states provinces",
        "scalerank": 6,
        "adm1_code": "PRK-3311",
        "diss_me": 3311,
        "iso_3166_2": "KP-08",
        "wikipedia": null,
        "iso_a2": "KP",
        "adm0_sr": 1,
        "name": "Hamgyŏng-namdo",
        "name_alt": "South Hamgyong|Kankyo Nan-do",
        "name_local": "함경남도",
        "type": "Do",
        "type_en": "Province",
        "code_local": null,
        "code_hasc": "KP.HN",
        "note": null,
        "hasc_maybe": null,
        "region": null,
        "region_cod": null,
        "provnum_ne": 20001,
        "gadm_level": 1,
        "check_me": 10,
        "datarank": 6,
        "abbrev": null,
        "postal": "HN",
        "area_sqkm": 0,
        "sameascity": -99,
        "labelrank": 6,
        "name_len": 14,
        "mapcolor9": 3,
        "mapcolor13": 9,
        "fips": "KN03",
        "fips_alt": "KN03",
        "woe_id": 2345951,
        "woe_label": "Hamgyong-namdo, KP, North Korea",
        "woe_name": "Hamgyŏng-namdo",
        "latitude": 40.234,
        "longitude": 127.922,
        "sov_a3": "PRK",
        "adm0_a3": "PRK",
        "adm0_label": 2,
        "admin": "North Korea",
        "geonunit": "North Korea",
        "gu_a3": "PRK",
        "gn_id": 1877450,
        "gn_name": "Hamnam",
        "gns_id": -175209,
        "gns_name": "Hamgyong-namdo",
        "gn_level": 1,
        "gn_region": null,
        "gn_a1_code": "KP.03",
        "region_sub": null,
        "sub_code": null,
        "gns_level": 1,
        "gns_lang": "kor",
        "gns_adm1": "KN03",
        "gns_region": null,
        "min_label": 8,
        "max_label": 11,
        "min_zoom": 8,
        "wikidataid": "Q109368",
        "name_ar": "محافظة هامغيونغ الجنوبية",
        "name_bn": "দক্ষিন হ্যামইয়ং প্রদেশ",
        "name_de": "Hamgyŏng-namdo",
        "name_en": "South Hamgyong",
        "name_es": "Hamgyŏng del Sur",
        "name_fr": "Hamgyŏng du Sud",
        "name_el": "Χάμγκιονγκναμ-ντο",
        "name_hi": "दक्षिण हमग्योंग प्रांत",
        "name_hu": "Dél-Hamgjong",
        "name_id": "Hamgyong Selatan",
        "name_it": "Sud Hamgyong",
        "name_ja": "咸鏡南道",
        "name_ko": "함경남도",
        "name_nl": "Hamgyŏng-namdo",
        "name_pl": "Hamgyŏng Południowy",
        "name_pt": "Hamgyong Sul",
        "name_ru": "Хамгён-Намдо",
        "name_sv": "Södra Hamgyong",
        "name_tr": "Güney Hamgyong",
        "name_vi": "Hamgyong Nam",
        "name_zh": "咸镜南道",
        "ne_id": 1159315285,
        "name_he": "המגיונג-נאמדו",
        "name_uk": "Південна провінція Хамгьон",
        "name_ur": "جنوبی ہامگیونگ صوبہ",
        "name_fa": "استان هامگیونگ جنوبی",
        "name_zht": "咸鏡南道",
        "FCLASS_ISO": null,
        "FCLASS_US": null,
        "FCLASS_FR": null,
        "FCLASS_RU": null,
        "FCLASS_ES": null,
        "FCLASS_CN": null,
        "FCLASS_TW": null,
        "FCLASS_IN": null,
        "FCLASS_NP": null,
        "FCLASS_PK": null,
        "FCLASS_DE": null,
        "FCLASS_GB": null,
        "FCLASS_BR": null,
        "FCLASS_IL": null,
        "FCLASS_PS": null,
        "FCLASS_SA": null,
        "FCLASS_EG": null,
        "FCLASS_MA": null,
        "FCLASS_PT": null,
        "FCLASS_AR": null,
        "FCLASS_JP": null,
        "FCLASS_KO": null,
        "FCLASS_VN": null,
        "FCLASS_TR": null,
        "FCLASS_ID": null,
        "FCLASS_PL": null,
        "FCLASS_GR": null,
        "FCLASS_IT": null,
        "FCLASS_NL": null,
        "FCLASS_SE": null,
        "FCLASS_BD": null,
        "FCLASS_UA": null,
        "FCLASS_TLC": null
      },
      "bbox": [
        126.672609,
        39.204403,
        129.160605,
        41.173559
      ],
      "geometry": {
        "type": "Polygon",
        "coordinates": [
          [
            [
              129.160605,
              40.564601
            ],
            [
              129.155312,
              40.556635
            ],
            [
              129.150899,
              40.545897
            ],
            [
              129.115066,
              40.511165
            ],
            [
              129.077564,
              40.472565
            ],
            [
              129.030116,
              40.47397
            ],
            [
              128.975812,
              40.459933
            ],
            [
              128.899755,
              40.398165
            ],
            [
              128.860532,
              40.371848
            ],
            [
              128.830534,
              40.367387
            ],
            [
              128.813567,
              40.35498
            ],
            [
              128.780974,
              40.347025
            ],
            [
              128.764042,
              40.34653
            ],
            [
              128.752005,
              40.335095
            ],
            [
              128.721645,
              40.338947
            ],
            [
              128.687808,
              40.331197
            ],
            [
              128.669669,
              40.310771
            ],
            [
              128.656655,
              40.310763
            ],
            [
              128.65534,
              40.320177
            ],
            [
              128.636489,
              40.313217
            ],
            [
              128.618948,
              40.297331
            ],
            [
              128.616447,
              40.271443
            ],
            [
              128.628792,
              40.266009
            ],
            [
              128.656722,
              40.25714
            ],
            [
              128.66063,
              40.247722
            ],
            [
              128.66778,
              40.240309
            ],
            [
              128.662599,
              40.225413
            ],
            [
              128.664561,
              40.201239
            ],
            [
              128.650931,
              40.197148
            ],
            [
              128.641847,
              40.190693
            ],
            [
              128.634713,
              40.184239
            ],
            [
              128.628875,
              40.180266
            ],
            [
              128.621732,
              40.180756
            ],
            [
              128.608103,
              40.185702
            ],
            [
              128.588611,
              40.186673
            ],
            [
              128.577607,
              40.180211
            ],
            [
              128.543199,
              40.166767
            ],
            [
              128.536093,
              40.151375
            ],
            [
              128.527681,
              40.143424
            ],
            [
              128.510189,
              40.135456
            ],
            [
              128.479799,
              40.134749
            ],
            [
              128.466266,
              40.124374
            ],
            [
              128.448563,
              40.1095
            ],
            [
              128.434946,
              40.104002
            ],
            [
              128.411388,
              40.096381
            ],
            [
              128.391844,
              40.099577
            ],
            [
              128.364765,
              40.09689
            ],
            [
              128.337765,
              40.067048
            ],
            [
              128.327753,
              40.028216
            ],
            [
              128.302094,
              40.033433
            ],
            [
              128.280132,
              40.065477
            ],
            [
              128.263444,
              40.077105
            ],
            [
              128.236322,
              40.067904
            ],
            [
              128.227837,
              40.056206
            ],
            [
              128.234386,
              40.029364
            ],
            [
              128.225108,
              40.027574
            ],
            [
              128.203217,
              40.029608
            ],
            [
              128.19337,
              40.029364
            ],
            [
              128.182384,
              40.026109
            ],
            [
              128.164317,
              40.017971
            ],
            [
              128.155121,
              40.016303
            ],
            [
              128.146821,
              40.018297
            ],
            [
              128.143565,
              40.022854
            ],
            [
              128.139415,
              40.02733
            ],
            [
              128.006847,
              40.045152
            ],
            [
              128.002289,
              40.040473
            ],
            [
              128.000987,
              40.025946
            ],
            [
              127.997813,
              40.020413
            ],
            [
              127.989757,
              40.014838
            ],
            [
              127.979828,
              40.010565
            ],
            [
              127.970551,
              40.008857
            ],
            [
              127.963715,
              40.004096
            ],
            [
              127.947276,
              39.981635
            ],
            [
              127.940033,
              39.974758
            ],
            [
              127.930268,
              39.97191
            ],
            [
              127.906659,
              39.983942
            ],
            [
              127.891038,
              39.961225
            ],
            [
              127.891263,
              39.943831
            ],
            [
              127.884044,
              39.902086
            ],
            [
              127.874604,
              39.892808
            ],
            [
              127.78183,
              39.885403
            ],
            [
              127.796397,
              39.875637
            ],
            [
              127.794037,
              39.865668
            ],
            [
              127.762438,
              39.853534
            ],
            [
              127.727383,
              39.857189
            ],
            [
              127.69575,
              39.848201
            ],
            [
              127.679629,
              39.816439
            ],
            [
              127.663291,
              39.806801
            ],
            [
              127.648699,
              39.820897
            ],
            [
              127.623749,
              39.830935
            ],
            [
              127.607188,
              39.810248
            ],
            [
              127.593028,
              39.80622
            ],
            [
              127.57602,
              39.796291
            ],
            [
              127.56186,
              39.784003
            ],
            [
              127.549408,
              39.761054
            ],
            [
              127.520844,
              39.746975
            ],
            [
              127.514415,
              39.738593
            ],
            [
              127.512462,
              39.731106
            ],
            [
              127.503754,
              39.715522
            ],
            [
              127.501313,
              39.707221
            ],
            [
              127.50172,
              39.698472
            ],
            [
              127.506358,
              39.683783
            ],
            [
              127.508556,
              39.660061
            ],
            [
              127.512218,
              39.649482
            ],
            [
              127.518565,
              39.644843
            ],
            [
              127.528087,
              39.645819
            ],
            [
              127.552745,
              39.636786
            ],
            [
              127.570323,
              39.617865
            ],
            [
              127.574555,
              39.595038
            ],
            [
              127.53677,
              39.552012
            ],
            [
              127.520439,
              39.510465
            ],
            [
              127.535411,
              39.443752
            ],
            [
              127.562999,
              39.343736
            ],
            [
              127.562104,
              39.31623
            ],
            [
              127.554454,
              39.305976
            ],
            [
              127.543468,
              39.301947
            ],
            [
              127.53183,
              39.305121
            ],
            [
              127.521821,
              39.31623
            ],
            [
              127.5206,
              39.329413
            ],
            [
              127.526947,
              39.344224
            ],
            [
              127.542247,
              39.371487
            ],
            [
              127.507579,
              39.409247
            ],
            [
              127.503998,
              39.422838
            ],
            [
              127.495128,
              39.433417
            ],
            [
              127.482921,
              39.436998
            ],
            [
              127.469981,
              39.429755
            ],
            [
              127.44044,
              39.407864
            ],
            [
              127.438075,
              39.405172
            ],
            [
              127.424398,
              39.409843
            ],
            [
              127.41768,
              39.410592
            ],
            [
              127.410962,
              39.410592
            ],
            [
              127.403211,
              39.409404
            ],
            [
              127.378199,
              39.410489
            ],
            [
              127.330037,
              39.405347
            ],
            [
              127.280428,
              39.412504
            ],
            [
              127.247355,
              39.413899
            ],
            [
              127.196919,
              39.407698
            ],
            [
              127.160435,
              39.412478
            ],
            [
              127.152994,
              39.412168
            ],
            [
              127.146069,
              39.410799
            ],
            [
              127.138731,
              39.407957
            ],
            [
              127.130669,
              39.403616
            ],
            [
              127.121264,
              39.396846
            ],
            [
              127.114546,
              39.391033
            ],
            [
              127.109482,
              39.38341
            ],
            [
              127.106175,
              39.374961
            ],
            [
              127.101007,
              39.343361
            ],
            [
              127.094186,
              39.322174
            ],
            [
              127.093152,
              39.315249
            ],
            [
              127.092325,
              39.302278
            ],
            [
              127.090362,
              39.295457
            ],
            [
              127.085814,
              39.288842
            ],
            [
              127.075169,
              39.281763
            ],
            [
              127.066591,
              39.278456
            ],
            [
              127.037135,
              39.271789
            ],
            [
              127.031657,
              39.266363
            ],
            [
              127.029074,
              39.257992
            ],
            [
              127.032381,
              39.242127
            ],
            [
              127.039305,
              39.225151
            ],
            [
              127.039409,
              39.219079
            ],
            [
              127.037548,
              39.212258
            ],
            [
              127.025249,
              39.204403
            ],
            [
              127.003752,
              39.213343
            ],
            [
              126.999308,
              39.214558
            ],
            [
              126.99383,
              39.21541
            ],
            [
              126.979257,
              39.215824
            ],
            [
              126.950835,
              39.211431
            ],
            [
              126.943601,
              39.21138
            ],
            [
              126.936366,
              39.212697
            ],
            [
              126.929441,
              39.215488
            ],
            [
              126.92448,
              39.220113
            ],
            [
              126.92324,
              39.225849
            ],
            [
              126.925411,
              39.233445
            ],
            [
              126.930061,
              39.245357
            ],
            [
              126.930992,
              39.252049
            ],
            [
              126.930061,
              39.259904
            ],
            [
              126.926031,
              39.270187
            ],
            [
              126.921173,
              39.27706
            ],
            [
              126.915075,
              39.282099
            ],
            [
              126.908874,
              39.284838
            ],
            [
              126.901846,
              39.28644
            ],
            [
              126.894198,
              39.286982
            ],
            [
              126.886653,
              39.286569
            ],
            [
              126.879419,
              39.284889
            ],
            [
              126.872804,
              39.281556
            ],
            [
              126.861952,
              39.272513
            ],
            [
              126.856164,
              39.2698
            ],
            [
              126.85048,
              39.27011
            ],
            [
              126.846139,
              39.273805
            ],
            [
              126.843555,
              39.278869
            ],
            [
              126.840144,
              39.289876
            ],
            [
              126.837871,
              39.294992
            ],
            [
              126.834977,
              39.300056
            ],
            [
              126.830739,
              39.304862
            ],
            [
              126.825778,
              39.308635
            ],
            [
              126.821128,
              39.311115
            ],
            [
              126.81813,
              39.312304
            ],
            [
              126.81379,
              39.313389
            ],
            [
              126.810276,
              39.313983
            ],
            [
              126.796323,
              39.314474
            ],
            [
              126.788778,
              39.313389
            ],
            [
              126.781853,
              39.311658
            ],
            [
              126.749091,
              39.299229
            ],
            [
              126.743716,
              39.298248
            ],
            [
              126.737308,
              39.297834
            ],
            [
              126.729867,
              39.298454
            ],
            [
              126.722632,
              39.300573
            ],
            [
              126.715604,
              39.304035
            ],
            [
              126.709093,
              39.309074
            ],
            [
              126.704132,
              39.314319
            ],
            [
              126.700101,
              39.320003
            ],
            [
              126.697621,
              39.325352
            ],
            [
              126.697724,
              39.337341
            ],
            [
              126.700825,
              39.35442
            ],
            [
              126.721702,
              39.420049
            ],
            [
              126.736688,
              39.450848
            ],
            [
              126.738239,
              39.457127
            ],
            [
              126.737929,
              39.464465
            ],
            [
              126.733588,
              39.474981
            ],
            [
              126.728007,
              39.481647
            ],
            [
              126.721392,
              39.486918
            ],
            [
              126.714364,
              39.490897
            ],
            [
              126.689663,
              39.508648
            ],
            [
              126.679327,
              39.518596
            ],
            [
              126.6754,
              39.524048
            ],
            [
              126.672816,
              39.529293
            ],
            [
              126.672609,
              39.537354
            ],
            [
              126.67478,
              39.547664
            ],
            [
              126.683668,
              39.566035
            ],
            [
              126.690903,
              39.575259
            ],
            [
              126.698344,
              39.582158
            ],
            [
              126.704752,
              39.586344
            ],
            [
              126.710023,
              39.592209
            ],
            [
              126.713227,
              39.599676
            ],
            [
              126.713744,
              39.611019
            ],
            [
              126.712814,
              39.61859
            ],
            [
              126.710643,
              39.624998
            ],
            [
              126.702892,
              39.640811
            ],
            [
              126.702272,
              39.647451
            ],
            [
              126.704132,
              39.654892
            ],
            [
              126.711263,
              39.66515
            ],
            [
              126.750021,
              39.697448
            ],
            [
              126.752708,
              39.701763
            ],
            [
              126.753741,
              39.706956
            ],
            [
              126.751468,
              39.713674
            ],
            [
              126.74816,
              39.716362
            ],
            [
              126.742476,
              39.717809
            ],
            [
              126.735345,
              39.718558
            ],
            [
              126.728007,
              39.719979
            ],
            [
              126.722322,
              39.722769
            ],
            [
              126.719325,
              39.728712
            ],
            [
              126.721185,
              39.736929
            ],
            [
              126.734725,
              39.758013
            ],
            [
              126.751468,
              39.776875
            ],
            [
              126.754672,
              39.782094
            ],
            [
              126.757669,
              39.787882
            ],
            [
              126.771415,
              39.824417
            ],
            [
              126.776272,
              39.83315
            ],
            [
              126.782164,
              39.839868
            ],
            [
              126.788261,
              39.844132
            ],
            [
              126.794876,
              39.847723
            ],
            [
              126.802007,
              39.850927
            ],
            [
              126.815547,
              39.85488
            ],
            [
              126.871047,
              39.865706
            ],
            [
              126.935332,
              39.865706
            ],
            [
              126.950732,
              39.863329
            ],
            [
              126.963858,
              39.859402
            ],
            [
              126.969749,
              39.856715
            ],
            [
              126.975847,
              39.852529
            ],
            [
              126.980498,
              39.847542
            ],
            [
              126.99352,
              39.830928
            ],
            [
              126.998171,
              39.827337
            ],
            [
              127.002098,
              39.826174
            ],
            [
              127.0083,
              39.826122
            ],
            [
              127.014707,
              39.828499
            ],
            [
              127.020805,
              39.831962
            ],
            [
              127.029384,
              39.84054
            ],
            [
              127.035275,
              39.843822
            ],
            [
              127.042716,
              39.845294
            ],
            [
              127.082714,
              39.847878
            ],
            [
              127.089122,
              39.850307
            ],
            [
              127.095013,
              39.853976
            ],
            [
              127.099664,
              39.858834
            ],
            [
              127.103178,
              39.863562
            ],
            [
              127.109069,
              39.873458
            ],
            [
              127.111446,
              39.879349
            ],
            [
              127.112893,
              39.88586
            ],
            [
              127.111446,
              39.896041
            ],
            [
              127.107208,
              39.90542
            ],
            [
              127.077443,
              39.947149
            ],
            [
              127.073102,
              39.956037
            ],
            [
              127.06101,
              39.995518
            ],
            [
              127.058219,
              40.008463
            ],
            [
              127.057806,
              40.014044
            ],
            [
              127.058529,
              40.019625
            ],
            [
              127.062767,
              40.024146
            ],
            [
              127.069071,
              40.026317
            ],
            [
              127.076512,
              40.027764
            ],
            [
              127.082404,
              40.030063
            ],
            [
              127.085711,
              40.035205
            ],
            [
              127.085297,
              40.042078
            ],
            [
              127.083024,
              40.05231
            ],
            [
              127.083024,
              40.0597
            ],
            [
              127.085194,
              40.065591
            ],
            [
              127.089225,
              40.069906
            ],
            [
              127.093256,
              40.073006
            ],
            [
              127.162192,
              40.115485
            ],
            [
              127.172424,
              40.125381
            ],
            [
              127.175731,
              40.130497
            ],
            [
              127.177695,
              40.135974
            ],
            [
              127.178212,
              40.141943
            ],
            [
              127.177902,
              40.147963
            ],
            [
              127.172734,
              40.155095
            ],
            [
              127.163122,
              40.162691
            ],
            [
              127.125915,
              40.1807
            ],
            [
              127.115993,
              40.187211
            ],
            [
              127.110412,
              40.19703
            ],
            [
              127.106278,
              40.211344
            ],
            [
              127.102144,
              40.239689
            ],
            [
              127.102247,
              40.240929
            ],
            [
              127.104728,
              40.247337
            ],
            [
              127.110412,
              40.257879
            ],
            [
              127.112273,
              40.263253
            ],
            [
              127.112893,
              40.268524
            ],
            [
              127.111963,
              40.273537
            ],
            [
              127.109792,
              40.278756
            ],
            [
              127.104728,
              40.284802
            ],
            [
              127.056875,
              40.320717
            ],
            [
              127.048401,
              40.325549
            ],
            [
              127.034965,
              40.330484
            ],
            [
              127.016464,
              40.334928
            ],
            [
              127.003029,
              40.336582
            ],
            [
              126.911975,
              40.334748
            ],
            [
              126.911561,
              40.348494
            ],
            [
              126.913628,
              40.366787
            ],
            [
              126.917969,
              40.384848
            ],
            [
              126.923964,
              40.401462
            ],
            [
              126.942567,
              40.425181
            ],
            [
              126.966855,
              40.444896
            ],
            [
              126.985149,
              40.466083
            ],
            [
              126.986079,
              40.494221
            ],
            [
              126.979774,
              40.531118
            ],
            [
              126.99228,
              40.54799
            ],
            [
              127.016878,
              40.558041
            ],
            [
              127.047264,
              40.5745
            ],
            [
              127.062456,
              40.585895
            ],
            [
              127.075892,
              40.594293
            ],
            [
              127.090568,
              40.600313
            ],
            [
              127.109172,
              40.604499
            ],
            [
              127.15351,
              40.609046
            ],
            [
              127.165913,
              40.613671
            ],
            [
              127.18431,
              40.636435
            ],
            [
              127.199192,
              40.695139
            ],
            [
              127.22038,
              40.718135
            ],
            [
              127.298204,
              40.753378
            ],
            [
              127.341509,
              40.763662
            ],
            [
              127.353912,
              40.769682
            ],
            [
              127.364454,
              40.778235
            ],
            [
              127.372412,
              40.789164
            ],
            [
              127.377166,
              40.802419
            ],
            [
              127.375926,
              40.822857
            ],
            [
              127.363937,
              40.83482
            ],
            [
              127.3258,
              40.848721
            ],
            [
              127.303889,
              40.870839
            ],
            [
              127.298824,
              40.905462
            ],
            [
              127.306473,
              40.941532
            ],
            [
              127.323009,
              40.967861
            ],
            [
              127.372825,
              41.009978
            ],
            [
              127.387088,
              41.034136
            ],
            [
              127.391739,
              41.071292
            ],
            [
              127.432873,
              41.064212
            ],
            [
              127.474524,
              41.06199
            ],
            [
              127.494058,
              41.067106
            ],
            [
              127.50522,
              41.079147
            ],
            [
              127.511215,
              41.096097
            ],
            [
              127.515452,
              41.115811
            ],
            [
              127.531679,
              41.145499
            ],
            [
              127.55793,
              41.153561
            ],
            [
              127.625316,
              41.142709
            ],
            [
              127.66149,
              41.129221
            ],
            [
              127.674616,
              41.10483
            ],
            [
              127.673479,
              41.072274
            ],
            [
              127.666864,
              41.034291
            ],
            [
              127.662523,
              41.020132
            ],
            [
              127.654772,
              41.008918
            ],
            [
              127.643506,
              41.001167
            ],
            [
              127.628934,
              40.997239
            ],
            [
              127.598961,
              40.995379
            ],
            [
              127.585422,
              40.98985
            ],
            [
              127.589866,
              40.977964
            ],
            [
              127.614671,
              40.947863
            ],
            [
              127.617771,
              40.922154
            ],
            [
              127.601132,
              40.899261
            ],
            [
              127.539327,
              40.862157
            ],
            [
              127.525581,
              40.85177
            ],
            [
              127.517416,
              40.840634
            ],
            [
              127.519483,
              40.828051
            ],
            [
              127.533022,
              40.823219
            ],
            [
              127.550592,
              40.819369
            ],
            [
              127.564648,
              40.809654
            ],
            [
              127.570332,
              40.796942
            ],
            [
              127.57581,
              40.770122
            ],
            [
              127.580874,
              40.757848
            ],
            [
              127.621492,
              40.703123
            ],
            [
              127.632241,
              40.691625
            ],
            [
              127.643196,
              40.685941
            ],
            [
              127.654668,
              40.681341
            ],
            [
              127.666657,
              40.67328
            ],
            [
              127.675649,
              40.658681
            ],
            [
              127.682057,
              40.621939
            ],
            [
              127.687741,
              40.605894
            ],
            [
              127.695493,
              40.596179
            ],
            [
              127.704381,
              40.590236
            ],
            [
              127.71482,
              40.586929
            ],
            [
              127.727325,
              40.585068
            ],
            [
              127.759158,
              40.584319
            ],
            [
              127.77156,
              40.580004
            ],
            [
              127.765153,
              40.569229
            ],
            [
              127.754714,
              40.557654
            ],
            [
              127.754611,
              40.547784
            ],
            [
              127.758745,
              40.536958
            ],
            [
              127.761122,
              40.522566
            ],
            [
              127.758538,
              40.509104
            ],
            [
              127.752544,
              40.50081
            ],
            [
              127.733733,
              40.484506
            ],
            [
              127.725672,
              40.472439
            ],
            [
              127.722468,
              40.460373
            ],
            [
              127.721538,
              40.433191
            ],
            [
              127.722881,
              40.414174
            ],
            [
              127.729186,
              40.404097
            ],
            [
              127.740968,
              40.401617
            ],
            [
              127.758641,
              40.405544
            ],
            [
              127.823134,
              40.433734
            ],
            [
              127.914291,
              40.489234
            ],
            [
              127.927417,
              40.50236
            ],
            [
              127.936098,
              40.51776
            ],
            [
              127.941886,
              40.533444
            ],
            [
              127.948811,
              40.547009
            ],
            [
              127.958422,
              40.558248
            ],
            [
              127.972582,
              40.567007
            ],
            [
              128.05051,
              40.588169
            ],
            [
              128.065806,
              40.589099
            ],
            [
              128.080379,
              40.586464
            ],
            [
              128.092678,
              40.578996
            ],
            [
              128.118413,
              40.559721
            ],
            [
              128.147041,
              40.549386
            ],
            [
              128.17567,
              40.552125
            ],
            [
              128.201612,
              40.572097
            ],
            [
              128.241299,
              40.618555
            ],
            [
              128.256492,
              40.631887
            ],
            [
              128.303414,
              40.662583
            ],
            [
              128.315197,
              40.675347
            ],
            [
              128.320054,
              40.687078
            ],
            [
              128.325532,
              40.725473
            ],
            [
              128.33132,
              40.73754
            ],
            [
              128.346823,
              40.757771
            ],
            [
              128.35354,
              40.76945
            ],
            [
              128.359225,
              40.786891
            ],
            [
              128.362222,
              40.804099
            ],
            [
              128.364909,
              40.839781
            ],
            [
              128.36863,
              40.857351
            ],
            [
              128.381136,
              40.891251
            ],
            [
              128.38372,
              40.90771
            ],
            [
              128.376381,
              40.934298
            ],
            [
              128.363566,
              40.965355
            ],
            [
              128.358708,
              40.992356
            ],
            [
              128.375038,
              41.006825
            ],
            [
              128.407077,
              41.007885
            ],
            [
              128.443457,
              41.005869
            ],
            [
              128.478908,
              41.007213
            ],
            [
              128.507743,
              41.018323
            ],
            [
              128.520042,
              41.030777
            ],
            [
              128.538335,
              41.058915
            ],
            [
              128.549498,
              41.07155
            ],
            [
              128.566137,
              41.079663
            ],
            [
              128.607168,
              41.090826
            ],
            [
              128.619571,
              41.101445
            ],
            [
              128.623498,
              41.113822
            ],
            [
              128.626599,
              41.13072
            ],
            [
              128.628046,
              41.147618
            ],
            [
              128.627012,
              41.159969
            ],
            [
              128.630216,
              41.172319
            ],
            [
              128.645409,
              41.173559
            ],
            [
              128.687267,
              41.163508
            ],
            [
              128.698636,
              41.163689
            ],
            [
              128.723234,
              41.16927
            ],
            [
              128.738427,
              41.170278
            ],
            [
              128.753206,
              41.167203
            ],
            [
              128.857799,
              41.130668
            ],
            [
              128.895626,
              41.112866
            ],
            [
              128.923325,
              41.088293
            ],
            [
              128.947819,
              41.040725
            ],
            [
              128.955054,
              41.015223
            ],
            [
              128.955571,
              40.988222
            ],
            [
              128.949473,
              40.969748
            ],
            [
              128.926942,
              40.940757
            ],
            [
              128.916917,
              40.924014
            ],
            [
              128.919087,
              40.907788
            ],
            [
              128.93056,
              40.890941
            ],
            [
              128.939241,
              40.874921
            ],
            [
              128.93304,
              40.861098
            ],
            [
              128.919914,
              40.846758
            ],
            [
              128.917847,
              40.831281
            ],
            [
              128.924462,
              40.815442
            ],
            [
              128.937277,
              40.800042
            ],
            [
              128.955674,
              40.782576
            ],
            [
              128.964046,
              40.772602
            ],
            [
              128.969627,
              40.761957
            ],
            [
              128.971901,
              40.749451
            ],
            [
              128.972831,
              40.723975
            ],
            [
              128.975931,
              40.711107
            ],
            [
              128.98823,
              40.693124
            ],
            [
              129.007144,
              40.678293
            ],
            [
              129.047038,
              40.653901
            ],
            [
              129.062231,
              40.637985
            ],
            [
              129.063058,
              40.624368
            ],
            [
              129.059647,
              40.610105
            ],
            [
              129.062231,
              40.592225
            ],
            [
              129.073393,
              40.578867
            ],
            [
              129.089723,
              40.571219
            ],
            [
              129.108223,
              40.567447
            ],
            [
              129.160605,
              40.564601
            ]
          ]
        ]
      }
    },
    {
      "type": "Feature",
      "properties": {
        "featurecla": "Admin-1 states provinces",
        "scalerank": 6,
        "adm1_code": "KOR-2510",
        "diss_me": 2510,
        "iso_3166_2": "KR-49",
        "wikipedia": "http://en.wikipedia.org/wiki/Jeju_Province",
        "iso_a2": "KR",
        "adm0_sr": 3,
        "name": "Jeju",
        "name_alt": "Jeju-doQuelpart|Saishu-to|Cheju-do",
        "name_local": "제주특별자치도",
        "type": "Do",
        "type_en": "Province",
        "code_local": "39",
        "code_hasc": "KR.CJ",
        "note": "39 (NSO Code)",
        "hasc_maybe": null,
        "region": null,
        "region_cod": null,
        "provnum_ne": 20009,
        "gadm_level": 1,
        "check_me": 20,
        "datarank": 3,
        "abbrev": null,
        "postal": "CJ",
        "area_sqkm": 0,
        "sameascity": 7,
        "labelrank": 7,
        "name_len": 4,
        "mapcolor9": 1,
        "mapcolor13": 5,
        "fips": "KS01",
        "fips_alt": null,
        "woe_id": 2345963,
        "woe_label": "Jaeju-Do, KR, South Korea",
        "woe_name": "Jeju",
        "latitude": 33.3741,
        "longitude": 126.557,
        "sov_a3": "KOR",
        "adm0_a3": "KOR",
        "adm0_label": 3,
        "admin": "South Korea",
        "geonunit": "South Korea",
        "gu_a3": "KOR",
        "gn_id": 1846265,
        "gn_name": "Jeju-teukbyeoljachido",
        "gns_id": -706094,
        "gns_name": "Jeju-teukbyeoljachido",
        "gn_level": 1,
        "gn_region": null,
        "gn_a1_code": "KR.01",
        "region_sub": null,
        "sub_code": null,
        "gns_level": 1,
        "gns_lang": "kor",
        "gns_adm1": "KS01",
        "gns_region": null,
        "min_label": 8,
        "max_label": 11,
        "min_zoom": 8,
        "wikidataid": "Q41164",
        "name_ar": "مقاطعة جيجو",
        "name_bn": "জেজু দ্বীপ",
        "name_de": "Jeju-do",
        "name_en": "Jeju",
        "name_es": "Jeju-do",
        "name_fr": "Jeju",
        "name_el": "Τζετζού",
        "name_hi": "जेजू",
        "name_hu": "Csedzsu",
        "name_id": "Jeju",
        "name_it": "Jeju-do",
        "name_ja": "済州特別自治道",
        "name_ko": "제주특별자치도",
        "name_nl": "Jeju-do",
        "name_pl": "Czedżu",
        "name_pt": "Jeju",
        "name_ru": "Чеджудо",
        "name_sv": "Jeju",
        "name_tr": "Jeju",
        "name_vi": "Jeju",
        "name_zh": "济州特别自治道",
        "ne_id": 1159313515,
        "name_he": "ג'ג'ו",
        "name_uk": "Провінція Чеджу",
        "name_ur": "جیجو صوبہ",
        "name_fa": "ججو-دو",
        "name_zht": "濟州特別自治道",
        "FCLASS_ISO": null,
        "FCLASS_US": null,
        "FCLASS_FR": null,
        "FCLASS_RU": null,
        "FCLASS_ES": null,
        "FCLASS_CN": null,
        "FCLASS_TW": null,
        "FCLASS_IN": null,
        "FCLASS_NP": null,
        "FCLASS_PK": null,
        "FCLASS_DE": null,
        "FCLASS_GB": null,
        "FCLASS_BR": null,
        "FCLASS_IL": null,
        "FCLASS_PS": null,
        "FCLASS_SA": null,
        "FCLASS_EG": null,
        "FCLASS_MA": null,
        "FCLASS_PT": null,
        "FCLASS_AR": null,
        "FCLASS_JP": null,
        "FCLASS_KO": null,
        "FCLASS_VN": null,
        "FCLASS_TR": null,
        "FCLASS_ID": null,
        "FCLASS_PL": null,
        "FCLASS_GR": null,
        "FCLASS_IT": null,
        "FCLASS_NL": null,
        "FCLASS_SE": null,
        "FCLASS_BD": null,
        "FCLASS_UA": null,
        "FCLASS_TLC": null
      },
      "bbox": [
        126.161143,
        33.197577,
        126.953624,
        33.563797
      ],
      "geometry": {
        "type": "Polygon",
        "coordinates": [
          [
            [
              126.946056,
              33.478013
            ],
            [
              126.953624,
              33.465033
            ],
            [
              126.948985,
              33.460598
            ],
            [
              126.939301,
              33.458238
            ],
            [
              126.932384,
              33.451321
            ],
            [
              126.932872,
              33.445502
            ],
            [
              126.93922,
              33.436265
            ],
            [
              126.93922,
              33.430854
            ],
            [
              126.935802,
              33.425482
            ],
            [
              126.927257,
              33.416083
            ],
            [
              126.925548,
              33.413153
            ],
            [
              126.907507,
              33.395725
            ],
            [
              126.87353,
              33.373046
            ],
            [
              126.862992,
              33.354141
            ],
            [
              126.847956,
              33.332065
            ],
            [
              126.847239,
              33.323218
            ],
            [
              126.840587,
              33.310207
            ],
            [
              126.815929,
              33.307807
            ],
            [
              126.806407,
              33.303616
            ],
            [
              126.780141,
              33.30555
            ],
            [
              126.741793,
              33.280208
            ],
            [
              126.640723,
              33.264666
            ],
            [
              126.606919,
              33.24061
            ],
            [
              126.565527,
              33.232908
            ],
            [
              126.521209,
              33.236618
            ],
            [
              126.470562,
              33.228714
            ],
            [
              126.428458,
              33.239309
            ],
            [
              126.333427,
              33.238169
            ],
            [
              126.30379,
              33.226559
            ],
            [
              126.286143,
              33.200385
            ],
            [
              126.27003,
              33.197577
            ],
            [
              126.253917,
              33.204047
            ],
            [
              126.231151,
              33.234923
            ],
            [
              126.200824,
              33.243552
            ],
            [
              126.171397,
              33.269355
            ],
            [
              126.161143,
              33.300767
            ],
            [
              126.178966,
              33.341457
            ],
            [
              126.195811,
              33.366685
            ],
            [
              126.206228,
              33.375556
            ],
            [
              126.240977,
              33.392768
            ],
            [
              126.270661,
              33.435874
            ],
            [
              126.297949,
              33.441715
            ],
            [
              126.310567,
              33.464476
            ],
            [
              126.35736,
              33.477961
            ],
            [
              126.45938,
              33.502381
            ],
            [
              126.484935,
              33.520758
            ],
            [
              126.582434,
              33.529284
            ],
            [
              126.648798,
              33.553426
            ],
            [
              126.664692,
              33.549676
            ],
            [
              126.745505,
              33.560556
            ],
            [
              126.79236,
              33.563797
            ],
            [
              126.823366,
              33.55944
            ],
            [
              126.835216,
              33.544582
            ],
            [
              126.849946,
              33.53498
            ],
            [
              126.898204,
              33.518988
            ],
            [
              126.912852,
              33.506578
            ],
            [
              126.922699,
              33.47663
            ],
            [
              126.932384,
              33.464911
            ],
            [
              126.937022,
              33.469468
            ],
            [
              126.94337,
              33.473822
            ],
            [
              126.946056,
              33.478013
            ]
          ]
        ]
      }
    },
    {
      "type": "Feature",
      "properties": {
        "featurecla": "Admin-1 states provinces",
        "scalerank": 6,
        "adm1_code": "KOR-2497",
        "diss_me": 2497,
        "iso_3166_2": "KR-11",
        "wikipedia": "http://en.wikipedia.org/wiki/Seoul",
        "iso_a2": "KR",
        "adm0_sr": 1,
        "name": "Seoul",
        "name_alt": "Keijo|Séoul|Seul|Seúl|Söul|Soul-t'ukpyolsi",
        "name_local": "서울특별시",
        "type": "Teukbyeolsi",
        "type_en": "Capital Metropolitan City",
        "code_local": "11",
        "code_hasc": "KR.SO",
        "note": "11 (NSO Code)",
        "hasc_maybe": null,
        "region": null,
        "region_cod": null,
        "provnum_ne": 20017,
        "gadm_level": 1,
        "check_me": 20,
        "datarank": 3,
        "abbrev": null,
        "postal": "SO",
        "area_sqkm": 0,
        "sameascity": 9,
        "labelrank": 9,
        "name_len": 5,
        "mapcolor9": 1,
        "mapcolor13": 5,
        "fips": "KS11",
        "fips_alt": null,
        "woe_id": 20069923,
        "woe_label": "Seoul, KR, South Korea",
        "woe_name": "Seoul",
        "latitude": 37.5408,
        "longitude": 126.994,
        "sov_a3": "KOR",
        "adm0_a3": "KOR",
        "adm0_label": 2,
        "admin": "South Korea",
        "geonunit": "South Korea",
        "gu_a3": "KOR",
        "gn_id": 1835847,
        "gn_name": "Seoul-teukbyeolsi",
        "gns_id": -716584,
        "gns_name": "Seoul-teukbyeolsi",
        "gn_level": 1,
        "gn_region": null,
        "gn_a1_code": "KR.11",
        "region_sub": null,
        "sub_code": null,
        "gns_level": 1,
        "gns_lang": "kor",
        "gns_adm1": "KS11",
        "gns_region": null,
        "min_label": 8,
        "max_label": 11,
        "min_zoom": 8,
        "wikidataid": "Q8684",
        "name_ar": "سول",
        "name_bn": "সিউল",
        "name_de": "Seoul",
        "name_en": "Seoul",
        "name_es": "Seúl",
        "name_fr": "Séoul",
        "name_el": "Σεούλ",
        "name_hi": "सियोल",
        "name_hu": "Szöul",
        "name_id": "Seoul",
        "name_it": "Seul",
        "name_ja": "ソウル特別市",
        "name_ko": "서울특별시",
        "name_nl": "Seoel",
        "name_pl": "Seul",
        "name_pt": "Seul",
        "name_ru": "Сеул",
        "name_sv": "Seoul",
        "name_tr": "Seul",
        "name_vi": "Seoul",
        "name_zh": "首尔",
        "ne_id": 1159312115,
        "name_he": "סיאול",
        "name_uk": "Сеул",
        "name_ur": "سؤل",
        "name_fa": "سئول",
        "name_zht": "首爾",
        "FCLASS_ISO": null,
        "FCLASS_US": null,
        "FCLASS_FR": null,
        "FCLASS_RU": null,
        "FCLASS_ES": null,
        "FCLASS_CN": null,
        "FCLASS_TW": null,
        "FCLASS_IN": null,
        "FCLASS_NP": null,
        "FCLASS_PK": null,
        "FCLASS_DE": null,
        "FCLASS_GB": null,
        "FCLASS_BR": null,
        "FCLASS_IL": null,
        "FCLASS_PS": null,
        "FCLASS_SA": null,
        "FCLASS_EG": null,
        "FCLASS_MA": null,
        "FCLASS_PT": null,
        "FCLASS_AR": null,
        "FCLASS_JP": null,
        "FCLASS_KO": null,
        "FCLASS_VN": null,
        "FCLASS_TR": null,
        "FCLASS_ID": null,
        "FCLASS_PL": null,
        "FCLASS_GR": null,
        "FCLASS_IT": null,
        "FCLASS_NL": null,
        "FCLASS_SE": null,
        "FCLASS_BD": null,
        "FCLASS_UA": null,
        "FCLASS_TLC": null
      },
      "bbox": [
        126.793739,
        37.42831,
        127.194748,
        37.683127
      ],
      "geometry": {
        "type": "Polygon",
        "coordinates": [
          [
            [
              127.054292,
              37.683127
            ],
            [
              127.090258,
              37.680801
            ],
            [
              127.107415,
              37.657392
            ],
            [
              127.11403,
              37.625559
            ],
            [
              127.124468,
              37.603312
            ],
            [
              127.125088,
              37.578895
            ],
            [
              127.11589,
              37.550576
            ],
            [
              127.143278,
              37.550835
            ],
            [
              127.16674,
              37.557553
            ],
            [
              127.1871,
              37.557785
            ],
            [
              127.194748,
              37.543238
            ],
            [
              127.192061,
              37.52833
            ],
            [
              127.178108,
              37.522723
            ],
            [
              127.162915,
              37.514713
            ],
            [
              127.163226,
              37.496626
            ],
            [
              127.171287,
              37.489443
            ],
            [
              127.15413,
              37.47084
            ],
            [
              127.144622,
              37.457766
            ],
            [
              127.11868,
              37.445518
            ],
            [
              127.090155,
              37.440247
            ],
            [
              127.060803,
              37.428517
            ],
            [
              127.049331,
              37.449446
            ],
            [
              127.024319,
              37.444847
            ],
            [
              126.999515,
              37.438697
            ],
            [
              126.981945,
              37.430687
            ],
            [
              126.963651,
              37.42831
            ],
            [
              126.92076,
              37.429473
            ],
            [
              126.891408,
              37.460143
            ],
            [
              126.862469,
              37.467067
            ],
            [
              126.842522,
              37.477506
            ],
            [
              126.837251,
              37.506212
            ],
            [
              126.817407,
              37.528666
            ],
            [
              126.793739,
              37.551662
            ],
            [
              126.808725,
              37.577216
            ],
            [
              126.836734,
              37.575795
            ],
            [
              126.868773,
              37.560292
            ],
            [
              126.892544,
              37.5667
            ],
            [
              126.913732,
              37.576931
            ],
            [
              126.915385,
              37.59414
            ],
            [
              126.921173,
              37.610004
            ],
            [
              126.966028,
              37.613415
            ],
            [
              126.989076,
              37.636669
            ],
            [
              127.003132,
              37.660286
            ],
            [
              127.023079,
              37.67721
            ],
            [
              127.054292,
              37.683127
            ]
          ]
        ]
      }
    },
    {
      "type": "Feature",
      "properties": {
        "featurecla": "Admin-1 states provinces",
        "scalerank": 6,
        "adm1_code": "KOR-2503",
        "diss_me": 2503,
        "iso_3166_2": "KR-30",
        "wikipedia": "http://en.wikipedia.org/wiki/Daejeon",
        "iso_a2": "KR",
        "adm0_sr": 1,
        "name": "Daejeon",
        "name_alt": "Daejeon Gwang'yeogsi|Taejŏn-gwangyŏksi|Taiden",
        "name_local": "대전광역시",
        "type": "Gwangyeoksi",
        "type_en": "Metropolitan City",
        "code_local": "25",
        "code_hasc": "KR.TJ",
        "note": "25 (NSO Code)",
        "hasc_maybe": null,
        "region": null,
        "region_cod": null,
        "provnum_ne": 20016,
        "gadm_level": 1,
        "check_me": 20,
        "datarank": 3,
        "abbrev": null,
        "postal": "TJ",
        "area_sqkm": 0,
        "sameascity": 9,
        "labelrank": 9,
        "name_len": 7,
        "mapcolor9": 1,
        "mapcolor13": 5,
        "fips": "KS19",
        "fips_alt": null,
        "woe_id": 2345975,
        "woe_label": "Daejon, KR, South Korea",
        "woe_name": "Daejeon",
        "latitude": 36.3563,
        "longitude": 127.401,
        "sov_a3": "KOR",
        "adm0_a3": "KOR",
        "adm0_label": 2,
        "admin": "South Korea",
        "geonunit": "South Korea",
        "gu_a3": "KOR",
        "gn_id": 1835224,
        "gn_name": "Daejeon",
        "gns_id": -717210,
        "gns_name": "Daejeon-gwangyeoksi",
        "gn_level": 1,
        "gn_region": null,
        "gn_a1_code": "KR.19",
        "region_sub": null,
        "sub_code": null,
        "gns_level": 1,
        "gns_lang": "kor",
        "gns_adm1": "KS19",
        "gns_region": null,
        "min_label": 8,
        "max_label": 11,
        "min_zoom": 8,
        "wikidataid": "Q20921",
        "name_ar": "دايجون",
        "name_bn": "দেজন",
        "name_de": "Daejeon",
        "name_en": "Daejeon",
        "name_es": "Daejeon",
        "name_fr": "Daejeon",
        "name_el": "Ντέτζον",
        "name_hi": "डैजॉन",
        "name_hu": "Tedzson",
        "name_id": "Daejeon",
        "name_it": "Daejeon",
        "name_ja": "大田広域市",
        "name_ko": "대전광역시",
        "name_nl": "Daejeon",
        "name_pl": "Daejeon",
        "name_pt": "Daejeon",
        "name_ru": "Тэджон",
        "name_sv": "Daejeon",
        "name_tr": "Daejeon",
        "name_vi": "Daejeon",
        "name_zh": "大田广域市",
        "ne_id": 1159313527,
        "name_he": "טג'אן",
        "name_uk": "Теджон",
        "name_ur": "ڈائے جیون",
        "name_fa": "دائجونگ",
        "name_zht": "大田廣域市",
        "FCLASS_ISO": null,
        "FCLASS_US": null,
        "FCLASS_FR": null,
        "FCLASS_RU": null,
        "FCLASS_ES": null,
        "FCLASS_CN": null,
        "FCLASS_TW": null,
        "FCLASS_IN": null,
        "FCLASS_NP": null,
        "FCLASS_PK": null,
        "FCLASS_DE": null,
        "FCLASS_GB": null,
        "FCLASS_BR": null,
        "FCLASS_IL": null,
        "FCLASS_PS": null,
        "FCLASS_SA": null,
        "FCLASS_EG": null,
        "FCLASS_MA": null,
        "FCLASS_PT": null,
        "FCLASS_AR": null,
        "FCLASS_JP": null,
        "FCLASS_KO": null,
        "FCLASS_VN": null,
        "FCLASS_TR": null,
        "FCLASS_ID": null,
        "FCLASS_PL": null,
        "FCLASS_GR": null,
        "FCLASS_IT": null,
        "FCLASS_NL": null,
        "FCLASS_SE": null,
        "FCLASS_BD": null,
        "FCLASS_UA": null,
        "FCLASS_TLC": null
      },
      "bbox": [
        127.21899,
        36.23321,
        127.482276,
        36.480616
      ],
      "geometry": {
        "type": "Polygon",
        "coordinates": [
          [
            [
              127.316587,
              36.23321
            ],
            [
              127.29587,
              36.287592
            ],
            [
              127.290691,
              36.360101
            ],
            [
              127.272564,
              36.388587
            ],
            [
              127.21899,
              36.456242
            ],
            [
              127.264785,
              36.466322
            ],
            [
              127.329727,
              36.480616
            ],
            [
              127.352568,
              36.479066
            ],
            [
              127.350294,
              36.471418
            ],
            [
              127.353808,
              36.464157
            ],
            [
              127.36094,
              36.457852
            ],
            [
              127.369621,
              36.454468
            ],
            [
              127.375409,
              36.443254
            ],
            [
              127.371585,
              36.425736
            ],
            [
              127.401764,
              36.418811
            ],
            [
              127.43401,
              36.424573
            ],
            [
              127.445689,
              36.438241
            ],
            [
              127.459642,
              36.435451
            ],
            [
              127.457885,
              36.424056
            ],
            [
              127.470184,
              36.418966
            ],
            [
              127.471941,
              36.401112
            ],
            [
              127.482276,
              36.374498
            ],
            [
              127.477418,
              36.351011
            ],
            [
              127.464292,
              36.33401
            ],
            [
              127.449823,
              36.290783
            ],
            [
              127.423675,
              36.273755
            ],
            [
              127.409309,
              36.269828
            ],
            [
              127.36579,
              36.243568
            ],
            [
              127.316587,
              36.23321
            ]
          ]
        ]
      }
    },
    {
      "type": "Feature",
      "properties": {
        "featurecla": "Admin-1 states provinces",
        "scalerank": 6,
        "adm1_code": "KOR-5129",
        "diss_me": 5129,
        "iso_3166_2": "KR-50",
        "wikipedia": "http://en.wikipedia.org/wiki/Sejong_City",
        "iso_a2": "KR",
        "adm0_sr": 1,
        "name": "Sejong",
        "name_alt": null,
        "name_local": "세종특별자치시",
        "type": "Teukbyeol-jachisi",
        "type_en": "Special self-governing city",
        "code_local": null,
        "code_hasc": "KR.SJ",
        "note": null,
        "hasc_maybe": null,
        "region": null,
        "region_cod": null,
        "provnum_ne": 0,
        "gadm_level": 1,
        "check_me": 20,
        "datarank": 3,
        "abbrev": null,
        "postal": "SJ",
        "area_sqkm": 0,
        "sameascity": 9,
        "labelrank": 9,
        "name_len": 6,
        "mapcolor9": 1,
        "mapcolor13": 5,
        "fips": "KS22",
        "fips_alt": null,
        "woe_id": -2345973,
        "woe_label": null,
        "woe_name": null,
        "latitude": 36.4974,
        "longitude": 127.229,
        "sov_a3": "KOR",
        "adm0_a3": "KOR",
        "adm0_label": 2,
        "admin": "South Korea",
        "geonunit": "South Korea",
        "gu_a3": "KOR",
        "gn_id": 8394437,
        "gn_name": "Sejong",
        "gns_id": 11618031,
        "gns_name": "Sejong-teukbyeoljachisi",
        "gn_level": 1,
        "gn_region": null,
        "gn_a1_code": "KR.22",
        "region_sub": null,
        "sub_code": null,
        "gns_level": 1,
        "gns_lang": "kor",
        "gns_adm1": "KS22",
        "gns_region": null,
        "min_label": 8,
        "max_label": 11,
        "min_zoom": 8,
        "wikidataid": "Q20929",
        "name_ar": "مدينة سيجونغ",
        "name_bn": "সেজং শহর",
        "name_de": "Sejong",
        "name_en": "Sejong",
        "name_es": "Sejong",
        "name_fr": "Sejong",
        "name_el": "Σετζόνγκ",
        "name_hi": "सेजोंग सिटी",
        "name_hu": "Szedzsong",
        "name_id": "Kota Sejong",
        "name_it": "Sejong",
        "name_ja": "世宗特別自治市",
        "name_ko": "세종특별자치시",
        "name_nl": "Sejong",
        "name_pl": "Sedżong",
        "name_pt": "Cidade de Sejong",
        "name_ru": "Седжон",
        "name_sv": "Sejong",
        "name_tr": "Sejong",
        "name_vi": "Sejong",
        "name_zh": "世宗特別自治市",
        "ne_id": 1159316481,
        "name_he": "סיונג",
        "name_uk": "Седжон",
        "name_ur": "سیجونگ شہر",
        "name_fa": "سجونگ سیتی",
        "name_zht": "世宗特別自治市",
        "FCLASS_ISO": null,
        "FCLASS_US": null,
        "FCLASS_FR": null,
        "FCLASS_RU": null,
        "FCLASS_ES": null,
        "FCLASS_CN": null,
        "FCLASS_TW": null,
        "FCLASS_IN": null,
        "FCLASS_NP": null,
        "FCLASS_PK": null,
        "FCLASS_DE": null,
        "FCLASS_GB": null,
        "FCLASS_BR": null,
        "FCLASS_IL": null,
        "FCLASS_PS": null,
        "FCLASS_SA": null,
        "FCLASS_EG": null,
        "FCLASS_MA": null,
        "FCLASS_PT": null,
        "FCLASS_AR": null,
        "FCLASS_JP": null,
        "FCLASS_KO": null,
        "FCLASS_VN": null,
        "FCLASS_TR": null,
        "FCLASS_ID": null,
        "FCLASS_PL": null,
        "FCLASS_GR": null,
        "FCLASS_IT": null,
        "FCLASS_NL": null,
        "FCLASS_SE": null,
        "FCLASS_BD": null,
        "FCLASS_UA": null,
        "FCLASS_TLC": null
      },
      "bbox": [
        127.059769,
        36.441239,
        127.361353,
        36.691572
      ],
      "geometry": {
        "type": "Polygon",
        "coordinates": [
          [
            [
              127.104239,
              36.691572
            ],
            [
              127.246528,
              36.646032
            ],
            [
              127.226994,
              36.6119
            ],
            [
              127.228855,
              36.595079
            ],
            [
              127.216349,
              36.566373
            ],
            [
              127.211698,
              36.535651
            ],
            [
              127.285285,
              36.547537
            ],
            [
              127.361353,
              36.543661
            ],
            [
              127.36063,
              36.532783
            ],
            [
              127.355565,
              36.52343
            ],
            [
              127.353602,
              36.515808
            ],
            [
              127.356909,
              36.5094
            ],
            [
              127.357632,
              36.504335
            ],
            [
              127.358769,
              36.499271
            ],
            [
              127.356805,
              36.488884
            ],
            [
              127.352568,
              36.479066
            ],
            [
              127.329727,
              36.480616
            ],
            [
              127.264785,
              36.466322
            ],
            [
              127.21899,
              36.456242
            ],
            [
              127.150823,
              36.441239
            ],
            [
              127.059769,
              36.45563
            ],
            [
              127.068864,
              36.476585
            ],
            [
              127.084057,
              36.48829
            ],
            [
              127.080932,
              36.63978
            ],
            [
              127.104239,
              36.691572
            ]
          ]
        ]
      }
    },
    {
      "type": "Feature",
      "properties": {
        "featurecla": "Admin-1 states provinces",
        "scalerank": 6,
        "adm1_code": "KOR-2494",
        "diss_me": 2494,
        "iso_3166_2": "KR-43",
        "wikipedia": "http://en.wikipedia.org/wiki/North_Chungcheong_Province",
        "iso_a2": "KR",
        "adm0_sr": 1,
        "name": "North Chungcheong",
        "name_alt": "Chungchongbuk-Do|Chungcheongbugdo|Ch'ungch'ong-bukto|Chusei Hoku-do|North Chungchong|Ch'ungch'ong-bukto",
        "name_local": "충청북도",
        "type": "Do",
        "type_en": "Province",
        "code_local": "33",
        "code_hasc": "KR.HB",
        "note": "33 (NSO Code)",
        "hasc_maybe": null,
        "region": null,
        "region_cod": null,
        "provnum_ne": 20015,
        "gadm_level": 1,
        "check_me": 20,
        "datarank": 3,
        "abbrev": null,
        "postal": "GB",
        "area_sqkm": 0,
        "sameascity": -99,
        "labelrank": 6,
        "name_len": 17,
        "mapcolor9": 1,
        "mapcolor13": 5,
        "fips": "KS05",
        "fips_alt": null,
        "woe_id": 2345965,
        "woe_label": "Chungcheongbuk-Do, KR, South Korea",
        "woe_name": "Chungcheongbuk-do",
        "latitude": 36.7476,
        "longitude": 127.668,
        "sov_a3": "KOR",
        "adm0_a3": "KOR",
        "adm0_label": 2,
        "admin": "South Korea",
        "geonunit": "South Korea",
        "gu_a3": "KOR",
        "gn_id": 1845106,
        "gn_name": "Chungcheongbuk-do",
        "gns_id": -707259,
        "gns_name": "Chungbuk",
        "gn_level": 1,
        "gn_region": null,
        "gn_a1_code": "KR.05",
        "region_sub": null,
        "sub_code": null,
        "gns_level": 1,
        "gns_lang": "kor",
        "gns_adm1": "KS05",
        "gns_region": null,
        "min_label": 8,
        "max_label": 11,
        "min_zoom": 8,
        "wikidataid": "Q41066",
        "name_ar": "تشنغتشونغ الشمالية",
        "name_bn": "উত্তর চুংচেয়ং",
        "name_de": "Chungcheongbuk-do",
        "name_en": "North Chungcheong",
        "name_es": "Chungcheong del Norte",
        "name_fr": "Chungcheong du Nord",
        "name_el": "Τσούνγκτσονγκμπουκ-ντο",
        "name_hi": "उत्तर चुंगचेओग प्रांत",
        "name_hu": "Észak-Cshungcshong",
        "name_id": "Chungcheong Utara",
        "name_it": "Nord Chungcheong",
        "name_ja": "忠清北道",
        "name_ko": "충청북도",
        "name_nl": "Chungcheongbuk-do",
        "name_pl": "Ch'ungch'ŏng Północny",
        "name_pt": "Chungcheong do Norte",
        "name_ru": "Чхунчхон-Пукто",
        "name_sv": "Norra Chungcheong",
        "name_tr": "Kuzey Çungçeong",
        "name_vi": "Chungcheong Bắc",
        "name_zh": "忠清北道",
        "ne_id": 1159312109,
        "name_he": "צפון צ'ונגצ'אונג",
        "name_uk": "Північна провінція Чхунчхон",
        "name_ur": "شمالی چونگچیونگ صوبہ",
        "name_fa": "چونگچیونبوک-دو",
        "name_zht": "忠清北道",
        "FCLASS_ISO": null,
        "FCLASS_US": null,
        "FCLASS_FR": null,
        "FCLASS_RU": null,
        "FCLASS_ES": null,
        "FCLASS_CN": null,
        "FCLASS_TW": null,
        "FCLASS_IN": null,
        "FCLASS_NP": null,
        "FCLASS_PK": null,
        "FCLASS_DE": null,
        "FCLASS_GB": null,
        "FCLASS_BR": null,
        "FCLASS_IL": null,
        "FCLASS_PS": null,
        "FCLASS_SA": null,
        "FCLASS_EG": null,
        "FCLASS_MA": null,
        "FCLASS_PT": null,
        "FCLASS_AR": null,
        "FCLASS_JP": null,
        "FCLASS_KO": null,
        "FCLASS_VN": null,
        "FCLASS_TR": null,
        "FCLASS_ID": null,
        "FCLASS_PL": null,
        "FCLASS_GR": null,
        "FCLASS_IT": null,
        "FCLASS_NL": null,
        "FCLASS_SE": null,
        "FCLASS_BD": null,
        "FCLASS_UA": null,
        "FCLASS_TLC": null
      },
      "bbox": [
        127.211698,
        35.97522,
        128.650267,
        37.218271
      ],
      "geometry": {
        "type": "Polygon",
        "coordinates": [
          [
            [
              127.492611,
              37.000274
            ],
            [
              127.517726,
              37.014278
            ],
            [
              127.565475,
              37.085256
            ],
            [
              127.570332,
              37.093757
            ],
            [
              127.57612,
              37.10156
            ],
            [
              127.583872,
              37.106547
            ],
            [
              127.591933,
              37.111043
            ],
            [
              127.599995,
              37.120706
            ],
            [
              127.607023,
              37.131351
            ],
            [
              127.712649,
              37.154451
            ],
            [
              127.818999,
              37.166052
            ],
            [
              127.810421,
              37.117786
            ],
            [
              127.840807,
              37.123522
            ],
            [
              127.871399,
              37.121817
            ],
            [
              127.879874,
              37.117605
            ],
            [
              127.888453,
              37.114402
            ],
            [
              127.896204,
              37.119802
            ],
            [
              127.902922,
              37.126339
            ],
            [
              127.923179,
              37.137423
            ],
            [
              127.917701,
              37.186025
            ],
            [
              127.936615,
              37.204525
            ],
            [
              127.987568,
              37.218271
            ],
            [
              128.025602,
              37.186154
            ],
            [
              128.025602,
              37.164683
            ],
            [
              128.038004,
              37.150808
            ],
            [
              128.07118,
              37.157215
            ],
            [
              128.104253,
              37.171917
            ],
            [
              128.124304,
              37.184268
            ],
            [
              128.148178,
              37.180263
            ],
            [
              128.167919,
              37.188531
            ],
            [
              128.19107,
              37.202794
            ],
            [
              128.24688,
              37.186929
            ],
            [
              128.303931,
              37.179746
            ],
            [
              128.321915,
              37.175431
            ],
            [
              128.310339,
              37.154373
            ],
            [
              128.281504,
              37.137992
            ],
            [
              128.264347,
              37.116753
            ],
            [
              128.275302,
              37.106883
            ],
            [
              128.289462,
              37.10063
            ],
            [
              128.29835,
              37.100475
            ],
            [
              128.307445,
              37.103885
            ],
            [
              128.337831,
              37.111999
            ],
            [
              128.385477,
              37.116339
            ],
            [
              128.395398,
              37.107606
            ],
            [
              128.393641,
              37.093343
            ],
            [
              128.413485,
              37.076884
            ],
            [
              128.42072,
              37.063733
            ],
            [
              128.43891,
              37.064818
            ],
            [
              128.460407,
              37.067867
            ],
            [
              128.484489,
              37.074016
            ],
            [
              128.508363,
              37.074146
            ],
            [
              128.532134,
              37.059754
            ],
            [
              128.558489,
              37.046111
            ],
            [
              128.584534,
              37.042003
            ],
            [
              128.609959,
              37.039652
            ],
            [
              128.630216,
              37.032624
            ],
            [
              128.650267,
              37.022262
            ],
            [
              128.638071,
              37.011178
            ],
            [
              128.624532,
              37.004925
            ],
            [
              128.612646,
              37.008594
            ],
            [
              128.602931,
              37.003633
            ],
            [
              128.579883,
              36.984099
            ],
            [
              128.554458,
              36.967098
            ],
            [
              128.537819,
              36.954179
            ],
            [
              128.517148,
              36.948985
            ],
            [
              128.504746,
              36.940717
            ],
            [
              128.495961,
              36.927979
            ],
            [
              128.465058,
              36.910435
            ],
            [
              128.443044,
              36.885242
            ],
            [
              128.432605,
              36.866432
            ],
            [
              128.419893,
              36.847777
            ],
            [
              128.426921,
              36.837984
            ],
            [
              128.44015,
              36.828217
            ],
            [
              128.425371,
              36.788969
            ],
            [
              128.341655,
              36.760754
            ],
            [
              128.305998,
              36.770159
            ],
            [
              128.291115,
              36.794318
            ],
            [
              128.267551,
              36.810673
            ],
            [
              128.250911,
              36.820182
            ],
            [
              128.237889,
              36.831887
            ],
            [
              128.224866,
              36.821577
            ],
            [
              128.214428,
              36.808374
            ],
            [
              128.209467,
              36.792793
            ],
            [
              128.202439,
              36.776308
            ],
            [
              128.173603,
              36.778117
            ],
            [
              128.142701,
              36.786825
            ],
            [
              128.126578,
              36.79517
            ],
            [
              128.109524,
              36.78636
            ],
            [
              128.093091,
              36.768609
            ],
            [
              128.073144,
              36.767239
            ],
            [
              128.057124,
              36.77574
            ],
            [
              128.045032,
              36.759307
            ],
            [
              128.032526,
              36.737448
            ],
            [
              128.025809,
              36.716932
            ],
            [
              128.044929,
              36.69714
            ],
            [
              128.059502,
              36.674661
            ],
            [
              127.988602,
              36.683704
            ],
            [
              127.950464,
              36.696985
            ],
            [
              127.92876,
              36.670992
            ],
            [
              127.893827,
              36.657685
            ],
            [
              127.862718,
              36.64071
            ],
            [
              127.860134,
              36.628824
            ],
            [
              127.860754,
              36.619496
            ],
            [
              127.855173,
              36.60929
            ],
            [
              127.832642,
              36.584977
            ],
            [
              127.818173,
              36.572522
            ],
            [
              127.803497,
              36.570378
            ],
            [
              127.788717,
              36.564849
            ],
            [
              127.799983,
              36.541982
            ],
            [
              127.839153,
              36.536633
            ],
            [
              127.888143,
              36.479402
            ],
            [
              127.869952,
              36.465113
            ],
            [
              127.860031,
              36.442246
            ],
            [
              127.856,
              36.387753
            ],
            [
              127.850005,
              36.363724
            ],
            [
              127.85631,
              36.34649
            ],
            [
              127.867369,
              36.330703
            ],
            [
              127.853003,
              36.307655
            ],
            [
              127.830885,
              36.29223
            ],
            [
              127.83688,
              36.244713
            ],
            [
              127.877084,
              36.252361
            ],
            [
              127.901268,
              36.245979
            ],
            [
              127.929587,
              36.226885
            ],
            [
              127.949017,
              36.219443
            ],
            [
              128.000074,
              36.229339
            ],
            [
              128.022708,
              36.215852
            ],
            [
              128.034077,
              36.16371
            ],
            [
              128.012786,
              36.164744
            ],
            [
              127.988808,
              36.168335
            ],
            [
              127.964624,
              36.151592
            ],
            [
              127.970205,
              36.12472
            ],
            [
              127.970411,
              36.111026
            ],
            [
              127.968241,
              36.094567
            ],
            [
              127.958629,
              36.085136
            ],
            [
              127.950878,
              36.073974
            ],
            [
              127.942506,
              36.048317
            ],
            [
              127.927003,
              36.023822
            ],
            [
              127.901888,
              36.017001
            ],
            [
              127.877601,
              36.007363
            ],
            [
              127.864785,
              35.996459
            ],
            [
              127.851969,
              35.986951
            ],
            [
              127.837293,
              35.993385
            ],
            [
              127.82272,
              36.00465
            ],
            [
              127.785823,
              35.991163
            ],
            [
              127.75368,
              35.97522
            ],
            [
              127.737661,
              35.978941
            ],
            [
              127.728359,
              35.988372
            ],
            [
              127.683607,
              36.000284
            ],
            [
              127.668621,
              36.014675
            ],
            [
              127.651671,
              36.022763
            ],
            [
              127.64516,
              36.015709
            ],
            [
              127.637098,
              36.014107
            ],
            [
              127.62759,
              36.021161
            ],
            [
              127.619012,
              36.029507
            ],
            [
              127.596274,
              36.058109
            ],
            [
              127.575914,
              36.087436
            ],
            [
              127.567335,
              36.121723
            ],
            [
              127.568679,
              36.156295
            ],
            [
              127.558344,
              36.186034
            ],
            [
              127.527648,
              36.201227
            ],
            [
              127.497985,
              36.209005
            ],
            [
              127.465739,
              36.203604
            ],
            [
              127.463052,
              36.232052
            ],
            [
              127.464809,
              36.259699
            ],
            [
              127.476798,
              36.298353
            ],
            [
              127.499432,
              36.331219
            ],
            [
              127.508527,
              36.347963
            ],
            [
              127.518656,
              36.362845
            ],
            [
              127.535089,
              36.372845
            ],
            [
              127.538913,
              36.390182
            ],
            [
              127.526097,
              36.393619
            ],
            [
              127.512248,
              36.398657
            ],
            [
              127.495402,
              36.388761
            ],
            [
              127.482276,
              36.374498
            ],
            [
              127.471941,
              36.401112
            ],
            [
              127.470184,
              36.418966
            ],
            [
              127.457885,
              36.424056
            ],
            [
              127.459642,
              36.435451
            ],
            [
              127.445689,
              36.438241
            ],
            [
              127.43401,
              36.424573
            ],
            [
              127.401764,
              36.418811
            ],
            [
              127.371585,
              36.425736
            ],
            [
              127.375409,
              36.443254
            ],
            [
              127.369621,
              36.454468
            ],
            [
              127.36094,
              36.457852
            ],
            [
              127.353808,
              36.464157
            ],
            [
              127.350294,
              36.471418
            ],
            [
              127.352568,
              36.479066
            ],
            [
              127.356805,
              36.488884
            ],
            [
              127.358769,
              36.499271
            ],
            [
              127.357632,
              36.504335
            ],
            [
              127.356909,
              36.5094
            ],
            [
              127.353602,
              36.515808
            ],
            [
              127.355565,
              36.52343
            ],
            [
              127.36063,
              36.532783
            ],
            [
              127.361353,
              36.543661
            ],
            [
              127.285285,
              36.547537
            ],
            [
              127.211698,
              36.535651
            ],
            [
              127.216349,
              36.566373
            ],
            [
              127.228855,
              36.595079
            ],
            [
              127.226994,
              36.6119
            ],
            [
              127.246528,
              36.646032
            ],
            [
              127.274227,
              36.678278
            ],
            [
              127.29531,
              36.707682
            ],
            [
              127.303682,
              36.714891
            ],
            [
              127.313191,
              36.713703
            ],
            [
              127.322492,
              36.715795
            ],
            [
              127.327557,
              36.723444
            ],
            [
              127.3289,
              36.732048
            ],
            [
              127.332001,
              36.742977
            ],
            [
              127.336858,
              36.753519
            ],
            [
              127.339339,
              36.76481
            ],
            [
              127.337168,
              36.776153
            ],
            [
              127.330554,
              36.786205
            ],
            [
              127.322286,
              36.792277
            ],
            [
              127.323319,
              36.812844
            ],
            [
              127.310193,
              36.820233
            ],
            [
              127.293037,
              36.847932
            ],
            [
              127.279601,
              36.854185
            ],
            [
              127.267819,
              36.864107
            ],
            [
              127.259964,
              36.878938
            ],
            [
              127.304819,
              36.88948
            ],
            [
              127.347297,
              36.905861
            ],
            [
              127.380577,
              36.914801
            ],
            [
              127.389568,
              36.944231
            ],
            [
              127.405898,
              36.95839
            ],
            [
              127.43153,
              36.967253
            ],
            [
              127.443622,
              36.979784
            ],
            [
              127.45189,
              36.996398
            ],
            [
              127.467393,
              37.009576
            ],
            [
              127.486927,
              37.006294
            ],
            [
              127.492611,
              37.000274
            ]
          ]
        ]
      }
    },
    {
      "type": "Feature",
      "properties": {
        "featurecla": "Admin-1 states provinces",
        "scalerank": 6,
        "adm1_code": "KOR-2500",
        "diss_me": 2500,
        "iso_3166_2": "KR-29",
        "wikipedia": "http://en.wikipedia.org/wiki/Gwangju",
        "iso_a2": "KR",
        "adm0_sr": 5,
        "name": "Gwangju",
        "name_alt": "Kwangju|Kwangju-gwangyoksi",
        "name_local": "광주광역시",
        "type": "Gwangyeoksi",
        "type_en": "Metropolitan City",
        "code_local": "24",
        "code_hasc": "KR.KJ",
        "note": "24 (NSO Code)",
        "hasc_maybe": null,
        "region": null,
        "region_cod": null,
        "provnum_ne": 20002,
        "gadm_level": 1,
        "check_me": 20,
        "datarank": 3,
        "abbrev": null,
        "postal": "KJ",
        "area_sqkm": 0,
        "sameascity": -99,
        "labelrank": 6,
        "name_len": 7,
        "mapcolor9": 1,
        "mapcolor13": 5,
        "fips": "KS18",
        "fips_alt": null,
        "woe_id": 2345974,
        "woe_label": "Gwangju, KR, South Korea",
        "woe_name": null,
        "latitude": 35.1989,
        "longitude": 126.929,
        "sov_a3": "KOR",
        "adm0_a3": "KOR",
        "adm0_label": 4,
        "admin": "South Korea",
        "geonunit": "South Korea",
        "gu_a3": "KOR",
        "gn_id": 1841808,
        "gn_name": "Gwangju",
        "gns_id": -710588,
        "gns_name": "Gwangju-gwangyeoksi",
        "gn_level": 1,
        "gn_region": null,
        "gn_a1_code": "KR.18",
        "region_sub": null,
        "sub_code": null,
        "gns_level": 1,
        "gns_lang": "kor",
        "gns_adm1": "KS18",
        "gns_region": null,
        "min_label": 8,
        "max_label": 11,
        "min_zoom": 8,
        "wikidataid": "Q41283",
        "name_ar": "غوانغجو",
        "name_bn": "গোয়াংজু",
        "name_de": "Gwangju",
        "name_en": "Gwangju",
        "name_es": "Gwangju",
        "name_fr": "Gwangju",
        "name_el": "Γκουάνγκτζου",
        "name_hi": "ग्वांगजू",
        "name_hu": "Kvangdzsu",
        "name_id": "Gwangju",
        "name_it": "Gwangju",
        "name_ja": "光州広域市",
        "name_ko": "광주광역시",
        "name_nl": "Gwangju",
        "name_pl": "Gwangju",
        "name_pt": "Gwangju",
        "name_ru": "Кванджу",
        "name_sv": "Gwangju",
        "name_tr": "Gwangju",
        "name_vi": "Gwangju",
        "name_zh": "光州广域市",
        "ne_id": 1159313255,
        "name_he": "קוואנגג'ו",
        "name_uk": "Кванджу",
        "name_ur": "گوانگ جو",
        "name_fa": "گوانگجو",
        "name_zht": "光州廣域市",
        "FCLASS_ISO": null,
        "FCLASS_US": null,
        "FCLASS_FR": null,
        "FCLASS_RU": null,
        "FCLASS_ES": null,
        "FCLASS_CN": null,
        "FCLASS_TW": null,
        "FCLASS_IN": null,
        "FCLASS_NP": null,
        "FCLASS_PK": null,
        "FCLASS_DE": null,
        "FCLASS_GB": null,
        "FCLASS_BR": null,
        "FCLASS_IL": null,
        "FCLASS_PS": null,
        "FCLASS_SA": null,
        "FCLASS_EG": null,
        "FCLASS_MA": null,
        "FCLASS_PT": null,
        "FCLASS_AR": null,
        "FCLASS_JP": null,
        "FCLASS_KO": null,
        "FCLASS_VN": null,
        "FCLASS_TR": null,
        "FCLASS_ID": null,
        "FCLASS_PL": null,
        "FCLASS_GR": null,
        "FCLASS_IT": null,
        "FCLASS_NL": null,
        "FCLASS_SE": null,
        "FCLASS_BD": null,
        "FCLASS_UA": null,
        "FCLASS_TLC": null
      },
      "bbox": [
        126.822885,
        35.150077,
        127.005819,
        35.254593
      ],
      "geometry": {
        "type": "Polygon",
        "coordinates": [
          [
            [
              126.933989,
              35.254593
            ],
            [
              126.985562,
              35.23878
            ],
            [
              127.005819,
              35.193046
            ],
            [
              126.966442,
              35.150077
            ],
            [
              126.90474,
              35.158139
            ],
            [
              126.850273,
              35.184881
            ],
            [
              126.822885,
              35.234077
            ],
            [
              126.844485,
              35.250769
            ],
            [
              126.880349,
              35.242991
            ],
            [
              126.9066,
              35.247875
            ],
            [
              126.933989,
              35.254593
            ]
          ]
        ]
      }
    },
    {
      "type": "Feature",
      "properties": {
        "featurecla": "Admin-1 states provinces",
        "scalerank": 6,
        "adm1_code": "KOR-2504",
        "diss_me": 2504,
        "iso_3166_2": "KR-27",
        "wikipedia": "http://en.wikipedia.org/wiki/Daegu",
        "iso_a2": "KR",
        "adm0_sr": 3,
        "name": "Daegu",
        "name_alt": "Taegu|Daegu Gwang'yeogsi|Taegu-gwangyoksi|Taikyu",
        "name_local": "대구광역시",
        "type": "Gwangyeoksi",
        "type_en": "Metropolitan City",
        "code_local": "22",
        "code_hasc": "KR.TG",
        "note": "22 (NSO Code)",
        "hasc_maybe": null,
        "region": null,
        "region_cod": null,
        "provnum_ne": 20006,
        "gadm_level": 1,
        "check_me": 20,
        "datarank": 3,
        "abbrev": null,
        "postal": "TG",
        "area_sqkm": 0,
        "sameascity": -99,
        "labelrank": 6,
        "name_len": 5,
        "mapcolor9": 1,
        "mapcolor13": 5,
        "fips": "KS15",
        "fips_alt": null,
        "woe_id": 2345971,
        "woe_label": "Daegu, KR, South Korea",
        "woe_name": "Daegu",
        "latitude": 35.9034,
        "longitude": 128.631,
        "sov_a3": "KOR",
        "adm0_a3": "KOR",
        "adm0_label": 4,
        "admin": "South Korea",
        "geonunit": "South Korea",
        "gu_a3": "KOR",
        "gn_id": 1835327,
        "gn_name": "Daegu",
        "gns_id": -717107,
        "gns_name": "Daegu-gwangyeoksi",
        "gn_level": 1,
        "gn_region": null,
        "gn_a1_code": "KR.15",
        "region_sub": null,
        "sub_code": null,
        "gns_level": 1,
        "gns_lang": "kor",
        "gns_adm1": "KS15",
        "gns_region": null,
        "min_label": 8,
        "max_label": 11,
        "min_zoom": 8,
        "wikidataid": "Q20927",
        "name_ar": "دايغو",
        "name_bn": "দেগু",
        "name_de": "Daegu",
        "name_en": "Daegu",
        "name_es": "Daegu",
        "name_fr": "Daegu",
        "name_el": "Ντέγκου",
        "name_hi": "दाएगू",
        "name_hu": "Tegu",
        "name_id": "Daegu",
        "name_it": "Taegu",
        "name_ja": "大邱広域市",
        "name_ko": "대구광역시",
        "name_nl": "Daegu",
        "name_pl": "Daegu",
        "name_pt": "Daegu",
        "name_ru": "Тэгу",
        "name_sv": "Daegu",
        "name_tr": "Daegu",
        "name_vi": "Daegu",
        "name_zh": "大邱",
        "ne_id": 1159313523,
        "name_he": "טגו",
        "name_uk": "Тегу",
        "name_ur": "ڈائے گو",
        "name_fa": "دائجو",
        "name_zht": "大邱廣域市",
        "FCLASS_ISO": null,
        "FCLASS_US": null,
        "FCLASS_FR": null,
        "FCLASS_RU": null,
        "FCLASS_ES": null,
        "FCLASS_CN": null,
        "FCLASS_TW": null,
        "FCLASS_IN": null,
        "FCLASS_NP": null,
        "FCLASS_PK": null,
        "FCLASS_DE": null,
        "FCLASS_GB": null,
        "FCLASS_BR": null,
        "FCLASS_IL": null,
        "FCLASS_PS": null,
        "FCLASS_SA": null,
        "FCLASS_EG": null,
        "FCLASS_MA": null,
        "FCLASS_PT": null,
        "FCLASS_AR": null,
        "FCLASS_JP": null,
        "FCLASS_KO": null,
        "FCLASS_VN": null,
        "FCLASS_TR": null,
        "FCLASS_ID": null,
        "FCLASS_PL": null,
        "FCLASS_GR": null,
        "FCLASS_IT": null,
        "FCLASS_NL": null,
        "FCLASS_SE": null,
        "FCLASS_BD": null,
        "FCLASS_UA": null,
        "FCLASS_TLC": null
      },
      "bbox": [
        128.47529,
        35.768282,
        128.762301,
        36.009327
      ],
      "geometry": {
        "type": "Polygon",
        "coordinates": [
          [
            [
              128.693158,
              36.009327
            ],
            [
              128.733259,
              35.985504
            ],
            [
              128.745971,
              35.967572
            ],
            [
              128.745455,
              35.959666
            ],
            [
              128.740597,
              35.953
            ],
            [
              128.740907,
              35.92773
            ],
            [
              128.748969,
              35.917911
            ],
            [
              128.759717,
              35.910496
            ],
            [
              128.761784,
              35.894631
            ],
            [
              128.762301,
              35.877707
            ],
            [
              128.756927,
              35.861894
            ],
            [
              128.74132,
              35.84882
            ],
            [
              128.733776,
              35.850629
            ],
            [
              128.724371,
              35.849957
            ],
            [
              128.724887,
              35.843394
            ],
            [
              128.723544,
              35.834945
            ],
            [
              128.714139,
              35.814946
            ],
            [
              128.714035,
              35.808486
            ],
            [
              128.711038,
              35.799107
            ],
            [
              128.688714,
              35.788126
            ],
            [
              128.63094,
              35.800347
            ],
            [
              128.59859,
              35.802983
            ],
            [
              128.584327,
              35.793836
            ],
            [
              128.570065,
              35.773579
            ],
            [
              128.562417,
              35.768282
            ],
            [
              128.553218,
              35.774458
            ],
            [
              128.540919,
              35.780917
            ],
            [
              128.523246,
              35.792544
            ],
            [
              128.51136,
              35.811199
            ],
            [
              128.496788,
              35.822827
            ],
            [
              128.481285,
              35.827736
            ],
            [
              128.47529,
              35.84621
            ],
            [
              128.489139,
              35.861894
            ],
            [
              128.504126,
              35.861972
            ],
            [
              128.520249,
              35.864116
            ],
            [
              128.524486,
              35.873573
            ],
            [
              128.526346,
              35.883546
            ],
            [
              128.517561,
              35.886182
            ],
            [
              128.508053,
              35.887448
            ],
            [
              128.518802,
              35.907111
            ],
            [
              128.535958,
              35.922407
            ],
            [
              128.529654,
              35.967986
            ],
            [
              128.576679,
              35.999612
            ],
            [
              128.640345,
              36.006536
            ],
            [
              128.693158,
              36.009327
            ]
          ]
        ]
      }
    },
    {
      "type": "Feature",
      "properties": {
        "featurecla": "Admin-1 states provinces",
        "scalerank": 6,
        "adm1_code": "PRK-3305",
        "diss_me": 3305,
        "iso_3166_2": "KP-01",
        "wikipedia": null,
        "iso_a2": "KP",
        "adm0_sr": 1,
        "name": "P'yŏngyang",
        "name_alt": "Pyongyang|Pjöngjang|P'yŏngyang-tŭkpyŏlsi",
        "name_local": "\t평양직할시",
        "type": "Si",
        "type_en": "Special City",
        "code_local": null,
        "code_hasc": "KP.PY",
        "note": null,
        "hasc_maybe": null,
        "region": null,
        "region_cod": null,
        "provnum_ne": 20010,
        "gadm_level": 1,
        "check_me": 0,
        "datarank": 6,
        "abbrev": null,
        "postal": "PY",
        "area_sqkm": 0,
        "sameascity": -99,
        "labelrank": 6,
        "name_len": 10,
        "mapcolor9": 3,
        "mapcolor13": 9,
        "fips": "KN12",
        "fips_alt": null,
        "woe_id": 20070115,
        "woe_label": "PÂ´yongyang-si, KP, North Korea",
        "woe_name": "P'yŏngyang",
        "latitude": 38.9808,
        "longitude": 125.955,
        "sov_a3": "PRK",
        "adm0_a3": "PRK",
        "adm0_label": 2,
        "admin": "North Korea",
        "geonunit": "North Korea",
        "gu_a3": "PRK",
        "gn_id": 1871856,
        "gn_name": "P'yongyang-si",
        "gns_id": -183462,
        "gns_name": "P'yongyang-si",
        "gn_level": 1,
        "gn_region": null,
        "gn_a1_code": "KP.12",
        "region_sub": null,
        "sub_code": null,
        "gns_level": 1,
        "gns_lang": "kor",
        "gns_adm1": "KN12",
        "gns_region": null,
        "min_label": 8,
        "max_label": 11,
        "min_zoom": 8,
        "wikidataid": "Q18808",
        "name_ar": "بيونغيانغ",
        "name_bn": "পিয়ং ইয়াং",
        "name_de": "Pjöngjang",
        "name_en": "Pyongyang",
        "name_es": "Pionyang",
        "name_fr": "Pyongyang",
        "name_el": "Πιονγιάνγκ",
        "name_hi": "प्योंगयांग",
        "name_hu": "Phenjan",
        "name_id": "Pyongyang",
        "name_it": "Pyongyang",
        "name_ja": "平壌",
        "name_ko": "평양직할시",
        "name_nl": "Pyongyang",
        "name_pl": "Pjongjang",
        "name_pt": "Pyongyang",
        "name_ru": "Пхеньян",
        "name_sv": "Pyongyang",
        "name_tr": "Pyongyang",
        "name_vi": "Bình Nhưỡng",
        "name_zh": "平壤",
        "ne_id": 1159315275,
        "name_he": "פיונגיאנג",
        "name_uk": "Пхеньян",
        "name_ur": "پیانگ یانگ",
        "name_fa": "پیونگیانگ",
        "name_zht": "平壤",
        "FCLASS_ISO": null,
        "FCLASS_US": null,
        "FCLASS_FR": null,
        "FCLASS_RU": null,
        "FCLASS_ES": null,
        "FCLASS_CN": null,
        "FCLASS_TW": null,
        "FCLASS_IN": null,
        "FCLASS_NP": null,
        "FCLASS_PK": null,
        "FCLASS_DE": null,
        "FCLASS_GB": null,
        "FCLASS_BR": null,
        "FCLASS_IL": null,
        "FCLASS_PS": null,
        "FCLASS_SA": null,
        "FCLASS_EG": null,
        "FCLASS_MA": null,
        "FCLASS_PT": null,
        "FCLASS_AR": null,
        "FCLASS_JP": null,
        "FCLASS_KO": null,
        "FCLASS_VN": null,
        "FCLASS_TR": null,
        "FCLASS_ID": null,
        "FCLASS_PL": null,
        "FCLASS_GR": null,
        "FCLASS_IT": null,
        "FCLASS_NL": null,
        "FCLASS_SE": null,
        "FCLASS_BD": null,
        "FCLASS_UA": null,
        "FCLASS_TLC": null
      },
      "bbox": [
        125.522189,
        38.704692,
        126.387252,
        39.283184
      ],
      "geometry": {
        "type": "Polygon",
        "coordinates": [
          [
            [
              125.721866,
              39.283184
            ],
            [
              125.728068,
              39.280858
            ],
            [
              125.736956,
              39.276337
            ],
            [
              125.767859,
              39.25502
            ],
            [
              125.769099,
              39.25378
            ],
            [
              125.77313,
              39.247992
            ],
            [
              125.774163,
              39.246571
            ],
            [
              125.781604,
              39.236391
            ],
            [
              125.785222,
              39.232463
            ],
            [
              125.788322,
              39.229957
            ],
            [
              125.791836,
              39.228278
            ],
            [
              125.797934,
              39.226236
            ],
            [
              125.82832,
              39.219544
            ],
            [
              125.831421,
              39.217787
            ],
            [
              125.834831,
              39.215049
            ],
            [
              125.840619,
              39.208899
            ],
            [
              125.843203,
              39.20554
            ],
            [
              125.84496,
              39.202801
            ],
            [
              125.84806,
              39.196083
            ],
            [
              125.853435,
              39.181149
            ],
            [
              125.855605,
              39.17071
            ],
            [
              125.856845,
              39.167093
            ],
            [
              125.859326,
              39.162235
            ],
            [
              125.861393,
              39.160892
            ],
            [
              125.864493,
              39.160246
            ],
            [
              125.870385,
              39.160737
            ],
            [
              125.872968,
              39.162132
            ],
            [
              125.874415,
              39.163992
            ],
            [
              125.874725,
              39.165956
            ],
            [
              125.874519,
              39.172467
            ],
            [
              125.871315,
              39.187815
            ],
            [
              125.870798,
              39.191949
            ],
            [
              125.871005,
              39.196238
            ],
            [
              125.871418,
              39.198254
            ],
            [
              125.873899,
              39.205695
            ],
            [
              125.877206,
              39.212361
            ],
            [
              125.879376,
              39.215204
            ],
            [
              125.885681,
              39.221663
            ],
            [
              125.892915,
              39.227141
            ],
            [
              125.89674,
              39.229311
            ],
            [
              125.90077,
              39.230655
            ],
            [
              125.919581,
              39.234117
            ],
            [
              125.924645,
              39.234376
            ],
            [
              125.929812,
              39.233755
            ],
            [
              125.936634,
              39.231792
            ],
            [
              125.944282,
              39.228872
            ],
            [
              125.95286,
              39.221973
            ],
            [
              125.968466,
              39.20722
            ],
            [
              125.972807,
              39.204429
            ],
            [
              126.012185,
              39.210217
            ],
            [
              126.023347,
              39.214118
            ],
            [
              126.027067,
              39.217012
            ],
            [
              126.029755,
              39.218459
            ],
            [
              126.031408,
              39.220268
            ],
            [
              126.032545,
              39.221973
            ],
            [
              126.034095,
              39.225849
            ],
            [
              126.036266,
              39.229673
            ],
            [
              126.038126,
              39.231456
            ],
            [
              126.040297,
              39.232929
            ],
            [
              126.042777,
              39.233549
            ],
            [
              126.045361,
              39.233678
            ],
            [
              126.053319,
              39.23267
            ],
            [
              126.059107,
              39.231197
            ],
            [
              126.063758,
              39.227813
            ],
            [
              126.069339,
              39.222309
            ],
            [
              126.079261,
              39.209261
            ],
            [
              126.082981,
              39.202801
            ],
            [
              126.085152,
              39.197918
            ],
            [
              126.085875,
              39.192983
            ],
            [
              126.086805,
              39.190657
            ],
            [
              126.088046,
              39.18859
            ],
            [
              126.089803,
              39.186549
            ],
            [
              126.092593,
              39.184534
            ],
            [
              126.096624,
              39.182906
            ],
            [
              126.104686,
              39.181898
            ],
            [
              126.138068,
              39.183319
            ],
            [
              126.143133,
              39.180632
            ],
            [
              126.164734,
              39.163475
            ],
            [
              126.176412,
              39.156137
            ],
            [
              126.178583,
              39.155879
            ],
            [
              126.184681,
              39.155827
            ],
            [
              126.214756,
              39.158721
            ],
            [
              126.224265,
              39.158463
            ],
            [
              126.229949,
              39.157326
            ],
            [
              126.233153,
              39.154174
            ],
            [
              126.23677,
              39.148877
            ],
            [
              126.241731,
              39.135777
            ],
            [
              126.242662,
              39.129214
            ],
            [
              126.242352,
              39.123478
            ],
            [
              126.240388,
              39.118388
            ],
            [
              126.239458,
              39.113814
            ],
            [
              126.239974,
              39.107794
            ],
            [
              126.240801,
              39.104513
            ],
            [
              126.242041,
              39.101257
            ],
            [
              126.244935,
              39.095159
            ],
            [
              126.256097,
              39.083584
            ],
            [
              126.281005,
              39.063947
            ],
            [
              126.287517,
              39.060484
            ],
            [
              126.330305,
              39.054387
            ],
            [
              126.337023,
              39.052526
            ],
            [
              126.339917,
              39.050873
            ],
            [
              126.344257,
              39.045085
            ],
            [
              126.369889,
              39.001082
            ],
            [
              126.370509,
              39.000333
            ],
            [
              126.375883,
              38.992995
            ],
            [
              126.382188,
              38.982091
            ],
            [
              126.384772,
              38.970206
            ],
            [
              126.387252,
              38.930518
            ],
            [
              126.378364,
              38.934239
            ],
            [
              126.373403,
              38.935789
            ],
            [
              126.367408,
              38.938321
            ],
            [
              126.360897,
              38.941835
            ],
            [
              126.329271,
              38.953049
            ],
            [
              126.322553,
              38.954677
            ],
            [
              126.302503,
              38.957622
            ],
            [
              126.295888,
              38.957493
            ],
            [
              126.288654,
              38.954522
            ],
            [
              126.270153,
              38.959224
            ],
            [
              126.257648,
              38.964986
            ],
            [
              126.254134,
              38.968526
            ],
            [
              126.242662,
              38.976329
            ],
            [
              126.236254,
              38.983176
            ],
            [
              126.231189,
              38.984675
            ],
            [
              126.20008,
              38.988396
            ],
            [
              126.194809,
              38.989998
            ],
            [
              126.186748,
              38.989429
            ],
            [
              126.181993,
              38.984003
            ],
            [
              126.173208,
              38.980696
            ],
            [
              126.16618,
              38.974314
            ],
            [
              126.155122,
              38.969637
            ],
            [
              126.146853,
              38.970438
            ],
            [
              126.140032,
              38.975632
            ],
            [
              126.134554,
              38.974004
            ],
            [
              126.125976,
              38.966511
            ],
            [
              126.121429,
              38.960335
            ],
            [
              126.119258,
              38.954367
            ],
            [
              126.118018,
              38.949251
            ],
            [
              126.115124,
              38.928761
            ],
            [
              126.115434,
              38.923542
            ],
            [
              126.116468,
              38.918529
            ],
            [
              126.118328,
              38.913413
            ],
            [
              126.121222,
              38.908504
            ],
            [
              126.125149,
              38.903801
            ],
            [
              126.13042,
              38.899435
            ],
            [
              126.142409,
              38.893053
            ],
            [
              126.166491,
              38.883027
            ],
            [
              126.171865,
              38.879694
            ],
            [
              126.175276,
              38.876878
            ],
            [
              126.211242,
              38.83564
            ],
            [
              126.21424,
              38.830783
            ],
            [
              126.21641,
              38.825925
            ],
            [
              126.21765,
              38.821171
            ],
            [
              126.21858,
              38.816081
            ],
            [
              126.2192,
              38.783369
            ],
            [
              126.218167,
              38.778279
            ],
            [
              126.215583,
              38.77337
            ],
            [
              126.211966,
              38.768719
            ],
            [
              126.206281,
              38.76474
            ],
            [
              126.20039,
              38.762156
            ],
            [
              126.161633,
              38.754043
            ],
            [
              126.150884,
              38.750064
            ],
            [
              126.142719,
              38.745232
            ],
            [
              126.137552,
              38.740426
            ],
            [
              126.120188,
              38.720402
            ],
            [
              126.114917,
              38.715854
            ],
            [
              126.107786,
              38.712185
            ],
            [
              126.099518,
              38.709446
            ],
            [
              126.078434,
              38.705777
            ],
            [
              126.063551,
              38.704692
            ],
            [
              126.03792,
              38.709136
            ],
            [
              125.998439,
              38.722779
            ],
            [
              125.981489,
              38.73146
            ],
            [
              125.943042,
              38.745749
            ],
            [
              125.937564,
              38.750684
            ],
            [
              125.935083,
              38.756136
            ],
            [
              125.936324,
              38.772026
            ],
            [
              125.93529,
              38.777091
            ],
            [
              125.932913,
              38.782052
            ],
            [
              125.928676,
              38.786651
            ],
            [
              125.923405,
              38.790837
            ],
            [
              125.91772,
              38.794273
            ],
            [
              125.816848,
              38.835433
            ],
            [
              125.801448,
              38.838431
            ],
            [
              125.735819,
              38.841247
            ],
            [
              125.709154,
              38.838844
            ],
            [
              125.676805,
              38.826235
            ],
            [
              125.604561,
              38.788718
            ],
            [
              125.575105,
              38.780501
            ],
            [
              125.567664,
              38.798485
            ],
            [
              125.561773,
              38.802567
            ],
            [
              125.552471,
              38.807347
            ],
            [
              125.539759,
              38.812386
            ],
            [
              125.532834,
              38.816727
            ],
            [
              125.52777,
              38.822256
            ],
            [
              125.524979,
              38.828716
            ],
            [
              125.522189,
              38.838612
            ],
            [
              125.522189,
              38.84613
            ],
            [
              125.524049,
              38.85259
            ],
            [
              125.527253,
              38.857448
            ],
            [
              125.531594,
              38.861168
            ],
            [
              125.536865,
              38.863985
            ],
            [
              125.567664,
              38.872511
            ],
            [
              125.578206,
              38.877808
            ],
            [
              125.583167,
              38.884164
            ],
            [
              125.588128,
              38.893234
            ],
            [
              125.603941,
              38.938476
            ],
            [
              125.604458,
              38.9446
            ],
            [
              125.604148,
              38.949173
            ],
            [
              125.59743,
              38.966485
            ],
            [
              125.592159,
              38.97589
            ],
            [
              125.585027,
              38.98359
            ],
            [
              125.580066,
              38.998602
            ],
            [
              125.575105,
              39.054076
            ],
            [
              125.575519,
              39.057952
            ],
            [
              125.576966,
              39.062138
            ],
            [
              125.578619,
              39.065161
            ],
            [
              125.582547,
              39.069631
            ],
            [
              125.655204,
              39.115132
            ],
            [
              125.657064,
              39.115907
            ],
            [
              125.660785,
              39.117923
            ],
            [
              125.664816,
              39.120997
            ],
            [
              125.665849,
              39.122729
            ],
            [
              125.666263,
              39.124563
            ],
            [
              125.665849,
              39.126165
            ],
            [
              125.665126,
              39.127457
            ],
            [
              125.664196,
              39.128439
            ],
            [
              125.660578,
              39.130816
            ],
            [
              125.652723,
              39.134123
            ],
            [
              125.637427,
              39.143167
            ],
            [
              125.635774,
              39.144665
            ],
            [
              125.634327,
              39.146784
            ],
            [
              125.633913,
              39.148851
            ],
            [
              125.634017,
              39.15097
            ],
            [
              125.63536,
              39.156835
            ],
            [
              125.636187,
              39.158618
            ],
            [
              125.640218,
              39.174172
            ],
            [
              125.640838,
              39.178358
            ],
            [
              125.640734,
              39.183629
            ],
            [
              125.640218,
              39.186885
            ],
            [
              125.639184,
              39.190476
            ],
            [
              125.629262,
              39.212103
            ],
            [
              125.620994,
              39.223885
            ],
            [
              125.619444,
              39.227296
            ],
            [
              125.619134,
              39.231197
            ],
            [
              125.619651,
              39.235357
            ],
            [
              125.620167,
              39.237114
            ],
            [
              125.620994,
              39.238716
            ],
            [
              125.622028,
              39.240215
            ],
            [
              125.627092,
              39.244918
            ],
            [
              125.630813,
              39.247243
            ],
            [
              125.67205,
              39.258121
            ],
            [
              125.702023,
              39.273701
            ],
            [
              125.709361,
              39.279282
            ],
            [
              125.712875,
              39.281169
            ],
            [
              125.717112,
              39.282383
            ],
            [
              125.721866,
              39.283184
            ]
          ]
        ]
      }
    }
  ]
}
